Date,WL_com,Satellite
2008-07-21,18.8276881,JASON-2/3
2008-07-30,19.05427513,JASON-2/3
2008-08-09,19.26115894,JASON-2/3
2008-08-19,19.1232364,JASON-2/3
2008-08-29,18.20703667,JASON-2/3
2008-09-08,19.66507495,JASON-2/3
2008-09-18,18.54199141,JASON-2/3
2008-09-28,18.49273336,JASON-2/3
2008-10-08,17.71445617,JASON-2/3
2008-10-18,16.3647856,JASON-2/3
2008-10-28,15.3796246,JASON-2/3
2008-11-07,15.60621163,JASON-2/3
2008-11-17,14.56194097,JASON-2/3
2008-11-26,14.13832174,JASON-2/3
2008-12-06,13.87232827,JASON-2/3
2008-12-16,13.55707675,JASON-2/3
2008-12-26,13.42900582,JASON-2/3
2009-01-05,13.13345752,JASON-2/3
2009-01-15,12.86746405,JASON-2/3
2009-01-25,12.76894795,JASON-2/3
2009-02-04,12.78865117,JASON-2/3
2009-02-14,12.79850278,JASON-2/3
2009-03-06,12.76894795,JASON-2/3
2009-03-16,12.94627693,JASON-2/3
2009-03-25,13.07434786,JASON-2/3
2009-04-04,13.2122704,JASON-2/3
2009-04-14,13.66544446,JASON-2/3
2009-04-24,14.07921208,JASON-2/3
2009-05-04,14.74912156,JASON-2/3
2009-05-14,14.82793444,JASON-2/3
2009-05-24,14.62105063,JASON-2/3
2009-06-03,15.94116637,JASON-2/3
2009-06-13,17.23172728,JASON-2/3
2009-06-23,16.02983086,JASON-2/3
2009-07-03,17.70460456,JASON-2/3
2009-07-13,18.31540438,JASON-2/3
2009-07-22,17.75386261,JASON-2/3
2009-08-01,18.64050751,JASON-2/3
2009-08-11,18.3351076,JASON-2/3
2009-08-21,19.33012021,JASON-2/3
2009-08-31,18.46317853,JASON-2/3
2009-09-10,17.52727558,JASON-2/3
2009-09-20,17.21202406,JASON-2/3
2009-09-30,17.61594007,JASON-2/3
2009-10-10,17.80312066,JASON-2/3
2009-10-20,16.9558822,JASON-2/3
2009-10-30,15.40917943,JASON-2/3
2009-11-09,14.77867639,JASON-2/3
2009-11-18,14.26639267,JASON-2/3
2009-11-28,14.57179258,JASON-2/3
2009-12-08,13.76396056,JASON-2/3
2009-12-18,13.5078187,JASON-2/3
2009-12-28,13.36004455,JASON-2/3
2010-01-07,13.13345752,JASON-2/3
2010-01-17,12.99553498,JASON-2/3
2010-01-27,12.86746405,JASON-2/3
2010-02-06,12.57191575,JASON-2/3
2010-02-16,12.41428999,JASON-2/3
2010-02-26,12.45369643,JASON-2/3
2010-03-07,12.43399321,JASON-2/3
2010-03-27,13.04479303,JASON-2/3
2010-04-06,14.44372165,JASON-2/3
2010-04-16,15.45843748,JASON-2/3
2010-04-26,16.35493399,JASON-2/3
2010-05-06,16.39434043,JASON-2/3
2010-05-16,16.50270814,JASON-2/3
2010-05-26,17.82282388,JASON-2/3
2010-06-05,18.18733345,JASON-2/3
2010-06-15,18.18733345,JASON-2/3
2010-06-25,18.22673989,JASON-2/3
2010-07-04,19.04442352,JASON-2/3
2010-07-14,18.93605581,JASON-2/3
2010-07-24,19.21190089,JASON-2/3
2010-08-03,18.38436565,JASON-2/3
2010-08-13,17.91148837,JASON-2/3
2010-08-23,18.69961717,JASON-2/3
2010-09-02,19.06412674,JASON-2/3
2010-09-12,19.19219767,JASON-2/3
2010-09-22,19.0247203,JASON-2/3
2010-10-02,18.14792701,JASON-2/3
2010-10-12,17.14306279,JASON-2/3
2010-10-22,16.80810805,JASON-2/3
2010-10-31,15.86235349,JASON-2/3
2010-11-10,15.21214723,JASON-2/3
2010-11-20,14.55208936,JASON-2/3
2010-11-30,14.34520555,JASON-2/3
2010-12-10,14.08906369,JASON-2/3
2010-12-20,13.69499929,JASON-2/3
2010-12-30,13.52752192,JASON-2/3
2011-01-09,13.19256718,JASON-2/3
2011-01-19,13.08419947,JASON-2/3
2011-01-29,12.86746405,JASON-2/3
2011-02-08,12.88716727,JASON-2/3
2011-02-18,12.63102541,JASON-2/3
2011-02-27,12.74924473,JASON-2/3
2011-03-09,12.70983829,JASON-2/3
2011-03-19,12.96598015,JASON-2/3
2011-03-29,14.33535394,JASON-2/3
2011-04-08,13.85262505,JASON-2/3
2011-04-18,14.11861852,JASON-2/3
2011-04-28,14.61119902,JASON-2/3
2011-05-08,14.99541181,JASON-2/3
2011-05-18,15.23185045,JASON-2/3
2011-05-28,15.49784392,JASON-2/3
2011-06-07,16.44359848,JASON-2/3
2011-06-17,17.50757236,JASON-2/3
2011-06-26,17.06424991,JASON-2/3
2011-07-06,18.01000447,JASON-2/3
2011-07-16,18.87694615,JASON-2/3
2011-07-26,19.16264284,JASON-2/3
2011-08-05,18.87694615,JASON-2/3
2011-08-15,18.67006234,JASON-2/3
2011-08-25,18.84739132,JASON-2/3
2011-09-04,17.48786914,JASON-2/3
2011-09-14,17.97059803,JASON-2/3
2011-09-24,18.12822379,JASON-2/3
2011-10-04,17.76371422,JASON-2/3
2011-10-14,16.11849535,JASON-2/3
2011-10-23,15.22199884,JASON-2/3
2011-11-02,14.81808283,JASON-2/3
2011-11-12,14.38461199,JASON-2/3
2011-11-22,14.18757979,JASON-2/3
2011-12-02,13.91173471,JASON-2/3
2011-12-12,13.77381217,JASON-2/3
2011-12-22,13.44870904,JASON-2/3
2012-01-01,13.25167684,JASON-2/3
2012-01-11,13.00538659,JASON-2/3
2012-01-21,13.07434786,JASON-2/3
2012-01-31,12.86746405,JASON-2/3
2012-02-10,12.79850278,JASON-2/3
2012-02-19,12.65072863,JASON-2/3
2012-02-29,12.56206414,JASON-2/3
2012-03-10,12.63102541,JASON-2/3
2012-03-20,13.0152382,JASON-2/3
2012-03-30,12.96598015,JASON-2/3
2012-04-09,13.81321861,JASON-2/3
2012-04-19,14.02995403,JASON-2/3
2012-04-29,15.21214723,JASON-2/3
2012-05-09,16.05938569,JASON-2/3
2012-05-19,15.23185045,JASON-2/3
2012-05-29,15.95101798,JASON-2/3
2012-06-07,17.21202406,JASON-2/3
2012-06-17,18.21688828,JASON-2/3
2012-06-27,18.9262042,JASON-2/3
2012-07-07,18.35481082,JASON-2/3
2012-07-17,18.93605581,JASON-2/3
2012-07-27,18.73902361,JASON-2/3
2012-08-06,18.77843005,JASON-2/3
2012-08-16,17.83267549,JASON-2/3
2012-08-26,18.27599794,JASON-2/3
2012-09-05,18.34495921,JASON-2/3
2012-09-15,18.5321398,JASON-2/3
2012-09-25,19.33997182,JASON-2/3
2012-10-04,18.81783649,JASON-2/3
2012-10-14,17.73415939,JASON-2/3
2012-10-24,16.48300492,JASON-2/3
2012-11-03,15.72443095,JASON-2/3
2012-11-13,14.89689571,JASON-2/3
2012-11-23,14.84763766,JASON-2/3
2012-12-03,14.36490877,JASON-2/3
2012-12-13,13.97084437,JASON-2/3
2012-12-23,13.72455412,JASON-2/3
2013-01-02,13.44870904,JASON-2/3
2013-01-12,13.07434786,JASON-2/3
2013-01-22,13.37974777,JASON-2/3
2013-01-31,13.17286396,JASON-2/3
2013-02-10,12.90687049,JASON-2/3
2013-02-20,12.75909634,JASON-2/3
2013-03-02,12.70983829,JASON-2/3
2013-03-12,12.57191575,JASON-2/3
2013-03-22,12.56206414,JASON-2/3
2013-04-11,13.43885743,JASON-2/3
2013-04-21,14.34520555,JASON-2/3
2013-05-01,14.32550233,JASON-2/3
2013-05-11,15.93131476,JASON-2/3
2013-05-21,15.773689,JASON-2/3
2013-05-30,17.5469788,JASON-2/3
2013-06-09,16.65048229,JASON-2/3
2013-06-19,16.33523077,JASON-2/3
2013-06-29,17.19232084,JASON-2/3
2013-07-09,18.60110107,JASON-2/3
2013-07-19,18.35481082,JASON-2/3
2013-07-29,18.49273336,JASON-2/3
2013-08-08,18.29570116,JASON-2/3
2013-08-18,18.11837218,JASON-2/3
2013-08-28,17.93119159,JASON-2/3
2013-09-17,18.28584955,JASON-2/3
2013-09-26,16.63077907,JASON-2/3
2013-10-06,17.21202406,JASON-2/3
2013-10-16,17.19232084,JASON-2/3
2013-10-26,15.72443095,JASON-2/3
2013-11-05,15.3796246,JASON-2/3
2013-11-15,14.96585698,JASON-2/3
2013-11-25,14.27624428,JASON-2/3
2013-12-05,13.89203149,JASON-2/3
2013-12-15,13.69499929,JASON-2/3
2013-12-25,13.39945099,JASON-2/3
2014-01-04,13.27138006,JASON-2/3
2014-01-14,12.97583176,JASON-2/3
2014-01-23,13.07434786,JASON-2/3
2014-02-02,12.90687049,JASON-2/3
2014-02-12,12.59161897,JASON-2/3
2014-02-22,12.6211738,JASON-2/3
2014-03-04,12.65072863,JASON-2/3
2014-03-14,12.79850278,JASON-2/3
2014-04-03,12.85761244,JASON-2/3
2014-04-13,13.4093026,JASON-2/3
2014-04-23,13.46841226,JASON-2/3
2014-05-03,13.44870904,JASON-2/3
2014-05-13,15.02496664,JASON-2/3
2014-05-22,16.48300492,JASON-2/3
2014-06-01,17.55683041,JASON-2/3
2014-06-11,16.67018551,JASON-2/3
2014-06-21,16.83766288,JASON-2/3
2014-07-01,18.05926252,JASON-2/3
2014-07-11,18.17748184,JASON-2/3
2014-07-21,18.20703667,JASON-2/3
2014-07-31,18.3351076,JASON-2/3
2014-08-10,18.18733345,JASON-2/3
2014-08-20,19.66507495,JASON-2/3
2014-09-08,18.56169463,JASON-2/3
2014-09-18,18.01985608,JASON-2/3
2014-09-28,18.87694615,JASON-2/3
2014-10-08,17.33024338,JASON-2/3
2014-10-18,15.93131476,JASON-2/3
2014-10-28,15.20229562,JASON-2/3
2014-11-07,14.65060546,JASON-2/3
2014-11-17,14.25654106,JASON-2/3
2014-11-27,14.06936047,JASON-2/3
2014-12-07,13.9018831,JASON-2/3
2014-12-17,13.96099276,JASON-2/3
2014-12-27,13.29108328,JASON-2/3
2015-01-05,13.16301235,JASON-2/3
2015-01-15,12.9167221,JASON-2/3
2015-01-25,12.73939312,JASON-2/3
2015-02-04,12.46354804,JASON-2/3
2015-02-14,12.23696101,JASON-2/3
2015-02-24,12.18770296,JASON-2/3
2015-03-06,12.18770296,JASON-2/3
2015-03-16,12.78865117,JASON-2/3
2015-03-26,12.75909634,JASON-2/3
2015-04-05,13.03494142,JASON-2/3
2015-04-15,14.36490877,JASON-2/3
2015-04-25,15.16288918,JASON-2/3
2015-05-04,14.81808283,JASON-2/3
2015-05-14,14.64075385,JASON-2/3
2015-05-24,16.23671467,JASON-2/3
2015-06-03,17.29083694,JASON-2/3
2015-06-13,18.94590742,JASON-2/3
2015-06-23,18.34495921,JASON-2/3
2015-07-03,18.32525599,JASON-2/3
2015-07-13,18.20703667,JASON-2/3
2015-07-23,17.97059803,JASON-2/3
2015-08-02,17.90163676,JASON-2/3
2015-08-12,17.30068855,JASON-2/3
2015-08-22,18.86709454,JASON-2/3
2015-08-31,19.11338479,JASON-2/3
2015-09-10,19.18234606,JASON-2/3
2015-09-20,18.50258497,JASON-2/3
2015-09-30,18.37451404,JASON-2/3
2015-10-10,16.55196619,JASON-2/3
2015-10-20,15.72443095,JASON-2/3
2015-10-30,15.29096011,JASON-2/3
2015-11-09,14.54223775,JASON-2/3
2015-11-19,14.13832174,JASON-2/3
2015-11-29,13.85262505,JASON-2/3
2015-12-09,13.66544446,JASON-2/3
2015-12-19,13.36004455,JASON-2/3
2015-12-28,13.00538659,JASON-2/3
2016-01-01,14.08236468,Sentinel-2
2016-01-07,12.75909634,JASON-2/3
2016-01-17,12.70983829,JASON-2/3
2016-01-27,12.38473516,JASON-2/3
2016-02-06,12.17785135,JASON-2/3
2016-02-16,12.35518033,JASON-2/3
2016-02-17,13.43128002,Sentinel-1
2016-02-26,12.41428999,JASON-2/3
2016-03-07,12.73939312,JASON-2/3
2016-03-12,14.23615116,Sentinel-1
2016-03-17,12.4241416,JASON-2/3
2016-03-27,13.14330913,JASON-2/3
2016-04-05,14.19780892,Sentinel-1
2016-04-16,14.788528,JASON-2/3
2016-04-19,15.9229593,Sentinel-1
2016-04-25,15.41903104,JASON-2/3
2016-04-29,15.70275573,Sentinel-1
2016-05-05,16.2662695,JASON-2/3
2016-05-13,14.9456581,Sentinel-1
2016-05-15,15.46828909,JASON-2/3
2016-05-23,15.39009515,Sentinel-1
2016-05-25,17.20217245,JASON-2/3
2016-06-04,16.48300492,JASON-2/3
2016-06-14,16.31552755,JASON-2/3
2016-06-20,16.92026956,Sentinel-3A
2016-06-24,18.38436565,JASON-2/3
2016-06-30,17.90565355,Sentinel-1
2016-07-04,18.37451404,JASON-2/3
2016-07-14,18.75872683,JASON-2/3
2016-07-17,18.58829256,Sentinel-3A
2016-07-24,19.34982343,JASON-2/3
2016-08-03,19.37937826,JASON-2/3
2016-08-13,18.54199141,JASON-2/3
2016-08-17,18.61478509,Sentinel-1
2016-08-22,18.02970769,JASON-2/3
2016-08-27,17.77140017,Sentinel-1
2016-09-01,18.3351076,JASON-2/3
2016-09-09,17.52075784,Sentinel-3A
2016-09-10,18.28573692,Sentinel-1
2016-09-11,18.34495921,JASON-2/3
2016-09-21,17.58638524,JASON-2/3
2016-10-01,18.52228819,JASON-2/3
2016-10-04,18.30446692,Sentinel-1
2016-10-06,17.61607344,Sentinel-3A
2016-10-11,17.39920465,JASON-2/3
2016-10-14,17.87903352,Sentinel-1
2016-10-17,18.03313374,Sentinel-2
2016-10-21,17.85237871,JASON-2/3
2016-10-28,16.99839663,Sentinel-1
2016-10-31,15.86235349,JASON-2/3
2016-11-02,15.45240932,Sentinel-3A
2016-11-10,15.29096011,JASON-2/3
2016-11-20,14.47327648,JASON-2/3
2016-11-23,13.55318616,Sentinel-2
2016-11-29,13.97501752,Sentinel-3A
2016-11-30,13.95114115,JASON-2/3
2016-12-09,13.53737353,JASON-2/3
2016-12-13,13.32312987,Sentinel-2
2016-12-19,13.42900582,JASON-2/3
2016-12-25,13.34721605,Sentinel-1
2016-12-26,13.53656576,Sentinel-3A
2016-12-29,13.33048972,JASON-2/3
2017-01-02,13.33599682,Sentinel-2
2017-01-08,12.92657371,JASON-2/3
2017-01-15,12.56599869,Sentinel-2
2017-01-18,12.39458677,JASON-2/3
2017-01-22,12.07823708,Sentinel-3A
2017-01-25,12.51624408,Sentinel-2
2017-01-28,12.40443838,JASON-2/3
2017-02-07,13.14330913,JASON-2/3
2017-02-11,13.12786867,Sentinel-2
2017-02-17,11.92170949,JASON-2/3
2017-02-18,12.30699452,Sentinel-3A
2017-02-23,14.04096269,Sentinel-1
2017-02-24,12.31840282,Sentinel-2
2017-02-27,11.96111593,JASON-2/3
2017-03-07,13.8944194,Sentinel-1
2017-03-09,12.39458677,JASON-2/3
2017-03-16,12.37763269,Sentinel-2
2017-03-17,12.70732004,Sentinel-3A
2017-03-19,12.61132219,JASON-2/3
2017-03-29,12.69013507,JASON-2/3
2017-04-07,12.89701888,JASON-2/3
2017-04-12,14.26552715,Sentinel-2
2017-04-13,14.36581148,Sentinel-3A
2017-04-17,14.34520555,JASON-2/3
2017-04-24,15.00366444,Sentinel-1
2017-04-26,14.81398744,Sentinel-1
2017-04-27,14.07921208,JASON-2/3
2017-05-02,14.49740115,Sentinel-2
2017-05-06,14.79389549,Sentinel-1
2017-05-07,15.83279866,JASON-2/3
2017-05-08,14.62279982,Sentinel-1
2017-05-10,15.73835612,Sentinel-3A
2017-05-17,15.84265027,JASON-2/3
2017-05-18,14.67138249,Sentinel-1
2017-05-20,14.63673569,Sentinel-1
2017-05-27,15.84265027,JASON-2/3
2017-05-30,14.80730026,Sentinel-1
2017-06-01,16.75444134,Sentinel-1
2017-06-06,17.4484627,JASON-2/3
2017-06-11,17.15812028,Sentinel-1
2017-06-16,17.40905626,JASON-2/3
2017-06-23,17.59240131,Sentinel-1
2017-06-26,17.88193354,JASON-2/3
2017-07-03,18.09265144,Sentinel-3A
2017-07-05,18.50091671,Sentinel-1
2017-07-06,18.88679776,JASON-2/3
2017-07-16,19.50744919,JASON-2/3
2017-07-17,19.31298727,Sentinel-1
2017-07-26,18.57154624,JASON-2/3
2017-07-29,18.10820936,Sentinel-1
2017-07-30,18.1974986,Sentinel-3A
2017-07-31,18.42795084,Sentinel-1
2017-08-04,18.42377209,JASON-2/3
2017-08-10,18.53709218,Sentinel-1
2017-08-12,20.2037992,Sentinel-1
2017-08-22,20.27854878,Sentinel-1
2017-08-24,19.07397835,JASON-2/3
2017-08-26,18.55016632,Sentinel-3A
2017-09-03,18.29570116,JASON-2/3
2017-09-05,19.14520576,Sentinel-1
2017-09-13,19.01486869,JASON-2/3
2017-09-15,18.56708447,Sentinel-1
2017-09-17,18.7383583,Sentinel-1
2017-09-22,18.23562484,Sentinel-3A
2017-09-23,17.69475295,JASON-2/3
2017-09-27,18.2418182,Sentinel-1
2017-09-29,18.07597738,Sentinel-1
2017-10-03,18.19718506,JASON-2/3
2017-10-09,18.44627,Sentinel-1
2017-10-11,17.97827903,Sentinel-1
2017-10-13,18.14792701,JASON-2/3
2017-10-19,17.85436244,Sentinel-3A
2017-10-21,18.35414671,Sentinel-1
2017-10-23,18.14792701,JASON-2/3
2017-11-02,16.6603339,JASON-2/3
2017-11-03,13.82194825,Sentinel-2
2017-11-06,13.75560916,Sentinel-2
2017-11-12,15.39932782,JASON-2/3
2017-11-14,13.53307573,Sentinel-1
2017-11-15,15.0997416,Sentinel-3A
2017-11-22,14.08906369,JASON-2/3
2017-11-26,13.27525824,Sentinel-1
2017-12-01,13.95114115,JASON-2/3
2017-12-08,13.13339235,Sentinel-1
2017-12-11,13.76396056,JASON-2/3
2017-12-12,13.17436648,Sentinel-3A
2017-12-20,13.22380164,Sentinel-1
2017-12-21,13.84277344,JASON-2/3
2017-12-31,13.54722514,JASON-2/3
2018-01-01,13.41048991,Sentinel-1
2018-01-08,13.55562888,Sentinel-3A
2018-01-10,13.13345752,JASON-2/3
2018-01-13,13.05580718,Sentinel-1
2018-01-20,12.86746405,JASON-2/3
2018-01-25,12.40347457,Sentinel-2
2018-01-30,12.40443838,JASON-2/3
2018-02-04,12.6691938,Sentinel-3A
2018-02-06,13.20892957,Sentinel-1
2018-02-09,12.25666423,JASON-2/3
2018-02-16,13.38178714,Sentinel-2
2018-02-18,13.31864677,Sentinel-1
2018-02-19,12.06948364,JASON-2/3
2018-03-01,12.00052237,JASON-2/3
2018-03-02,12.47939769,Sentinel-1
2018-03-03,13.94260783,Sentinel-2
2018-03-08,13.93049807,Sentinel-2
2018-03-11,12.07933525,JASON-2/3
2018-03-14,12.72059892,Sentinel-1
2018-03-18,13.91828527,Sentinel-2
2018-03-21,12.77879956,JASON-2/3
2018-03-26,12.87327685,Sentinel-1
2018-03-30,12.89795124,Sentinel-3A
2018-04-07,13.47638901,Sentinel-1
2018-04-09,12.80835439,JASON-2/3
2018-04-19,13.66544446,JASON-2/3
2018-04-21,14.72625413,Sentinel-1
2018-04-26,13.63188136,Sentinel-3A
2018-04-29,14.56194097,JASON-2/3
2018-05-01,15.04826701,Sentinel-1
2018-05-03,14.4301617,Sentinel-1
2018-05-09,14.0003992,JASON-2/3
2018-05-13,14.78044994,Sentinel-1
2018-05-15,14.60181229,Sentinel-1
2018-05-19,15.14318596,JASON-2/3
2018-05-23,14.36581148,Sentinel-3A
2018-05-25,14.5524448,Sentinel-1
2018-05-27,14.53823634,Sentinel-1
2018-05-29,15.75398578,JASON-2/3
2018-06-06,16.68167097,Sentinel-1
2018-06-08,16.01012764,JASON-2/3
2018-06-18,16.59137263,JASON-2/3
2018-06-19,16.97745892,Sentinel-3A
2018-06-28,17.31054016,JASON-2/3
2018-06-30,17.53625942,Sentinel-1
2018-07-08,18.73902361,JASON-2/3
2018-07-12,18.74418471,Sentinel-1
2018-07-14,18.19759407,Sentinel-1
2018-07-16,18.16890392,Sentinel-3A
2018-07-18,18.32525599,JASON-2/3
2018-07-24,18.11463604,Sentinel-1
2018-07-26,17.95855549,Sentinel-1
2018-07-27,18.29570116,JASON-2/3
2018-08-05,19.01794121,Sentinel-1
2018-08-06,18.86709454,JASON-2/3
2018-08-07,19.15615818,Sentinel-1
2018-08-12,18.35953512,Sentinel-3A
2018-08-16,18.59124946,JASON-2/3
2018-08-17,18.16581568,Sentinel-1
2018-08-19,18.29198637,Sentinel-1
2018-08-26,18.04941091,JASON-2/3
2018-08-29,18.36032962,Sentinel-1
2018-09-05,18.73902361,JASON-2/3
2018-09-08,18.35953512,Sentinel-3A
2018-09-10,17.96513695,Sentinel-1
2018-09-12,19.16162766,Sentinel-1
2018-09-15,19.25130733,JASON-2/3
2018-09-22,19.07911072,Sentinel-1
2018-09-24,18.02406064,Sentinel-1
2018-09-25,18.32525599,JASON-2/3
2018-10-02,17.04814924,Sentinel-2
2018-10-04,17.02915274,Sentinel-1
2018-10-05,17.65534651,JASON-2/3
2018-10-06,17.05211563,Sentinel-1
2018-10-15,16.19730823,JASON-2/3
2018-10-16,16.55832415,Sentinel-1
2018-10-25,15.48799231,JASON-2/3
2018-10-28,17.0061006,Sentinel-1
2018-11-01,16.0528976,Sentinel-3A
2018-11-04,14.97570859,JASON-2/3
2018-11-09,13.28253493,Sentinel-1
2018-11-14,14.51268292,JASON-2/3
2018-11-18,13.32312987,Sentinel-2
2018-11-21,13.05580718,Sentinel-1
2018-11-23,14.22698623,JASON-2/3
2018-11-28,14.08939624,Sentinel-3A
2018-12-03,13.85262505,JASON-2/3
2018-12-12,13.4904303,Sentinel-3B
2018-12-13,13.32063811,JASON-2/3
2018-12-15,12.99217917,Sentinel-1
2018-12-23,13.14330913,JASON-2/3
2018-12-25,12.44043636,Sentinel-3A
2018-12-27,14.34638109,Sentinel-1
2018-12-28,13.1538855,Sentinel-2
2018-12-31,12.44502588,Sentinel-2
2019-01-02,13.05464464,JASON-2/3
2019-01-07,13.02207722,Sentinel-2
2019-01-08,12.70722915,Sentinel-3B
2019-01-12,12.69998668,JASON-2/3
2019-01-17,13.01617385,Sentinel-2
2019-01-20,13.16384631,Sentinel-1
2019-01-21,12.55481508,Sentinel-3A
2019-01-22,12.7196899,JASON-2/3
2019-01-30,12.59542283,Sentinel-2
2019-02-01,12.51280609,JASON-2/3
2019-02-04,12.45583125,Sentinel-3B
2019-02-11,12.48325126,JASON-2/3
2019-02-13,12.84354946,Sentinel-1
2019-02-21,12.44384482,JASON-2/3
2019-02-24,12.25278264,Sentinel-2
2019-02-25,14.35657056,Sentinel-1
2019-03-01,12.0840146,Sentinel-2
2019-03-03,11.9433663,Sentinel-3B
2019-03-08,13.45882393,Sentinel-2
2019-03-09,13.99261986,Sentinel-1
2019-03-12,12.75909634,JASON-2/3
2019-03-16,12.42137324,Sentinel-3A
2019-03-21,12.9052173,Sentinel-1
2019-03-22,12.69998668,JASON-2/3
2019-03-23,13.45882393,Sentinel-2
2019-03-30,12.3688089,Sentinel-3B
2019-04-01,12.89701888,JASON-2/3
2019-04-02,14.66447496,Sentinel-1
2019-04-12,12.6691938,Sentinel-3A
2019-04-16,13.90269184,Sentinel-1
2019-04-17,13.71426612,Sentinel-2
2019-04-20,12.72052262,Sentinel-2
2019-04-21,13.16301235,JASON-2/3
2019-04-22,13.71426612,Sentinel-2
2019-04-26,12.99948373,Sentinel-1
2019-04-28,14.62279982,Sentinel-1
2019-05-01,13.85262505,JASON-2/3
2019-05-08,14.78717783,Sentinel-1
2019-05-09,15.82414016,Sentinel-3A
2019-05-10,15.0546028,Sentinel-1
2019-05-11,16.01012764,JASON-2/3
2019-05-20,15.17948478,Sentinel-1
2019-05-21,16.44359848,JASON-2/3
2019-05-23,18.2476521,Sentinel-3B
2019-05-31,16.29582433,JASON-2/3
2019-06-01,16.86586914,Sentinel-1
2019-06-03,16.73028528,Sentinel-1
2019-06-05,16.36743908,Sentinel-3A
2019-06-10,15.93131476,JASON-2/3
2019-06-13,16.27727894,Sentinel-1
2019-06-15,16.87374788,Sentinel-1
2019-06-20,17.31054016,JASON-2/3
2019-06-25,16.90515777,Sentinel-1
2019-06-27,17.13556302,Sentinel-1
2019-06-30,17.98044964,JASON-2/3
2019-07-02,17.9592096,Sentinel-3A
2019-07-09,18.06911413,JASON-2/3
2019-07-16,18.3443436,Sentinel-3B
2019-07-21,20.13773627,Sentinel-1
2019-07-25,19.75777419,Sentinel-1
2019-07-29,19.08382996,JASON-2/3
2019-07-31,19.17800928,Sentinel-1
2019-08-02,18.98994936,Sentinel-1
2019-08-08,18.69961717,JASON-2/3
2019-08-12,18.3443436,Sentinel-3B
2019-08-18,18.32525599,JASON-2/3
2019-08-24,18.10820936,Sentinel-1
2019-08-25,17.863894,Sentinel-3A
2019-08-26,17.52920534,Sentinel-1
2019-08-28,17.41890787,JASON-2/3
2019-09-05,17.11292017,Sentinel-1
2019-09-07,18.39421726,JASON-2/3
2019-09-17,18.48288175,JASON-2/3
2019-09-19,17.83888913,Sentinel-1
2019-09-21,18.16890392,Sentinel-3A
2019-09-27,18.76857844,JASON-2/3
2019-09-29,18.02406064,Sentinel-1
2019-10-01,18.11463604,Sentinel-1
2019-10-05,18.49905,Sentinel-3B
2019-10-07,18.0395593,JASON-2/3
2019-10-11,17.16562049,Sentinel-1
2019-10-13,17.15061064,Sentinel-1
2019-10-17,17.07410152,JASON-2/3
2019-10-18,17.21574792,Sentinel-3A
2019-10-23,15.97237294,Sentinel-1
2019-10-27,15.95101798,JASON-2/3
2019-11-04,13.98984308,Sentinel-1
2019-11-05,15.5766568,JASON-2/3
2019-11-14,14.4801902,Sentinel-3A
2019-11-15,14.93630215,JASON-2/3
2019-11-16,13.99556549,Sentinel-1
2019-11-25,14.51268292,JASON-2/3
2019-11-28,14.40899955,Sentinel-3B
2019-12-05,14.18757979,JASON-2/3
2019-12-10,13.66993745,Sentinel-1
2019-12-11,13.80344944,Sentinel-3A
2019-12-15,13.91173471,JASON-2/3
2019-12-22,13.55301905,Sentinel-1
2019-12-25,13.38959938,JASON-2/3
2020-01-03,13.30425593,Sentinel-1
2020-01-04,13.29108328,JASON-2/3
2020-01-07,13.06951932,Sentinel-3A
2020-01-14,13.24182523,JASON-2/3
2020-01-15,13.16384631,Sentinel-1
2020-01-24,13.03494142,JASON-2/3
2020-01-27,13.5859617,Sentinel-1
2020-02-03,12.56434664,Sentinel-3A
2020-02-08,13.78856697,Sentinel-1
2020-02-11,13.40985748,Sentinel-2
2020-02-17,12.72656745,Sentinel-3B
2020-02-20,13.14103631,Sentinel-1
2020-02-23,12.84776083,JASON-2/3
2020-02-29,13.17469977,Sentinel-2
2020-03-01,12.34512076,Sentinel-3A
2020-03-03,12.73939312,JASON-2/3
2020-03-13,12.17785135,JASON-2/3
2020-03-15,12.49450785,Sentinel-3B
2020-03-23,12.7196899,JASON-2/3
2020-03-27,13.67114929,Sentinel-2
2020-03-28,12.4785626,Sentinel-3A
2020-04-02,12.83790922,JASON-2/3
2020-04-06,13.64908589,Sentinel-2
2020-04-08,14.95214053,Sentinel-1
2020-04-12,13.42900582,JASON-2/3
2020-04-20,14.02484655,Sentinel-1
2020-04-22,13.46841226,JASON-2/3
2020-04-24,13.50797108,Sentinel-3A
2020-05-02,14.72941834,JASON-2/3
2020-05-04,14.14354072,Sentinel-1
2020-05-08,14.02223355,Sentinel-3B
2020-05-12,14.34520555,JASON-2/3
2020-05-14,13.85280789,Sentinel-1
2020-05-16,14.69890401,Sentinel-1
2020-05-21,18.83611312,Sentinel-3A
2020-05-22,17.51742397,JASON-2/3
2020-05-26,14.89345671,Sentinel-1
2020-05-28,15.61394696,Sentinel-1
2020-06-01,18.01000447,JASON-2/3
2020-06-07,16.73834839,Sentinel-1
2020-06-09,17.26965021,Sentinel-1
2020-06-11,17.92133998,JASON-2/3
2020-06-17,17.45403692,Sentinel-3A
2020-06-19,17.69630307,Sentinel-1
2020-06-21,17.86223032,JASON-2/3
2020-06-30,19.93106842,JASON-2/3
2020-07-01,19.54934264,Sentinel-1
2020-07-03,19.19435092,Sentinel-1
2020-07-10,18.89664937,JASON-2/3
2020-07-13,19.88675108,Sentinel-1
2020-07-14,20.02755812,Sentinel-3A
2020-07-15,20.29711326,Sentinel-1
2020-07-19,19.5751037,Sentinel-1
2020-07-20,19.97047486,JASON-2/3
2020-07-21,19.95521798,Sentinel-1
2020-07-25,20.23192322,Sentinel-1
2020-07-27,20.21787521,Sentinel-1
2020-07-28,19.3499352,Sentinel-3B
2020-07-30,19.56655885,JASON-2/3
2020-08-06,19.99404138,Sentinel-1
2020-08-08,19.24853661,Sentinel-1
2020-08-09,18.8276881,JASON-2/3
2020-08-10,18.55969788,Sentinel-3A
2020-08-18,19.71256045,Sentinel-1
2020-08-19,18.86709454,JASON-2/3
2020-08-20,19.38211962,Sentinel-1
2020-08-24,19.2339054,Sentinel-3B
2020-08-29,18.29570116,JASON-2/3
2020-08-30,18.15944083,Sentinel-1
2020-09-01,18.48275256,Sentinel-1
2020-09-06,18.21656172,Sentinel-3A
2020-09-08,18.17748184,JASON-2/3
2020-09-11,19.13972281,Sentinel-1
2020-09-13,18.56109713,Sentinel-1
2020-09-18,18.88679776,JASON-2/3
2020-09-23,19.84732153,Sentinel-1
2020-09-25,19.99404138,Sentinel-1
2020-09-28,18.93605581,JASON-2/3
2020-10-03,18.98861808,Sentinel-3A
2020-10-05,19.48190436,Sentinel-1
2020-10-07,19.11774576,Sentinel-1
2020-10-08,18.35481082,JASON-2/3
2020-10-16,18.18195831,Sentinel-2
2020-10-17,17.46445095,Sentinel-3B
2020-10-18,17.39920465,JASON-2/3
2020-10-29,16.5416774,Sentinel-1
2020-10-30,17.12996388,Sentinel-3A
2020-11-06,15.35006977,JASON-2/3
2020-11-07,13.38584635,Sentinel-2
2020-11-10,13.86430554,Sentinel-2
2020-11-12,13.34869765,Sentinel-2
2020-11-13,15.2502156,Sentinel-3B
2020-11-15,13.8517194,Sentinel-2
2020-11-16,14.6900119,JASON-2/3
2020-11-22,14.54893238,Sentinel-1
2020-11-26,14.2959475,JASON-2/3
2020-11-30,13.58822992,Sentinel-2
2020-12-04,13.51970487,Sentinel-1
2020-12-06,13.9018831,JASON-2/3
2020-12-10,13.9352112,Sentinel-3B
2020-12-16,13.59648319,JASON-2/3
2020-12-23,13.39359236,Sentinel-3A
2020-12-26,14.32550233,JASON-2/3
2020-12-28,14.18402734,Sentinel-1
2021-01-01,13.06804311,Sentinel-2
2021-01-05,13.29108328,JASON-2/3
2021-01-06,12.93928875,Sentinel-3B
2021-01-09,13.41743638,Sentinel-1
2021-01-15,12.69998668,JASON-2/3
2021-01-19,12.88841968,Sentinel-3A
2021-01-21,13.49277963,Sentinel-1
2021-01-25,12.66058024,JASON-2/3
2021-02-02,12.33980145,Sentinel-3B
2021-02-04,12.31577389,JASON-2/3
2021-02-05,13.17420799,Sentinel-2
2021-02-14,12.44384482,JASON-2/3
2021-02-15,12.44996792,Sentinel-3A
2021-02-23,12.03992881,JASON-2/3
2021-02-26,13.22380164,Sentinel-1
2021-03-01,12.6008685,Sentinel-3B
2021-03-05,12.06948364,JASON-2/3
2021-03-10,13.57604221,Sentinel-1
2021-03-14,12.53575196,Sentinel-3A
2021-03-15,12.16799974,JASON-2/3
2021-03-17,13.19773607,Sentinel-2
2021-03-22,13.26781425,Sentinel-2
2021-03-25,12.35518033,JASON-2/3
2021-03-27,13.14537365,Sentinel-2
2021-03-28,12.5235153,Sentinel-3B
2021-04-03,14.00876422,Sentinel-1
2021-04-04,17.11350796,JASON-2/3
2021-04-06,13.22821171,Sentinel-2
2021-04-10,12.93607748,Sentinel-3A
2021-04-14,12.67043185,JASON-2/3
2021-04-15,15.58584437,Sentinel-1
2021-04-17,15.4427231,Sentinel-1
2021-04-24,13.20241879,JASON-2/3
2021-04-27,15.07355691,Sentinel-1
2021-04-29,15.30701233,Sentinel-1
2021-05-04,13.1137543,JASON-2/3
2021-05-07,13.42218704,Sentinel-3A
2021-05-09,15.34280372,Sentinel-1
2021-05-11,14.46648739,Sentinel-1
2021-05-14,13.7048509,JASON-2/3
2021-05-21,13.48076115,Sentinel-3B
2021-05-23,14.76696332,Sentinel-1
2021-05-24,15.11363113,JASON-2/3
2021-06-02,17.0368169,Sentinel-1
2021-06-03,16.16727632,Sentinel-3A
2021-06-04,17.23270334,Sentinel-1
2021-06-12,17.0543983,JASON-2/3
2021-06-14,17.68255043,Sentinel-1
2021-06-16,17.64803392,Sentinel-1
2021-06-22,17.16276601,JASON-2/3
2021-06-26,17.38638166,Sentinel-1
2021-06-28,16.73028528,Sentinel-1
2021-06-30,18.04499364,Sentinel-3A
2021-07-02,18.29570116,JASON-2/3
2021-07-08,18.19759407,Sentinel-1
2021-07-10,17.81198156,Sentinel-1
2021-07-12,18.17748184,JASON-2/3
2021-07-20,17.89235777,Sentinel-1
2021-07-22,18.15777862,JASON-2/3
2021-07-27,17.42544224,Sentinel-3A
2021-08-01,17.69475295,JASON-2/3
2021-08-03,17.32829788,Sentinel-1
2021-08-10,18.6537564,Sentinel-3B
2021-08-11,17.51742397,JASON-2/3
2021-08-13,17.81198156,Sentinel-1
2021-08-15,17.32099804,Sentinel-1
2021-08-21,19.18234606,JASON-2/3
2021-08-23,18.60735568,Sentinel-3A
2021-08-25,19.1232468,Sentinel-1
2021-08-27,19.51311284,Sentinel-1
2021-08-31,19.50744919,JASON-2/3
2021-09-06,19.6980246,Sentinel-3B
2021-09-08,18.59693849,Sentinel-1
2021-09-10,18.71932039,JASON-2/3
2021-09-18,18.2418182,Sentinel-1
2021-09-19,17.79717308,Sentinel-3A
2021-09-20,17.8425271,JASON-2/3
2021-09-30,16.9558822,JASON-2/3
2021-10-02,17.55034322,Sentinel-1
2021-10-09,16.42389526,JASON-2/3
2021-10-12,16.77849782,Sentinel-1
2021-10-14,17.4582124,Sentinel-1
2021-10-16,15.49053556,Sentinel-3A
2021-10-19,16.30567594,JASON-2/3
2021-10-24,15.9539098,Sentinel-1
2021-10-29,16.10864374,JASON-2/3
2021-11-05,13.29135481,Sentinel-2
2021-11-07,12.94871768,Sentinel-2
2021-11-08,14.64075385,JASON-2/3
2021-11-12,14.3372168,Sentinel-3A
2021-11-17,12.80495767,Sentinel-2
2021-11-18,13.95114115,JASON-2/3
2021-11-26,13.9932261,Sentinel-3B
2021-11-28,13.63588963,JASON-2/3
2021-11-29,13.23859743,Sentinel-1
2021-11-30,12.97757107,Sentinel-2
2021-12-02,12.73596615,Sentinel-2
2021-12-08,13.36004455,JASON-2/3
2021-12-09,13.48890796,Sentinel-3A
2021-12-11,13.63147421,Sentinel-1
2021-12-17,12.72797859,Sentinel-2
2021-12-18,14.20728301,JASON-2/3
2021-12-23,13.48076115,Sentinel-3B
2021-12-28,13.18271557,JASON-2/3
2022-01-04,13.41743638,Sentinel-1
2022-01-05,12.621536,Sentinel-3A
2022-01-07,12.67043185,JASON-2/3
2022-01-16,14.28453589,Sentinel-1
2022-01-17,14.31565072,JASON-2/3
2022-01-19,12.80392065,Sentinel-3B
2022-01-27,14.91659893,JASON-2/3
2022-01-28,14.22143691,Sentinel-1
2022-02-01,12.44996792,Sentinel-3A
2022-02-05,12.25666423,JASON-2/3
2022-02-09,13.72046132,Sentinel-1
2022-02-13,13.05310245,Sentinel-2
2022-02-15,11.99067076,JASON-2/3
2022-02-18,12.92607297,Sentinel-2
2022-02-21,13.37550742,Sentinel-1
2022-02-25,11.92170949,JASON-2/3
2022-02-28,12.16402112,Sentinel-3A
2022-03-02,13.03414383,Sentinel-2
2022-03-05,12.8584606,Sentinel-2
2022-03-07,11.58675475,JASON-2/3
2022-03-10,12.86973429,Sentinel-2
2022-03-14,12.16575675,Sentinel-3B
2022-03-15,12.94773917,Sentinel-2
2022-03-17,11.86259983,JASON-2/3
2022-03-20,12.91450143,Sentinel-2
2022-03-27,12.36503194,JASON-2/3
2022-03-29,15.74653701,Sentinel-1
2022-04-06,13.58663158,JASON-2/3
2022-04-10,13.81921479,Sentinel-1
2022-04-16,15.03481825,JASON-2/3
2022-04-22,14.57367082,Sentinel-1
2022-04-23,16.195871,Sentinel-3A
2022-04-26,14.50283131,JASON-2/3
2022-05-04,14.12790667,Sentinel-1
2022-05-06,14.6900119,JASON-2/3
2022-05-07,14.3219772,Sentinel-3B
2022-05-16,16.00027603,JASON-2/3
2022-05-18,15.13616757,Sentinel-1
2022-05-20,17.7209206,Sentinel-3A
2022-05-26,17.89178515,JASON-2/3
2022-05-28,14.81398744,Sentinel-1
2022-05-30,14.78717783,Sentinel-1
2022-06-03,15.06650175,Sentinel-3B
2022-06-04,16.53226297,JASON-2/3
2022-06-09,17.17311132,Sentinel-1
2022-06-11,17.4582124,Sentinel-1
2022-06-14,18.24644311,JASON-2/3
2022-06-16,18.15937236,Sentinel-3A
2022-06-21,19.93084289,Sentinel-1
2022-06-23,19.37682683,Sentinel-1
2022-06-24,19.3202686,JASON-2/3
2022-07-03,18.40344367,Sentinel-1
2022-07-04,18.94590742,JASON-2/3
2022-07-05,18.25439733,Sentinel-1
2022-07-13,17.35872132,Sentinel-3A
2022-07-14,17.60608846,JASON-2/3
2022-07-15,17.77140017,Sentinel-1
2022-07-17,17.43675221,Sentinel-1
2022-07-24,17.45831431,JASON-2/3
2022-07-27,16.65224235,Sentinel-3B
2022-07-29,17.35740942,Sentinel-1
2022-08-03,18.67991395,JASON-2/3
2022-08-08,17.97827903,Sentinel-1
2022-08-09,17.625605,Sentinel-3A
2022-08-10,17.83217315,Sentinel-1
2022-08-13,17.67504973,JASON-2/3
2022-08-22,17.30637181,Sentinel-1
2022-08-23,17.06424991,JASON-2/3
2022-09-01,16.95972573,Sentinel-1
2022-09-02,17.14306279,JASON-2/3
2022-09-03,17.42958195,Sentinel-1
2022-09-05,17.39684756,Sentinel-3A
2022-09-12,18.96561064,JASON-2/3
2022-09-13,18.44016941,Sentinel-1
2022-09-15,17.46534901,Sentinel-1
2022-09-22,17.48786914,JASON-2/3
2022-09-25,16.73834839,Sentinel-1
2022-09-27,16.93640123,Sentinel-1
2022-10-01,18.12822379,JASON-2/3
2022-10-02,17.83529932,Sentinel-3A
2022-10-07,16.6162129,Sentinel-1
2022-10-09,17.19552775,Sentinel-1
2022-10-11,17.60608846,JASON-2/3
2022-10-16,17.58048075,Sentinel-3B
2022-10-19,17.26227897,Sentinel-1
2022-10-21,17.97059803,JASON-2/3
2022-10-29,16.53900716,Sentinel-3A
2022-10-31,16.87706932,JASON-2/3
2022-11-10,15.31066333,JASON-2/3
2022-11-12,15.4435986,Sentinel-3B
2022-11-15,13.56055205,Sentinel-2
2022-11-24,13.50627304,Sentinel-1
2022-11-25,14.13705404,Sentinel-3A
2022-11-30,13.29896685,Sentinel-2
2022-12-02,12.57114159,Sentinel-2
2022-12-05,13.24525742,Sentinel-2
2022-12-06,13.45192349,Sentinel-1
2022-12-09,13.53877605,Sentinel-3B
2022-12-10,13.76396056,JASON-2/3
2022-12-18,13.30425593,Sentinel-1
2022-12-20,13.5078187,JASON-2/3
2022-12-22,13.23155584,Sentinel-3A
2022-12-30,13.06449625,JASON-2/3
