Date,TH,Width
2016-02-07,-17.168997,0.03880529979788962
2016-02-17,-18.672253,0.03125982483718886
2016-03-02,-16.066309,0.05039299348753721
2016-03-12,-16.647236,0.03853581854929316
2016-04-05,-15.129828,0.03808668313496573
2016-04-19,-15.185736,0.06269930384010869
2016-04-29,-15.041311,0.059016393442623785
2016-05-13,-14.560279,0.047608353918707165
2016-05-23,-17.697989,0.0540759038850221
2016-06-30,-14.134881,0.0626094767572432
2016-07-24,-14.097707,0.08057489333034024
2016-08-17,-12.525839,0.07275993712104302
2016-08-27,-16.868074,0.06081293509993349
2016-09-10,-15.443393,0.06790927464630682
2016-10-04,-16.02164,0.06817875589490328
2016-10-14,-17.574007,0.06225016842578126
2016-10-28,-15.729182,0.051201437233326576
2016-11-21,-16.411636,0.04491354143274261
2016-12-15,-15.85654,0.045183022681339065
2016-12-25,-18.370895,0.030181899842803034
2017-01-08,-16.373198,0.04383561643835679
2017-01-18,-17.764334,0.03242757691444016
2017-02-01,-15.834558,0.04536267684707004
2017-02-11,-18.371675,0.03179878733438177
2017-02-23,-15.938606,0.040062878958006407
2017-02-25,-16.278994,0.046350774758590375
2017-03-07,-17.698524,0.0346732539860773
2017-03-09,-15.960698,0.04796766225016911
2017-03-19,-15.429134,0.053447114304963704
2017-03-21,-15.787726,0.03179878733438177
2017-04-02,-14.5949955,0.046440601841455854
2017-04-14,-15.401738,0.04886593307882396
2017-04-24,-13.489611,0.04841679766449653
2017-04-26,-14.602298,0.04581181226139746
2017-05-06,-14.13426,0.04554233101280101
2017-05-08,-14.900261,0.04329665394116387
2017-05-18,-13.9796,0.04392544352122227
2017-05-20,-14.225024,0.043476308106894845
2017-05-30,-14.108447,0.045721985178531974
2017-06-01,-14.165941,0.04841679766449653
2017-06-11,-14.254704,0.05308780597350177
2017-06-23,-16.743185,0.058477430945430876
2017-07-05,-13.685439,0.07105322254659881
2017-07-17,-13.469845,0.0838984953963632
2017-07-29,-16.461792,0.06539411632607324
2017-07-31,-14.365931,0.06997529755221299
2017-08-10,-13.182467,0.07159218504379172
2017-08-12,-14.967299,0.09988771614641956
2017-08-22,-17.110754,0.10132494947226732
2017-08-24,-14.79915,0.09800134740624437
2017-09-03,-14.067008,0.08407814956209417
2017-09-05,-13.960082,0.08111385582753315
2017-09-15,-17.300022,0.07204132045811915
2017-09-17,-13.807754,0.07464630586121822
2017-09-27,-14.07186,0.06728048506624842
2017-09-29,-14.740778,0.06494498091174582
2017-10-09,-13.505731,0.07024477880080944
2017-10-11,-16.336817,0.06359757466876353
2017-10-21,-12.055227,0.06889737255782716
2017-10-23,-14.589689,0.062429822591512224
2017-11-02,-17.657387,0.049315068493151384
2017-11-04,-15.413326,0.056052099708062776
2017-11-14,-17.366835,0.032607231080171134
2017-11-16,-15.860285,0.04212890186391257
2017-11-26,-17.919998,0.02928362901414818
2017-11-28,-16.554094,0.03898495396362058
2017-12-08,-18.061516,0.02757691443970396
2017-12-10,-14.570378,0.04024253312373738
2017-12-20,-16.655882,0.028654839434089783
2017-12-22,-17.066082,0.03422411857174987
2018-01-01,-16.74203,0.0309903435885924
2018-01-03,-14.892695,0.05254884347630885
2018-01-13,-18.008215,0.02667864361104911
2018-01-15,-16.30352,0.04320682685829839
2018-01-25,-17.474304,0.029193801931282695
2018-01-27,-16.60113,0.04356613518976033
2018-02-06,-18.059135,0.028475185268358814
2018-02-08,-16.932291,0.04320682685829839
2018-02-18,-17.697021,0.029822591511341093
2018-02-20,-17.376469,0.04078149562093029
2018-03-02,-18.243757,0.021738154053447423
2018-03-04,-15.60839,0.04715921850437974
2018-03-14,-19.11582,0.02362452279362261
2018-03-16,-15.399878,0.0547046934650805
2018-03-26,-15.432974,0.024882101953739404
2018-03-28,-15.922261,0.049045587244554927
2018-04-07,-16.149813,0.030361554008534002
2018-04-09,-17.950958,0.033325847743095015
2018-04-19,-13.998603,0.0431169997754329
2018-04-21,-15.170985,0.044644060184146156
2018-05-01,-13.100889,0.049045587244554927
2018-05-03,-14.891009,0.04087132270379577
2018-05-13,-13.293128,0.04536267684707004
2018-05-15,-14.486751,0.04302717269256742
2018-05-25,-13.398257,0.04239838311250902
2018-05-27,-14.610561,0.042218728946778056
2018-06-06,-14.214955,0.047608353918707165
2018-06-08,-15.802249,0.0413204581181232
2018-06-18,-13.822439,0.05200988097911594
2018-06-30,-14.285691,0.057758814282506996
2018-07-12,-13.742651,0.0747361329440837
2018-07-14,-14.3587265,0.06665169548619003
2018-07-24,-14.004676,0.06548394340893872
2018-07-26,-14.237205,0.06332809342016708
2018-08-05,-14.803179,0.079047832921627
2018-08-07,-13.886834,0.08129350999326412
2018-08-17,-18.125778,0.0662025600718626
2018-08-19,-15.008513,0.06799910172917231
2018-08-29,-13.687501,0.06898719964069265
2018-09-10,-15.332734,0.06341792050303256
2018-09-12,-14.801417,0.0813833370761296
2018-09-22,-17.752886,0.08003593083314733
2018-09-24,-14.854563,0.06422636424882193
2018-10-04,-17.028484,0.05156074556478851
2018-10-06,-17.233965,0.05183022681338497
2018-10-16,-18.363081,0.04626094767572489
2018-10-18,-14.775488,0.05353694138782919
2018-10-28,-13.643931,0.05129126431619206
2018-10-30,-16.746983,0.041050976869526745
2018-11-09,-18.994774,0.029373456097013667
2018-11-11,-15.891026,0.04248821019537451
2018-11-21,-18.927166,0.02667864361104911
2018-11-23,-17.183083,0.03853581854929316
2018-12-03,-17.012842,0.03395463732315341
2018-12-15,-18.533112,0.025960026948125228
2018-12-17,-15.251314,0.04239838311250902
2018-12-27,-14.719147,0.045183022681339065
2018-12-29,-14.729094,0.05677071637098666
2019-01-08,-19.05963,0.023714349876488097
2019-01-10,-15.509729,0.05227936222771239
2019-01-20,-18.308865,0.027936222771165902
2019-01-22,-17.714386,0.0370985852234454
2019-02-01,-19.349876,0.02326521446216067
2019-02-03,-17.936007,0.037457893554907334
2019-02-13,-19.31532,0.024343139456546495
2019-02-15,-15.267078,0.05497417471367695
2019-02-25,-15.19596,0.04536267684707004
2019-02-27,-15.800095,0.03458342690321181
2019-03-09,-16.356173,0.035751178980463115
2019-03-11,-16.737808,0.03979339770940995
2019-03-21,-18.965637,0.02515158320233586
2019-03-23,-17.94281,0.03718841230631088
2019-04-02,-13.286837,0.04383561643835679
2019-04-04,-15.398243,0.037457893554907334
2019-04-16,-16.394089,0.034763081068942776
2019-04-26,-19.352125,0.025960026948125228
2019-04-28,-15.029259,0.04329665394116387
2019-05-08,-14.924617,0.04545250392993552
2019-05-10,-14.827383,0.04913541432742041
2019-05-20,-13.801458,0.05093195598473012
2019-06-01,-13.006435,0.04967437682461333
2019-06-03,-15.842392,0.048147316415900074
2019-06-13,-17.526382,0.04329665394116387
2019-06-15,-13.577423,0.04976420390747881
2019-06-25,-14.916121,0.05012351223894075
2019-06-27,-14.461723,0.05281832472490531
2019-07-09,-14.355063,0.05937570177408573
2019-07-21,-14.101249,0.09863013698630277
2019-07-25,-15.226597,0.09162362452279492
2019-07-31,-13.568964,0.08165281832472607
2019-08-02,-13.715288,0.07859869750729957
2019-08-12,-13.819722,0.06674152256905552
2019-08-24,-12.749801,0.06539411632607324
2019-08-26,-14.490115,0.05766898719964151
2019-09-05,-13.681433,0.05254884347630885
2019-09-07,-13.923717,0.055872445542331804
2019-09-19,-16.903112,0.06171120592858834
2019-09-29,-14.618217,0.06422636424882193
2019-10-01,-15.475869,0.06548394340893872
2019-10-11,-17.30755,0.053177633056367246
2019-10-13,-15.199428,0.05299797889063628
2019-10-23,-18.500612,0.04024253312373738
2019-10-25,-15.622938,0.050482820570402695
2019-11-04,-18.414244,0.03925443521221704
2019-11-06,-16.067036,0.046440601841455854
2019-11-16,-18.121714,0.039344262295082526
2019-11-18,-16.621273,0.04248821019537451
2019-11-28,-18.890133,0.0358410060633286
2019-11-30,-17.192242,0.041050976869526745
2019-12-10,-17.107935,0.034493599820346325
2019-12-12,-16.903582,0.03727823938917636
2019-12-22,-17.717125,0.03287671232876759
2019-12-24,-16.92515,0.0370985852234454
2020-01-03,-16.193253,0.02964293734561012
2020-01-05,-16.363018,0.03314619357736404
2020-01-15,-18.452198,0.027936222771165902
2020-01-17,-16.978313,0.03611048731192506
2020-01-27,-16.265894,0.033325847743095015
2020-01-29,-17.265266,0.035481697731866664
2020-02-08,-16.956625,0.036200314394790545
2020-02-10,-16.918673,0.03970357062654447
2020-02-20,-19.252947,0.027666741522569448
2020-02-22,-16.550098,0.03907478104648607
2020-03-03,-17.915924,0.029822591511341093
2020-03-05,-16.61276,0.03835616438356219
2020-03-15,-18.185389,0.026588816528183623
2020-03-17,-16.431162,0.03682910397484894
2020-03-27,-19.115728,0.025241410285201347
2020-03-29,-16.634796,0.037637547720638306
2020-04-08,-14.741502,0.04769818100157265
2020-04-10,-18.31584,0.03359532899169147
2020-04-20,-14.392532,0.03611048731192506
2020-04-22,-15.1298275,0.037907028969234764
2020-05-04,-15.575575,0.037457893554907334
2020-05-14,-17.409695,0.03422411857174987
2020-05-16,-13.586981,0.04428475185268421
2020-05-22,-16.191877,0.03997305187514092
2020-05-26,-12.889779,0.046889737255783284
2020-05-28,-14.475726,0.057579160116776024
2020-06-07,-16.265884,0.04823714349876556
2020-06-09,-15.072151,0.05443521221648404
2020-06-19,-13.170383,0.05982483718841315
2020-06-21,-13.725662,0.06557377049180421
2020-07-01,-14.291265,0.08794071412531003
2020-07-03,-15.312177,0.08192229957332252
2020-07-13,-14.152639,0.09395912867729754
2020-07-15,-14.885435,0.10168425780372926
2020-07-19,-14.19771,0.08838984953963745
2020-07-21,-15.39465,0.09521670783741433
2020-07-25,-16.95355,0.10042667864361247
2020-07-27,-16.546902,0.10015719739501602
2020-08-06,-13.255417,0.09593532450033822
2020-08-08,-14.412,0.08282057040197736
2020-08-18,-12.75172,0.09081518077700555
2020-08-20,-12.985104,0.0850662474736145
2020-08-30,-15.380358,0.06611273298899711
2020-09-01,-14.813495,0.07078374129800236
2020-09-11,-12.657463,0.08102402874466767
2020-09-13,-14.98583,0.07195149337525365
2020-09-23,-13.1406355,0.09324051201437365
2020-09-25,-14.139867,0.09593532450033822
2020-10-05,-14.357574,0.08677296204805872
2020-10-07,-16.640455,0.08066472041320573
2020-10-17,-17.907887,0.056052099708062776
2020-10-19,-15.924511,0.058477430945430876
2020-10-29,-17.69989,0.04608129350999392
2020-10-31,-14.977914,0.05910622052548927
2020-11-10,-18.085602,0.03835616438356219
2020-11-12,-15.095828,0.05398607680215661
2020-11-22,-14.856247,0.04886593307882396
2020-11-24,-15.2016115,0.053626768470694676
2020-12-04,-18.886316,0.03242757691444016
2020-12-06,-17.155094,0.037637547720638306
2020-12-16,-18.858772,0.030451381091399488
2020-12-18,-15.783562,0.055333483045138895
2020-12-28,-16.05199,0.04239838311250902
2020-12-30,-15.931544,0.051201437233326576
2021-01-09,-18.905458,0.031080170671457887
2021-01-11,-15.748506,0.048596451830227504
2021-01-21,-17.751507,0.032068268582978225
2021-01-23,-16.393589,0.03970357062654447
2021-02-02,-17.77736,0.03081068942286143
2021-02-04,-16.981434,0.04563215809566649
2021-02-14,-18.811026,0.030900516505726915
2021-02-16,-17.468668,0.042308556029643535
2021-02-26,-18.622452,0.028654839434089783
2021-02-28,-16.207453,0.045901639344262946
2021-03-10,-18.14286,0.031349651920054344
2021-03-12,-17.169235,0.04320682685829839
2021-03-22,-19.19208,0.027666741522569448
2021-03-24,-16.665897,0.04958454974174784
2021-04-03,-17.835636,0.03593083314619409
2021-04-05,-16.935596,0.04185942061531611
2021-04-15,-15.054693,0.0571300247024486
2021-04-17,-15.849032,0.054884347630811466
2021-04-27,-15.883359,0.04940489557601687
2021-04-29,-16.744614,0.05281832472490531
2021-05-09,-13.155261,0.05335728722209822
2021-05-11,-15.884574,0.0413204581181232
2021-05-21,-17.183512,0.040332360206602864
2021-05-23,-16.42993,0.045183022681339065
2021-06-02,-14.656434,0.051650572647654
2021-06-04,-14.684951,0.05398607680215661
2021-06-14,-13.192289,0.05964518302268219
2021-06-16,-13.445505,0.05919604760835476
2021-06-26,-14.203649,0.055872445542331804
2021-06-28,-12.9416,0.048147316415900074
2021-07-08,-14.167687,0.06665169548619003
2021-07-10,-15.133494,0.061351897597126406
2021-07-20,-13.440159,0.062429822591512224
2021-07-22,-13.968188,0.06108241634852995
2021-08-01,-14.148703,0.05856725802829636
2021-08-03,-15.668564,0.05515382887940792
2021-08-13,-12.883457,0.061351897597126406
2021-08-15,-14.390619,0.05506400179654244
2021-08-25,-13.627411,0.08075454749607121
2021-08-27,-14.301046,0.08731192454525163
2021-09-06,-17.339262,0.08156299124186057
2021-09-08,-16.21758,0.07249045587244657
2021-09-18,-13.517317,0.06728048506624842
2021-09-20,-14.910463,0.061890860094319315
2021-09-30,-16.425516,0.04967437682461333
2021-10-02,-15.091469,0.05793846844823797
2021-10-12,-17.566334,0.04868627891309299
2021-10-14,-15.317936,0.05677071637098666
2021-10-24,-18.53642,0.040062878958006407
2021-10-26,-17.095583,0.044644060184146156
2021-11-05,-17.766075,0.03458342690321181
2021-11-07,-15.441081,0.049494722658882356
2021-11-17,-18.751547,0.03143947900291982
2021-11-19,-17.830452,0.03700875814057991
2021-11-29,-19.032778,0.028834493599820755
2021-12-01,-17.75299,0.036918931057714426
2021-12-11,-18.793701,0.03395463732315341
2021-12-13,-15.17947,0.0565012351223902
2021-12-23,-18.511944,0.032607231080171134
2021-12-25,-17.613516,0.040062878958006407
2022-01-04,-19.078188,0.031080170671457887
2022-01-06,-16.16574,0.04787783516730362
2022-01-16,-15.10322,0.04410509768695324
2022-01-18,-14.838031,0.06009431843700961
2022-01-28,-16.556921,0.04302717269256742
2022-01-30,-17.559141,0.039613743543678984
2022-02-09,-17.048717,0.035212216483270206
2022-02-11,-16.187315,0.03943408937794801
2022-02-21,-18.56864,0.030541208174264974
2022-02-23,-17.343975,0.03880529979788962
2022-03-05,-18.701464,0.029373456097013667
2022-03-07,-16.379515,0.04257803727823999
2022-03-17,-18.875315,0.03027172692566852
2022-03-19,-16.509819,0.04697956433864877
2022-03-29,-13.756834,0.05973501010554767
2022-03-31,-15.170073,0.04114080395239223
2022-04-10,-19.02226,0.03386481024028793
2022-04-12,-16.334972,0.04167976644958514
2022-04-22,-13.813425,0.04266786436110548
2022-05-04,-17.564894,0.03727823938917636
2022-05-06,-16.158472,0.038625645632158645
2022-05-16,-14.554853,0.04087132270379577
2022-05-18,-14.284474,0.05030316640467172
2022-05-28,-16.729586,0.04581181226139746
2022-05-30,-14.978982,0.04545250392993552
2022-06-09,-12.876615,0.05326746013923273
2022-06-11,-14.011554,0.05677071637098666
2022-06-21,-14.232571,0.09476757242308691
2022-06-23,-14.282139,0.08497642039074901
2022-07-03,-15.374866,0.06961598922075105
2022-07-05,-13.564455,0.0674601392319794
2022-07-15,-13.382565,0.06081293509993349
2022-07-17,-14.406763,0.0565012351223902
2022-07-27,-14.336435,0.05677071637098666
2022-07-29,-15.260071,0.05551313721086987
2022-08-08,-12.573928,0.06359757466876353
2022-08-10,-12.917514,0.06162137884572286
2022-08-22,-13.62376,0.054884347630811466
2022-09-01,-15.7056265,0.050752301818999146
2022-09-03,-14.80426,0.05641140803952472
2022-09-13,-13.2462635,0.07015495171794396
2022-09-15,-15.089458,0.05686054345385214
2022-09-25,-17.73736,0.04823714349876556
2022-09-27,-16.438005,0.050482820570402695
2022-10-07,-16.938679,0.046889737255783284
2022-10-09,-15.2993355,0.05353694138782919
2022-10-19,-17.56452,0.05434538513361856
2022-10-21,-14.7028265,0.05551313721086987
2022-10-31,-17.826763,0.04823714349876556
2022-11-02,-15.758364,0.05012351223894075
2022-11-12,-17.184511,0.03781720188636928
2022-11-14,-15.572306,0.04266786436110548
2022-11-24,-18.74531,0.03224792274870919
2022-11-26,-17.50506,0.03566135189759763
2022-12-06,-17.40537,0.03152930608578531
2022-12-08,-15.48283,0.0413204581181232
2022-12-18,-18.506733,0.02964293734561012
2022-12-30,-17.324705,0.028475185268358814
