Date,Q_com,Satellite
2008-07-21,43255.24675,JASON-2/3
2008-07-30,46739.64708,JASON-2/3
2008-08-09,50125.49228,JASON-2/3
2008-08-19,47846.07586,JASON-2/3
2008-08-29,34814.50139,JASON-2/3
2008-09-08,57336.31643,JASON-2/3
2008-09-18,39177.15361,JASON-2/3
2008-09-28,38508.0162,JASON-2/3
2008-10-08,29148.71494,JASON-2/3
2008-10-18,17447.17496,JASON-2/3
2008-10-28,11670.7117,JASON-2/3
2008-11-07,13449.75387,JASON-2/3
2008-11-17,9417.475401,JASON-2/3
2008-11-26,8090.152247,JASON-2/3
2008-12-06,7336.866879,JASON-2/3
2008-12-16,6518.346801,JASON-2/3
2008-12-26,6207.618667,JASON-2/3
2009-01-05,5535.933945,JASON-2/3
2009-01-15,4982.688947,JASON-2/3
2009-01-25,4789.470654,JASON-2/3
2009-02-04,4827.622978,JASON-2/3
2009-02-14,4846.790745,JASON-2/3
2009-03-06,5716.485024,JASON-2/3
2009-03-16,6044.719637,JASON-2/3
2009-03-25,6290.458243,JASON-2/3
2009-04-04,6563.433277,JASON-2/3
2009-04-14,7523.509982,JASON-2/3
2009-04-24,8489.101303,JASON-2/3
2009-05-04,10246.68917,JASON-2/3
2009-05-14,10470.14876,JASON-2/3
2009-05-24,9891.249564,JASON-2/3
2009-06-03,14721.764,JASON-2/3
2009-06-13,24373.14289,JASON-2/3
2009-06-23,15260.19183,JASON-2/3
2009-07-03,29043.89181,JASON-2/3
2009-07-13,36178.52919,JASON-2/3
2009-07-22,29571.21266,JASON-2/3
2009-08-01,40544.96254,JASON-2/3
2009-08-11,36431.32542,JASON-2/3
2009-08-21,51299.20129,JASON-2/3
2009-08-31,38111.19214,JASON-2/3
2009-09-10,27210.84946,JASON-2/3
2009-09-20,24193.22265,JASON-2/3
2009-09-30,28114.74061,JASON-2/3
2009-10-10,30106.60662,JASON-2/3
2009-10-20,21954.50565,JASON-2/3
2009-10-30,11816.72262,JASON-2/3
2009-11-09,10161.36517,JASON-2/3
2009-11-18,8474.414228,JASON-2/3
2009-11-28,9450.307125,JASON-2/3
2009-12-08,7046.670915,JASON-2/3
2009-12-18,6397.387317,JASON-2/3
2009-12-28,6045.315949,JASON-2/3
2010-01-07,5535.933945,JASON-2/3
2010-01-17,5243.211292,JASON-2/3
2010-01-27,4982.688947,JASON-2/3
2010-02-06,4421.135417,JASON-2/3
2010-02-16,4143.20491,JASON-2/3
2010-02-26,4211.329161,JASON-2/3
2010-03-07,5133.292929,JASON-2/3
2010-03-27,6233.093727,JASON-2/3
2010-04-06,9414.526422,JASON-2/3
2010-04-16,12392.59117,JASON-2/3
2010-04-26,15569.40737,JASON-2/3
2010-05-06,15721.82459,JASON-2/3
2010-05-16,16146.76767,JASON-2/3
2010-05-26,22048.43042,JASON-2/3
2010-06-05,34571.23001,JASON-2/3
2010-06-15,34571.23001,JASON-2/3
2010-06-25,35059.21872,JASON-2/3
2010-07-04,46583.3665,JASON-2/3
2010-07-14,44893.23379,JASON-2/3
2010-07-24,49301.10189,JASON-2/3
2010-08-03,37069.85943,JASON-2/3
2010-08-13,31313.38853,JASON-2/3
2010-08-23,41384.8662,JASON-2/3
2010-09-02,46896.37077,JASON-2/3
2010-09-12,48974.57145,JASON-2/3
2010-09-22,46272.13058,JASON-2/3
2010-10-02,34088.99719,JASON-2/3
2010-10-12,23572.31844,JASON-2/3
2010-10-22,20744.5511,JASON-2/3
2010-10-31,14256.7339,JASON-2/3
2010-11-10,11791.22317,JASON-2/3
2010-11-20,9384.735635,JASON-2/3
2010-11-30,8718.099146,JASON-2/3
2010-12-10,7946.152471,JASON-2/3
2010-12-20,6866.867604,JASON-2/3
2010-12-30,6445.552146,JASON-2/3
2011-01-09,5665.34892,JASON-2/3
2011-01-19,5429.917107,JASON-2/3
2011-01-29,4982.688947,JASON-2/3
2011-02-08,5022.075572,JASON-2/3
2011-02-18,4529.150913,JASON-2/3
2011-02-27,4751.561627,JASON-2/3
2011-03-09,5610.115696,JASON-2/3
2011-03-19,6082.046782,JASON-2/3
2011-03-29,9131.84356,JASON-2/3
2011-04-08,7949.463965,JASON-2/3
2011-04-18,8585.695668,JASON-2/3
2011-04-28,9864.298068,JASON-2/3
2011-05-08,10957.16832,JASON-2/3
2011-05-18,11673.52672,JASON-2/3
2011-05-28,12520.97187,JASON-2/3
2011-06-07,17998.5687,JASON-2/3
2011-06-17,27013.35819,JASON-2/3
2011-06-26,22879.26475,JASON-2/3
2011-07-06,32445.71071,JASON-2/3
2011-07-16,43993.40705,JASON-2/3
2011-07-26,48488.20554,JASON-2/3
2011-08-05,43993.40705,JASON-2/3
2011-08-15,40963.09413,JASON-2/3
2011-08-25,43549.24394,JASON-2/3
2011-09-04,26817.08031,JASON-2/3
2011-09-14,31988.69715,JASON-2/3
2011-09-24,33850.02183,JASON-2/3
2011-10-04,29677.6424,JASON-2/3
2011-10-14,15815.178,JASON-2/3
2011-10-23,10917.4834,JASON-2/3
2011-11-02,10301.56469,JASON-2/3
2011-11-12,8842.040876,JASON-2/3
2011-11-22,8236.247102,JASON-2/3
2011-12-02,7444.748662,JASON-2/3
2011-12-12,7072.663792,JASON-2/3
2011-12-22,6254.629882,JASON-2/3
2012-01-01,5797.190348,JASON-2/3
2012-01-11,5263.697193,JASON-2/3
2012-01-21,5408.911386,JASON-2/3
2012-01-31,4982.688947,JASON-2/3
2012-02-10,4846.790745,JASON-2/3
2012-02-19,4565.624791,JASON-2/3
2012-02-29,4403.336389,JASON-2/3
2012-03-10,5470.616475,JASON-2/3
2012-03-20,6176.123997,JASON-2/3
2012-03-30,6082.046782,JASON-2/3
2012-04-09,7858.31772,JASON-2/3
2012-04-19,8369.511723,JASON-2/3
2012-04-29,11612.51976,JASON-2/3
2012-05-09,14461.44953,JASON-2/3
2012-05-19,11673.52672,JASON-2/3
2012-05-29,14070.46176,JASON-2/3
2012-06-07,24193.22265,JASON-2/3
2012-06-17,34936.67888,JASON-2/3
2012-06-27,44742.19116,JASON-2/3
2012-07-07,36685.6137,JASON-2/3
2012-07-17,44893.23379,JASON-2/3
2012-07-27,41952.93664,JASON-2/3
2012-08-06,42527.58674,JASON-2/3
2012-08-16,30431.75994,JASON-2/3
2012-08-26,35677.38423,JASON-2/3
2012-09-05,36558.28261,JASON-2/3
2012-09-15,39042.54541,JASON-2/3
2012-09-25,51468.75563,JASON-2/3
2012-10-04,43108.87866,JASON-2/3
2012-10-14,29359.32116,JASON-2/3
2012-10-24,18279.74483,JASON-2/3
2012-11-03,13982.33742,JASON-2/3
2012-11-13,10586.63968,JASON-2/3
2012-11-23,10407.73363,JASON-2/3
2012-12-03,8779.893809,JASON-2/3
2012-12-13,7608.964394,JASON-2/3
2012-12-23,6943.46786,JASON-2/3
2013-01-02,6254.629882,JASON-2/3
2013-01-12,5408.911386,JASON-2/3
2013-01-22,6091.33506,JASON-2/3
2013-01-31,5621.942676,JASON-2/3
2013-02-10,5061.712649,JASON-2/3
2013-02-20,4770.485802,JASON-2/3
2013-03-02,5610.115696,JASON-2/3
2013-03-12,5367.718544,JASON-2/3
2013-03-22,5350.711616,JASON-2/3
2013-04-11,7031.139484,JASON-2/3
2013-04-21,9157.274428,JASON-2/3
2013-05-01,9106.465907,JASON-2/3
2013-05-11,14000.23727,JASON-2/3
2013-05-21,13447.89758,JASON-2/3
2013-05-30,20699.28385,JASON-2/3
2013-06-09,19516.56505,JASON-2/3
2013-06-19,17244.119,JASON-2/3
2013-06-29,24014.42677,JASON-2/3
2013-07-09,39993.07226,JASON-2/3
2013-07-19,36685.6137,JASON-2/3
2013-07-29,38508.0162,JASON-2/3
2013-08-08,35927.21784,JASON-2/3
2013-08-18,33731.06639,JASON-2/3
2013-08-28,31537.13874,JASON-2/3
2013-09-17,35802.11676,JASON-2/3
2013-09-26,19367.48265,JASON-2/3
2013-10-06,24193.22265,JASON-2/3
2013-10-16,24014.42677,JASON-2/3
2013-10-26,13472.80078,JASON-2/3
2013-11-05,12474.66142,JASON-2/3
2013-11-15,10841.26266,JASON-2/3
2013-11-25,8504.571121,JASON-2/3
2013-12-05,7390.649179,JASON-2/3
2013-12-15,6866.867604,JASON-2/3
2013-12-25,6137.635992,JASON-2/3
2014-01-04,5841.682632,JASON-2/3
2014-01-14,5202.432189,JASON-2/3
2014-01-23,5408.911386,JASON-2/3
2014-02-02,5061.712649,JASON-2/3
2014-02-12,4456.907376,JASON-2/3
2014-02-22,4511.002217,JASON-2/3
2014-03-04,5505.243589,JASON-2/3
2014-03-14,5770.235611,JASON-2/3
2014-04-03,5878.877596,JASON-2/3
2014-04-13,6968.753784,JASON-2/3
2014-04-23,7093.944782,JASON-2/3
2014-05-03,7052.027868,JASON-2/3
2014-05-13,11044.85262,JASON-2/3
2014-05-22,16068.86966,JASON-2/3
2014-06-01,27509.37486,JASON-2/3
2014-06-11,19666.61668,JASON-2/3
2014-06-21,20981.92046,JASON-2/3
2014-07-01,33024.73088,JASON-2/3
2014-07-11,34450.13437,JASON-2/3
2014-07-21,34814.50139,JASON-2/3
2014-07-31,36431.32542,JASON-2/3
2014-08-10,34571.23001,JASON-2/3
2014-08-20,57336.31643,JASON-2/3
2014-09-08,39447.54762,JASON-2/3
2014-09-18,32560.82275,JASON-2/3
2014-09-28,43993.40705,JASON-2/3
2014-10-08,25289.81222,JASON-2/3
2014-10-18,14662.94309,JASON-2/3
2014-10-28,10826.28889,JASON-2/3
2014-11-07,9716.294994,JASON-2/3
2014-11-17,8444.343549,JASON-2/3
2014-11-27,7889.134053,JASON-2/3
2014-12-07,7417.659184,JASON-2/3
2014-12-17,7581.394349,JASON-2/3
2014-12-27,5886.44962,JASON-2/3
2015-01-05,5600.340261,JASON-2/3
2015-01-15,5081.625484,JASON-2/3
2015-01-25,4732.69798,JASON-2/3
2015-02-04,4228.500434,JASON-2/3
2015-02-14,3847.540262,JASON-2/3
2015-02-24,3768.504204,JASON-2/3
2015-03-06,4733.945269,JASON-2/3
2015-03-16,5752.276651,JASON-2/3
2015-03-26,5698.652223,JASON-2/3
2015-04-05,6214.060042,JASON-2/3
2015-04-15,9208.296107,JASON-2/3
2015-04-25,11461.0526,JASON-2/3
2015-05-04,10442.01753,JASON-2/3
2015-05-14,9945.318861,JASON-2/3
2015-05-24,15118.82542,JASON-2/3
2015-06-03,24919.70756,JASON-2/3
2015-06-13,45044.70736,JASON-2/3
2015-06-23,36558.28261,JASON-2/3
2015-07-03,36304.74125,JASON-2/3
2015-07-13,34814.50139,JASON-2/3
2015-07-23,31988.69715,JASON-2/3
2015-08-02,31202.01777,JASON-2/3
2015-08-12,25011.80155,JASON-2/3
2015-08-22,43844.92905,JASON-2/3
2015-08-31,47686.67188,JASON-2/3
2015-09-10,48811.99323,JASON-2/3
2015-09-20,38641.06482,JASON-2/3
2015-09-30,36941.40121,JASON-2/3
2015-10-10,18780.74308,JASON-2/3
2015-10-20,13472.80078,JASON-2/3
2015-10-30,11241.79755,JASON-2/3
2015-11-09,9352.087632,JASON-2/3
2015-11-19,8090.152247,JASON-2/3
2015-11-29,7283.400346,JASON-2/3
2015-12-09,6790.949648,JASON-2/3
2015-12-19,6045.315949,JASON-2/3
2015-12-28,5263.697193,JASON-2/3
2016-01-01,8061.622439,Sentinel-2
2016-01-07,4770.485802,JASON-2/3
2016-01-17,4676.468746,JASON-2/3
2016-01-27,4092.696703,JASON-2/3
2016-02-06,3752.855123,JASON-2/3
2016-02-16,4042.685748,JASON-2/3
2016-02-17,6173.979287,Sentinel-1
2016-02-26,4143.20491,JASON-2/3
2016-03-07,5663.112316,JASON-2/3
2016-03-12,8570.487123,Sentinel-1
2016-03-17,5116.848558,JASON-2/3
2016-03-27,6425.854371,JASON-2/3
2016-04-05,8441.211023,Sentinel-1
2016-04-16,10357.96523,JASON-2/3
2016-04-19,16109.07093,Sentinel-1
2016-04-25,12265.20414,JASON-2/3
2016-04-29,14893.16537,Sentinel-1
2016-05-05,15230.538,JASON-2/3
2016-05-13,11273.0849,Sentinel-1
2016-05-15,12424.59298,JASON-2/3
2016-05-23,13297.27482,Sentinel-1
2016-05-25,19101.37799,JASON-2/3
2016-06-04,18279.74483,JASON-2/3
2016-06-14,17109.86154,JASON-2/3
2016-06-20,21657.59204,Sentinel-3A
2016-06-24,37069.85943,JASON-2/3
2016-06-30,31210.13696,Sentinel-1
2016-07-04,36941.40121,JASON-2/3
2016-07-14,42239.43536,JASON-2/3
2016-07-17,39815.06179,Sentinel-3A
2016-07-24,51638.78361,JASON-2/3
2016-08-03,52151.72019,JASON-2/3
2016-08-13,39177.15361,JASON-2/3
2016-08-17,38846.84814,Sentinel-1
2016-08-22,32676.27995,JASON-2/3
2016-08-27,29914.07692,Sentinel-1
2016-09-01,36431.32542,JASON-2/3
2016-09-09,27145.38552,Sentinel-3A
2016-09-10,35132.17754,Sentinel-1
2016-09-11,36558.28261,JASON-2/3
2016-09-21,27810.66495,JASON-2/3
2016-10-01,38908.32849,JASON-2/3
2016-10-04,35335.46014,Sentinel-1
2016-10-06,28116.11913,Sentinel-3A
2016-10-11,25948.68254,JASON-2/3
2016-10-14,30949.54779,Sentinel-1
2016-10-17,32483.2178,Sentinel-2
2016-10-21,30650.17441,JASON-2/3
2016-10-28,23282.61594,Sentinel-1
2016-10-31,14256.7339,JASON-2/3
2016-11-02,12781.45498,Sentinel-3A
2016-11-10,12108.97806,JASON-2/3
2016-11-20,9126.104611,JASON-2/3
2016-11-23,6496.49614,Sentinel-2
2016-11-29,7620.667415,Sentinel-3A
2016-11-30,7553.904845,JASON-2/3
2016-12-09,6469.743875,JASON-2/3
2016-12-13,5898.992506,Sentinel-2
2016-12-19,6207.618667,JASON-2/3
2016-12-25,5959.345398,Sentinel-1
2016-12-26,6467.757557,Sentinel-3A
2016-12-29,5976.812847,JASON-2/3
2017-01-02,5931.170445,Sentinel-2
2017-01-08,5101.601386,JASON-2/3
2017-01-15,4242.110497,Sentinel-2
2017-01-18,4109.477338,JASON-2/3
2017-01-22,3597.540802,Sentinel-3A
2017-01-25,4148.317132,Sentinel-2
2017-01-28,4126.31336,JASON-2/3
2017-02-07,5557.336052,JASON-2/3
2017-02-11,5428.030677,Sentinel-2
2017-02-17,3363.985144,JASON-2/3
2017-02-18,3962.205128,Sentinel-3A
2017-02-23,7928.96006,Sentinel-1
2017-02-24,3792.065813,Sentinel-2
2017-02-27,3421.598189,JASON-2/3
2017-03-07,7473.737048,Sentinel-1
2017-03-09,5067.75337,JASON-2/3
2017-03-16,3895.97215,Sentinel-2
2017-03-17,5605.617395,Sentinel-3A
2017-03-19,5436.153612,JASON-2/3
2017-03-29,5574.992673,JASON-2/3
2017-04-07,5952.156411,JASON-2/3
2017-04-12,8670.630297,Sentinel-2
2017-04-13,9210.6388,Sentinel-3A
2017-04-17,9157.274428,JASON-2/3
2017-04-24,11521.88433,Sentinel-1
2017-04-26,10724.69238,Sentinel-1
2017-04-27,8489.101303,JASON-2/3
2017-05-02,9495.391358,Sentinel-2
2017-05-06,10642.9761,Sentinel-1
2017-05-07,13653.06492,JASON-2/3
2017-05-08,9967.633736,Sentinel-1
2017-05-10,13326.37237,Sentinel-3A
2017-05-17,13687.48727,JASON-2/3
2017-05-18,10155.70674,Sentinel-1
2017-05-20,10021.28671,Sentinel-1
2017-05-27,13687.48727,JASON-2/3
2017-05-30,10697.43775,Sentinel-1
2017-06-01,21461.07943,Sentinel-1
2017-06-06,26428.14035,JASON-2/3
2017-06-11,24542.68577,Sentinel-1
2017-06-16,26043.98104,JASON-2/3
2017-06-23,28255.21714,Sentinel-1
2017-06-26,30980.28081,JASON-2/3
2017-07-03,33422.16054,Sentinel-3A
2017-07-05,37526.51338,Sentinel-1
2017-07-06,44142.30999,JASON-2/3
2017-07-16,54424.53371,JASON-2/3
2017-07-17,47805.3782,Sentinel-1
2017-07-26,39583.3353,JASON-2/3
2017-07-29,33252.73261,Sentinel-1
2017-07-30,34696.55678,Sentinel-3A
2017-07-31,36700.02976,Sentinel-1
2017-08-04,37587.47655,JASON-2/3
2017-08-10,37941.91313,Sentinel-1
2017-08-12,61637.02132,Sentinel-1
2017-08-22,62933.24782,Sentinel-1
2017-08-24,47053.53859,JASON-2/3
2017-08-26,39289.14983,Sentinel-3A
2017-09-03,35927.21784,JASON-2/3
2017-09-05,45511.50544,Sentinel-1
2017-09-13,46117.1732,JASON-2/3
2017-09-15,38289.17298,Sentinel-1
2017-09-17,40322.70859,Sentinel-1
2017-09-22,35170.04622,Sentinel-3A
2017-09-23,28939.38762,JASON-2/3
2017-09-27,34659.28385,Sentinel-1
2017-09-29,32920.54318,Sentinel-1
2017-10-03,34692.6854,JASON-2/3
2017-10-09,36906.10902,Sentinel-1
2017-10-11,31930.2767,Sentinel-1
2017-10-13,34088.99719,JASON-2/3
2017-10-19,30672.23775,Sentinel-3A
2017-10-21,35879.34175,Sentinel-1
2017-10-23,34088.99719,JASON-2/3
2017-11-02,18827.2641,JASON-2/3
2017-11-03,7256.690743,Sentinel-2
2017-11-06,7062.580952,Sentinel-2
2017-11-12,12557.11999,JASON-2/3
2017-11-14,6442.357876,Sentinel-1
2017-11-15,11349.68632,Sentinel-3A
2017-11-22,7946.152471,JASON-2/3
2017-11-26,5780.532357,Sentinel-1
2017-12-01,7553.904845,JASON-2/3
2017-12-08,5440.914318,Sentinel-1
2017-12-11,7046.670915,JASON-2/3
2017-12-12,5625.243265,Sentinel-3A
2017-12-20,5655.390206,Sentinel-1
2017-12-21,7256.785053,JASON-2/3
2017-12-31,6494.008704,JASON-2/3
2018-01-01,6120.315014,Sentinel-1
2018-01-08,6514.765284,Sentinel-3A
2018-01-10,5535.933945,JASON-2/3
2018-01-13,5262.237682,Sentinel-1
2018-01-20,4982.688947,JASON-2/3
2018-01-25,3942.034161,Sentinel-2
2018-01-30,4126.31336,JASON-2/3
2018-02-04,4600.021291,Sentinel-3A
2018-02-06,5619.639532,Sentinel-1
2018-02-09,3879.526162,JASON-2/3
2018-02-16,6046.857308,Sentinel-2
2018-02-18,5887.814879,Sentinel-1
2018-02-19,3584.144322,JASON-2/3
2018-03-01,4446.447942,JASON-2/3
2018-03-02,4079.962393,Sentinel-1
2018-03-03,7620.992219,Sentinel-2
2018-03-08,7583.764416,Sentinel-2
2018-03-11,4565.847837,JASON-2/3
2018-03-14,4544.750057,Sentinel-1
2018-03-18,7546.371471,Sentinel-2
2018-03-21,5734.359811,JASON-2/3
2018-03-26,4860.836811,Sentinel-1
2018-03-30,5953.898481,Sentinel-3A
2018-04-07,6291.748222,Sentinel-1
2018-04-09,5788.236756,JASON-2/3
2018-04-19,7523.509982,JASON-2/3
2018-04-21,10371.62588,Sentinel-1
2018-04-26,7448.988419,Sentinel-3A
2018-04-29,9730.369056,JASON-2/3
2018-05-01,11716.24906,Sentinel-1
2018-05-03,9249.853778,Sentinel-1
2018-05-09,8298.369586,JASON-2/3
2018-05-13,10588.5781,Sentinel-1
2018-05-15,9887.277999,Sentinel-1
2018-05-19,11400.88417,JASON-2/3
2018-05-23,9210.6388,Sentinel-3A
2018-05-25,9700.361773,Sentinel-1
2018-05-27,9647.107454,Sentinel-1
2018-05-29,13380.02715,JASON-2/3
2018-06-06,20941.03098,Sentinel-1
2018-06-08,15139.12465,JASON-2/3
2018-06-18,19072.20502,JASON-2/3
2018-06-19,22136.0663,Sentinel-3A
2018-06-28,25104.18316,JASON-2/3
2018-06-30,27750.80291,Sentinel-1
2018-07-08,41952.93664,JASON-2/3
2018-07-12,40393.41691,Sentinel-1
2018-07-14,34188.40478,Sentinel-1
2018-07-16,34344.98719,Sentinel-3A
2018-07-18,36304.74125,JASON-2/3
2018-07-24,33319.29589,Sentinel-1
2018-07-26,31733.3639,Sentinel-1
2018-07-27,35927.21784,JASON-2/3
2018-08-05,43832.63013,Sentinel-1
2018-08-06,43844.92905,JASON-2/3
2018-08-07,45658.427,Sentinel-1
2018-08-12,36746.80772,Sentinel-3A
2018-08-16,39856.09668,JASON-2/3
2018-08-17,33853.30226,Sentinel-1
2018-08-19,35199.89754,Sentinel-1
2018-08-26,32908.23317,JASON-2/3
2018-08-29,35947.50981,Sentinel-1
2018-09-05,41952.93664,JASON-2/3
2018-09-08,36746.80772,Sentinel-3A
2018-09-10,31798.95954,Sentinel-1
2018-09-12,45731.94344,Sentinel-1
2018-09-15,49959.68834,JASON-2/3
2018-09-22,44633.10165,Sentinel-1
2018-09-24,32391.22038,Sentinel-1
2018-09-25,36304.74125,JASON-2/3
2018-10-02,23669.27212,Sentinel-2
2018-10-04,23521.02091,Sentinel-1
2018-10-05,28524.54428,JASON-2/3
2018-10-06,23700.32313,Sentinel-1
2018-10-15,16322.73431,JASON-2/3
2018-10-16,20083.23279,Sentinel-1
2018-10-25,12213.65831,JASON-2/3
2018-10-28,23342.14559,Sentinel-1
2018-11-01,15551.85932,Sentinel-3A
2018-11-04,10878.03661,JASON-2/3
2018-11-09,5798.411613,Sentinel-1
2018-11-14,9254.692251,JASON-2/3
2018-11-18,5898.992506,Sentinel-2
2018-11-21,5262.237682,Sentinel-1
2018-11-23,8354.646926,JASON-2/3
2018-11-28,7947.117666,Sentinel-3A
2018-12-03,7283.400346,JASON-2/3
2018-12-12,6355.122368,Sentinel-3B
2018-12-13,5954.117981,JASON-2/3
2018-12-15,5119.33209,Sentinel-1
2018-12-23,5557.336052,JASON-2/3
2018-12-25,4188.305713,Sentinel-3A
2018-12-27,8951.24443,Sentinel-1
2018-12-28,5488.933301,Sentinel-2
2018-12-31,4017.036186,Sentinel-2
2019-01-02,5367.096345,JASON-2/3
2019-01-07,5186.078734,Sentinel-2
2019-01-08,4671.530726,Sentinel-3B
2019-01-12,4657.845747,JASON-2/3
2019-01-17,5172.843205,Sentinel-2
2019-01-20,5512.398804,Sentinel-1
2019-01-21,4390.276328,Sentinel-3A
2019-01-22,4695.151686,JASON-2/3
2019-01-30,4298.394468,Sentinel-2
2019-02-01,4315.205062,JASON-2/3
2019-02-04,4215.045358,Sentinel-3B
2019-02-11,4263.012211,JASON-2/3
2019-02-13,4797.916173,Sentinel-1
2019-02-21,4194.214112,JASON-2/3
2019-02-24,3679.62167,Sentinel-2
2019-02-25,8987.132183,Sentinel-1
2019-03-01,3402.963707,Sentinel-2
2019-03-03,4361.339839,Sentinel-3B
2019-03-08,6245.672226,Sentinel-2
2019-03-09,7776.335306,Sentinel-1
2019-03-12,5698.652223,JASON-2/3
2019-03-16,5112.234742,Sentinel-3A
2019-03-21,4929.196392,Sentinel-1
2019-03-22,5592.533423,JASON-2/3
2019-03-23,6245.672226,Sentinel-2
2019-03-30,5025.222649,Sentinel-3B
2019-04-01,5952.156411,JASON-2/3
2019-04-02,10128.78976,Sentinel-1
2019-04-12,5537.844473,Sentinel-3A
2019-04-16,7498.848346,Sentinel-1
2019-04-17,6943.785517,Sentinel-2
2019-04-20,4544.596426,Sentinel-2
2019-04-21,6464.938871,JASON-2/3
2019-04-22,6943.785517,Sentinel-2
2019-04-26,5135.57373,Sentinel-1
2019-04-28,9967.633736,Sentinel-1
2019-05-01,7949.463965,JASON-2/3
2019-05-08,10615.76914,Sentinel-1
2019-05-09,13622.86525,Sentinel-3A
2019-05-10,11744.07602,Sentinel-1
2019-05-11,14282.72731,JASON-2/3
2019-05-20,12303.75825,Sentinel-1
2019-05-21,15913.92288,JASON-2/3
2019-05-23,24254.45201,Sentinel-3B
2019-05-31,15342.87097,JASON-2/3
2019-06-01,22277.9451,Sentinel-1
2019-06-03,21287.28528,Sentinel-1
2019-06-05,17465.50413,Sentinel-3A
2019-06-10,14662.94309,JASON-2/3
2019-06-13,18236.24781,Sentinel-1
2019-06-15,22336.65776,Sentinel-1
2019-06-20,25104.18316,JASON-2/3
2019-06-25,22571.99227,Sentinel-1
2019-06-27,24361.40402,Sentinel-1
2019-06-30,32102.43703,JASON-2/3
2019-07-02,31857.63903,Sentinel-3A
2019-07-09,33141.57714,JASON-2/3
2019-07-16,36550.33833,Sentinel-3B
2019-07-21,60509.78695,Sentinel-1
2019-07-25,54350.62569,Sentinel-1
2019-07-29,47211.15159,JASON-2/3
2019-07-31,45952.71512,Sentinel-1
2019-08-02,43470.28468,Sentinel-1
2019-08-08,41384.8662,JASON-2/3
2019-08-12,36550.33833,Sentinel-3B
2019-08-18,36304.74125,JASON-2/3
2019-08-24,33252.73261,Sentinel-1
2019-08-25,30778.43653,Sentinel-3A
2019-08-26,27687.95183,Sentinel-1
2019-08-28,26139.57532,JASON-2/3
2019-09-05,24180.54361,Sentinel-1
2019-09-07,37198.69516,JASON-2/3
2019-09-17,38375.35517,JASON-2/3
2019-09-19,30559.9524,Sentinel-1
2019-09-21,34344.98719,Sentinel-3A
2019-09-27,42383.30398,JASON-2/3
2019-09-29,32391.22038,Sentinel-1
2019-10-01,33319.29589,Sentinel-1
2019-10-05,38593.27946,Sentinel-3B
2019-10-07,32792.08314,JASON-2/3
2019-10-11,24603.2066,Sentinel-1
2019-10-13,24482.2117,Sentinel-1
2019-10-17,22964.94253,JASON-2/3
2019-10-18,24227.14079,Sentinel-3A
2019-10-23,16392.83435,Sentinel-1
2019-10-27,14780.78431,JASON-2/3
2019-11-04,7767.64258,Sentinel-1
2019-11-05,13319.19614,JASON-2/3
2019-11-14,9148.560105,Sentinel-3A
2019-11-15,10731.54132,JASON-2/3
2019-11-16,7785.565369,Sentinel-1
2019-11-25,9254.692251,JASON-2/3
2019-11-28,8919.453404,Sentinel-3B
2019-12-05,8236.247102,JASON-2/3
2019-12-10,6818.242093,Sentinel-1
2019-12-11,7151.326052,Sentinel-3A
2019-12-15,7444.748662,JASON-2/3
2019-12-22,6496.044738,Sentinel-1
2019-12-25,6114.450217,JASON-2/3
2020-01-03,5852.052101,Sentinel-1
2020-01-04,5886.44962,JASON-2/3
2020-01-07,5398.63985,Sentinel-3A
2020-01-14,5775.046818,JASON-2/3
2020-01-15,5512.398804,Sentinel-1
2020-01-24,5325.542139,JASON-2/3
2020-01-27,6585.531154,Sentinel-1
2020-02-03,4407.455063,Sentinel-3A
2020-02-08,7158.4752,Sentinel-1
2020-02-11,6118.688592,Sentinel-2
2020-02-17,4708.230123,Sentinel-3B
2020-02-20,5458.784867,Sentinel-1
2020-02-23,4943.551571,JASON-2/3
2020-02-29,5538.061031,Sentinel-2
2020-03-01,4986.377242,Sentinel-3A
2020-03-03,5663.112316,JASON-2/3
2020-03-13,4718.474118,JASON-2/3
2020-03-15,5235.179046,Sentinel-3B
2020-03-23,5627.739559,JASON-2/3
2020-03-27,6821.649137,Sentinel-2
2020-03-28,5208.186239,Sentinel-3A
2020-04-02,5842.49397,JASON-2/3
2020-04-06,6759.837387,Sentinel-2
2020-04-08,11300.66782,Sentinel-1
2020-04-12,7010.297722,JASON-2/3
2020-04-20,7877.807924,Sentinel-1
2020-04-22,7093.944782,JASON-2/3
2020-04-24,7178.66897,Sentinel-3A
2020-05-02,10191.3899,JASON-2/3
2020-05-04,8260.98364,Sentinel-1
2020-05-08,8350.883431,Sentinel-3B
2020-05-12,9157.274428,JASON-2/3
2020-05-14,7348.470428,Sentinel-1
2020-05-16,10263.53648,Sentinel-1
2020-05-21,27579.81866,Sentinel-3A
2020-05-22,20558.51208,JASON-2/3
2020-05-26,11052.97817,Sentinel-1
2020-05-28,14424.66019,Sentinel-1
2020-06-01,32445.71071,JASON-2/3
2020-06-07,21345.16721,Sentinel-1
2020-06-09,25455.38499,Sentinel-1
2020-06-11,31425.09524,JASON-2/3
2020-06-17,26482.86626,Sentinel-3A
2020-06-19,29208.63209,Sentinel-1
2020-06-21,30759.87777,JASON-2/3
2020-06-30,62548.68572,JASON-2/3
2020-07-01,51197.39464,Sentinel-1
2020-07-03,46173.82072,Sentinel-1
2020-07-10,44291.63888,JASON-2/3
2020-07-13,56380.59881,Sentinel-1
2020-07-14,64535.91676,Sentinel-3A
2020-07-15,63258.62429,Sentinel-1
2020-07-19,51578.76287,Sentinel-1
2020-07-20,63353.92704,JASON-2/3
2020-07-21,57483.28347,Sentinel-1
2020-07-25,62122.11521,Sentinel-1
2020-07-27,61879.41876,Sentinel-1
2020-07-28,51640.71536,Sentinel-3B
2020-07-30,55501.43731,JASON-2/3
2020-08-06,58116.38853,Sentinel-1
2020-08-08,46913.23467,Sentinel-1
2020-08-09,43255.24675,JASON-2/3
2020-08-10,39420.07389,Sentinel-3A
2020-08-18,53653.40159,Sentinel-1
2020-08-19,43844.92905,JASON-2/3
2020-08-20,48777.79206,Sentinel-1
2020-08-24,49667.94449,Sentinel-3B
2020-08-29,35927.21784,JASON-2/3
2020-08-30,33786.40607,Sentinel-1
2020-09-01,37319.3512,Sentinel-1
2020-09-06,34932.62315,Sentinel-3A
2020-09-08,34450.13437,JASON-2/3
2020-09-11,45438.10037,Sentinel-1
2020-09-13,38219.64168,Sentinel-1
2020-09-18,44142.30999,JASON-2/3
2020-09-23,55753.50759,Sentinel-1
2020-09-25,58116.38853,Sentinel-1
2020-09-28,44893.23379,JASON-2/3
2020-10-03,45706.41431,Sentinel-3A
2020-10-05,50210.00398,Sentinel-1
2020-10-07,45144.85115,Sentinel-1
2020-10-08,36685.6137,JASON-2/3
2020-10-16,34023.1867,Sentinel-2
2020-10-17,26585.36466,Sentinel-3B
2020-10-18,25948.68254,JASON-2/3
2020-10-29,19969.71257,Sentinel-1
2020-10-30,23455.91654,Sentinel-3A
2020-11-06,12351.79204,JASON-2/3
2020-11-07,6057.201617,Sentinel-2
2020-11-10,7382.908789,Sentinel-2
2020-11-12,5963.074375,Sentinel-2
2020-11-13,11943.85595,Sentinel-3B
2020-11-15,7345.216977,Sentinel-2
2020-11-16,9851.532169,JASON-2/3
2020-11-22,9687.174528,Sentinel-1
2020-11-26,8565.1443,JASON-2/3
2020-11-30,6591.729722,Sentinel-2
2020-12-04,6406.568681,Sentinel-1
2020-12-06,7417.659184,JASON-2/3
2020-12-10,7509.624558,Sentinel-3B
2020-12-16,6616.435215,JASON-2/3
2020-12-23,6123.83918,Sentinel-3A
2020-12-26,8656.655368,JASON-2/3
2020-12-28,8395.138278,Sentinel-1
2021-01-01,5290.091567,Sentinel-2
2021-01-05,5886.44962,JASON-2/3
2021-01-06,5127.476874,Sentinel-3B
2021-01-09,6138.202676,Sentinel-1
2021-01-15,4657.845747,JASON-2/3
2021-01-19,5024.587585,Sentinel-3A
2021-01-21,6334.995243,Sentinel-1
2021-01-25,4583.950263,JASON-2/3
2021-02-02,4016.85796,Sentinel-3B
2021-02-04,3976.771544,JASON-2/3
2021-02-05,5536.896136,Sentinel-2
2021-02-14,4194.214112,JASON-2/3
2021-02-15,4204.845074,Sentinel-3A
2021-02-23,3539.209503,JASON-2/3
2021-02-26,5655.390206,Sentinel-1
2021-03-01,5417.935594,Sentinel-3B
2021-03-05,4550.792349,JASON-2/3
2021-03-10,6558.479513,Sentinel-1
2021-03-14,5305.487523,Sentinel-3A
2021-03-15,4703.041069,JASON-2/3
2021-03-17,5592.854469,Sentinel-2
2021-03-22,5762.288998,Sentinel-2
2021-03-25,5002.845877,JASON-2/3
2021-03-27,5468.946428,Sentinel-2
2021-03-28,5284.554076,Sentinel-3B
2021-04-03,7827.034014,Sentinel-1
2021-04-04,18705.95009,JASON-2/3
2021-04-06,5666.027379,Sentinel-2
2021-04-10,6025.464987,Sentinel-3A
2021-04-14,5540.03548,JASON-2/3
2021-04-15,14278.95794,Sentinel-1
2021-04-17,13555.57171,Sentinel-1
2021-04-24,6543.644618,JASON-2/3
2021-04-27,11827.64765,Sentinel-1
2021-04-29,12897.75467,Sentinel-1
2021-05-04,6367.561547,JASON-2/3
2021-05-07,6995.899387,Sentinel-3A
2021-05-09,13068.63609,Sentinel-1
2021-05-11,9381.84665,Sentinel-1
2021-05-14,7611.720675,JASON-2/3
2021-05-21,7120.311449,Sentinel-3B
2021-05-23,10534.24393,Sentinel-1
2021-05-24,11311.07786,JASON-2/3
2021-06-02,23580.74087,Sentinel-1
2021-06-03,16127.72817,Sentinel-3A
2021-06-04,25149.99196,Sentinel-1
2021-06-12,22793.85741,JASON-2/3
2021-06-14,29080.93784,Sentinel-1
2021-06-16,28762.47099,Sentinel-1
2021-06-22,23748.32855,JASON-2/3
2021-06-26,26440.36853,Sentinel-1
2021-06-28,21287.28528,Sentinel-1
2021-06-30,32856.11081,Sentinel-3A
2021-07-02,35927.21784,JASON-2/3
2021-07-08,34188.40478,Sentinel-1
2021-07-10,30301.08349,Sentinel-1
2021-07-12,34450.13437,JASON-2/3
2021-07-20,31079.7571,Sentinel-1
2021-07-22,34209.01883,JASON-2/3
2021-07-27,26203.14456,Sentinel-3A
2021-08-01,28939.38762,JASON-2/3
2021-08-03,25946.41109,Sentinel-1
2021-08-10,40731.95474,Sentinel-3B
2021-08-11,27111.95177,JASON-2/3
2021-08-13,30301.08349,Sentinel-1
2021-08-15,25884.87218,Sentinel-1
2021-08-21,48811.99323,JASON-2/3
2021-08-23,40080.24201,Sentinel-3A
2021-08-25,45218.10742,Sentinel-1
2021-08-27,50664.97391,Sentinel-1
2021-08-31,54424.53371,JASON-2/3
2021-09-06,57961.34149,Sentinel-3B
2021-09-08,38637.424,Sentinel-1
2021-09-10,41668.08283,JASON-2/3
2021-09-18,34659.28385,Sentinel-1
2021-09-19,30041.5295,Sentinel-3A
2021-09-20,30540.80208,JASON-2/3
2021-09-30,21954.50565,JASON-2/3
2021-10-02,27876.63903,Sentinel-1
2021-10-09,17859.3578,JASON-2/3
2021-10-12,21635.31538,Sentinel-1
2021-10-14,27061.90538,Sentinel-1
2021-10-16,12226.65266,Sentinel-3A
2021-10-19,17043.06496,JASON-2/3
2021-10-24,16286.33054,Sentinel-1
2021-10-29,15752.68237,JASON-2/3
2021-11-05,5820.143521,Sentinel-2
2021-11-07,5023.566862,Sentinel-2
2021-11-08,9682.720526,JASON-2/3
2021-11-12,8693.144311,Sentinel-3A
2021-11-17,4717.234106,Sentinel-2
2021-11-18,7553.904845,JASON-2/3
2021-11-26,7671.900668,Sentinel-3B
2021-11-28,6715.709369,JASON-2/3
2021-11-29,5691.142941,Sentinel-1
2021-11-30,5086.977803,Sentinel-2
2021-12-02,4575.777973,Sentinel-2
2021-12-08,6045.315949,JASON-2/3
2021-12-09,6351.432844,Sentinel-3A
2021-12-11,6710.828665,Sentinel-1
2021-12-17,4559.628648,Sentinel-2
2021-12-18,8295.276823,JASON-2/3
2021-12-23,6331.717654,Sentinel-3B
2021-12-28,5643.612177,JASON-2/3
2022-01-04,6138.202676,Sentinel-1
2022-01-05,4511.668425,Sentinel-3A
2022-01-07,4602.334949,JASON-2/3
2022-01-16,8735.942781,Sentinel-1
2022-01-17,8626.064587,JASON-2/3
2022-01-19,4857.358116,Sentinel-3B
2022-01-27,10658.89212,JASON-2/3
2022-01-28,8520.684859,Sentinel-1
2022-02-01,4204.845074,Sentinel-3A
2022-02-05,3879.526162,JASON-2/3
2022-02-09,6961.481392,Sentinel-1
2022-02-13,5256.096956,Sentinel-2
2022-02-15,3465.327488,JASON-2/3
2022-02-18,4974.257347,Sentinel-2
2022-02-21,6030.882994,Sentinel-1
2022-02-25,3363.985144,JASON-2/3
2022-02-28,3730.974468,Sentinel-3A
2022-03-02,5213.219103,Sentinel-2
2022-03-05,4829.392624,Sentinel-2
2022-03-07,3857.688958,JASON-2/3
2022-03-10,4853.303239,Sentinel-2
2022-03-14,4699.53263,Sentinel-3B
2022-03-15,5021.427838,Sentinel-2
2022-03-17,4243.173159,JASON-2/3
2022-03-20,4949.214136,Sentinel-2
2022-03-27,5019.013719,JASON-2/3
2022-03-29,15128.69478,Sentinel-1
2022-04-06,7349.399865,JASON-2/3
2022-04-10,7248.606837,Sentinel-1
2022-04-16,11074.19779,JASON-2/3
2022-04-22,9780.368692,Sentinel-1
2022-04-23,14965.45965,Sentinel-3A
2022-04-26,9571.466812,JASON-2/3
2022-05-04,8209.653678,Sentinel-1
2022-05-06,10081.46579,JASON-2/3
2022-05-07,9097.398119,Sentinel-3B
2022-05-16,14247.18338,JASON-2/3
2022-05-18,12107.19255,Sentinel-1
2022-05-20,21542.54479,Sentinel-3A
2022-05-26,22395.81914,JASON-2/3
2022-05-28,10724.69238,Sentinel-1
2022-05-30,10615.76914,Sentinel-1
2022-06-03,10215.12152,Sentinel-3B
2022-06-04,18636.43035,JASON-2/3
2022-06-09,24663.77415,Sentinel-1
2022-06-11,27061.90538,Sentinel-1
2022-06-14,35305.38903,JASON-2/3
2022-06-16,34228.46882,Sentinel-3A
2022-06-21,57088.69842,Sentinel-1
2022-06-23,48702.7733,Sentinel-1
2022-06-24,51130.1195,JASON-2/3
2022-07-03,36425.82022,Sentinel-1
2022-07-04,45044.70736,JASON-2/3
2022-07-05,34794.19099,Sentinel-1
2022-07-13,25560.16046,Sentinel-3A
2022-07-14,28013.07125,JASON-2/3
2022-07-15,29914.07692,Sentinel-1
2022-07-17,26874.96913,Sentinel-1
2022-07-24,26524.92527,JASON-2/3
2022-07-27,19529.92945,Sentinel-3B
2022-07-29,26193.02435,Sentinel-1
2022-08-03,41103.27905,JASON-2/3
2022-08-08,31930.2767,Sentinel-1
2022-08-09,28214.78644,Sentinel-3A
2022-08-10,30495.17045,Sentinel-1
2022-08-13,28731.33284,JASON-2/3
2022-08-22,25761.93193,Sentinel-1
2022-08-23,22879.26475,JASON-2/3
2022-09-01,22985.68391,Sentinel-1
2022-09-02,23572.31844,JASON-2/3
2022-09-03,26812.7474,Sentinel-1
2022-09-05,25925.92525,Sentinel-3A
2022-09-12,45348.95133,JASON-2/3
2022-09-13,36837.37573,Sentinel-1
2022-09-15,27124.3077,Sentinel-1
2022-09-22,26817.08031,JASON-2/3
2022-09-25,21345.16721,Sentinel-1
2022-09-27,22808.09934,Sentinel-1
2022-10-01,33850.02183,JASON-2/3
2022-10-02,30460.76948,Sentinel-3A
2022-10-07,20482.13813,Sentinel-1
2022-10-09,24845.75667,Sentinel-1
2022-10-11,28013.07125,JASON-2/3
2022-10-16,27750.25096,Sentinel-3B
2022-10-19,25394.21396,Sentinel-1
2022-10-21,31988.69715,JASON-2/3
2022-10-29,18685.72104,Sentinel-3A
2022-10-31,21301.9824,JASON-2/3
2022-11-10,12189.48479,JASON-2/3
2022-11-12,12743.997,Sentinel-3B
2022-11-15,6516.418857,Sentinel-2
2022-11-24,6370.781133,Sentinel-1
2022-11-25,8086.420117,Sentinel-3A
2022-11-30,5838.953168,Sentinel-2
2022-12-02,4251.904132,Sentinel-2
2022-12-05,5707.296808,Sentinel-2
2022-12-06,6227.647404,Sentinel-1
2022-12-09,6473.19386,Sentinel-3B
2022-12-10,7046.670915,JASON-2/3
2022-12-18,5852.052101,Sentinel-1
2022-12-20,6397.387317,JASON-2/3
2022-12-22,5752.036834,Sentinel-3A
2022-12-30,5387.971183,JASON-2/3
