Date,WL_P,Satellite,Q_R,Q_Final
7/21/2008,18.8276881,JASON-2/3,42196.5154,43255.24675
7/30/2008,19.05427513,JASON-2/3,45844.6665,46739.64708
8/9/2008,19.26115894,JASON-2/3,39262.82337,50125.49228
8/19/2008,19.1232364,JASON-2/3,44513.12141,47846.07586
8/29/2008,18.20703667,JASON-2/3,47208.80251,34814.50139
9/8/2008,19.66507495,JASON-2/3,52549.86107,57336.31643
9/18/2008,18.54199141,JASON-2/3,32552.9816,39177.15361
9/28/2008,18.49273336,JASON-2/3,24236.97487,38508.0162
10/8/2008,17.71445617,JASON-2/3,22533.20904,29148.71494
10/18/2008,16.3647856,JASON-2/3,18127.41973,17447.17496
10/28/2008,15.3796246,JASON-2/3,13394.48702,11670.7117
11/7/2008,15.60621163,JASON-2/3,14560.82651,13449.75387
11/17/2008,14.56194097,JASON-2/3,10872.45099,9417.475401
11/26/2008,14.13832174,JASON-2/3,9766.493641,8090.152247
12/6/2008,13.87232827,JASON-2/3,8824.069054,7336.866879
12/16/2008,13.55707675,JASON-2/3,8118.682129,6518.346801
12/26/2008,13.42900582,JASON-2/3,7521.090216,6207.618667
1/5/2009,13.13345752,JASON-2/3,7017.534591,5535.933945
1/15/2009,12.86746405,JASON-2/3,6588.368012,4982.688947
1/25/2009,12.76894795,JASON-2/3,6196.602554,4789.470654
2/4/2009,12.78865117,JASON-2/3,5991.583971,4827.622978
2/14/2009,12.79850278,JASON-2/3,5816.800956,4846.790745
3/6/2009,12.76894795,JASON-2/3,5966.353788,5716.485024
3/16/2009,12.94627693,JASON-2/3,6016.901848,6044.719637
3/25/2009,13.07434786,JASON-2/3,6170.664101,6290.458243
4/4/2009,13.2122704,JASON-2/3,6460.956295,6563.433277
4/14/2009,13.66544446,JASON-2/3,7340.080195,7523.509982
4/24/2009,14.07921208,JASON-2/3,8720.321207,8489.101303
5/4/2009,14.74912156,JASON-2/3,10872.45099,10246.68917
5/14/2009,14.82793444,JASON-2/3,11291.55368,10470.14876
5/24/2009,14.62105063,JASON-2/3,10667.7495,9891.249564
6/3/2009,15.94116637,JASON-2/3,16846.91165,14721.764
6/13/2009,17.23172728,JASON-2/3,15530.78261,24373.14289
6/23/2009,16.02983086,JASON-2/3,17204.92471,15260.19183
7/3/2009,17.70460456,JASON-2/3,31947.50578,29043.89181
7/13/2009,18.31540438,JASON-2/3,34746.98198,36178.52919
7/22/2009,17.75386261,JASON-2/3,25876.46792,29571.21266
8/1/2009,18.64050751,JASON-2/3,35943.87301,40544.96254
8/11/2009,18.3351076,JASON-2/3,35504.77848,36431.32542
8/21/2009,19.33012021,JASON-2/3,48043.1863,51299.20129
8/31/2009,18.46317853,JASON-2/3,42829.82782,38111.19214
9/10/2009,17.52727558,JASON-2/3,27606.10938,27210.84946
9/20/2009,17.21202406,JASON-2/3,24882.19537,24193.22265
9/30/2009,17.61594007,JASON-2/3,25210.06416,28114.74061
10/10/2009,17.80312066,JASON-2/3,28964.80737,30106.60662
10/20/2009,16.9558822,JASON-2/3,20929.2124,21954.50565
10/30/2009,15.40917943,JASON-2/3,14613.37152,11816.72262
11/9/2009,14.77867639,JASON-2/3,11680.02176,10161.36517
11/18/2009,14.26639267,JASON-2/3,9995.32478,8474.414228
11/28/2009,14.57179258,JASON-2/3,10955.23099,9450.307125
12/8/2009,13.76396056,JASON-2/3,8754.791726,7046.670915
12/18/2009,13.5078187,JASON-2/3,8021.813125,6397.387317
12/28/2009,13.36004455,JASON-2/3,7460.350175,6045.315949
1/7/2010,13.13345752,JASON-2/3,6818.41791,5535.933945
1/17/2010,12.99553498,JASON-2/3,6354.123768,5243.211292
1/27/2010,12.86746405,JASON-2/3,5966.353788,4982.688947
2/6/2010,12.57191575,JASON-2/3,5574.404194,4421.135417
2/16/2010,12.41428999,JASON-2/3,5317.427298,4143.20491
2/26/2010,12.45369643,JASON-2/3,5203.885606,4211.329161
3/7/2010,12.43399321,JASON-2/3,5409.720819,5133.292929
3/27/2010,13.04479303,JASON-2/3,6222.630625,6233.093727
4/6/2010,14.44372165,JASON-2/3,11900.54352,9414.526422
4/16/2010,15.45843748,JASON-2/3,14197.34546,12392.59117
4/26/2010,16.35493399,JASON-2/3,20717.95767,15569.40737
5/6/2010,16.39434043,JASON-2/3,18064.6811,15721.82459
5/16/2010,16.50270814,JASON-2/3,22086.05913,16146.76767
5/26/2010,17.82282388,JASON-2/3,32552.9816,22048.43042
6/5/2010,18.18733345,JASON-2/3,28053.05315,34571.23001
6/15/2010,18.18733345,JASON-2/3,36948.1856,34571.23001
6/25/2010,18.22673989,JASON-2/3,38790.60529,35059.21872
7/4/2010,19.04442352,JASON-2/3,49748.36845,46583.3665
7/14/2010,18.93605581,JASON-2/3,50765.83306,44893.23379
7/24/2010,19.21190089,JASON-2/3,54696.08362,49301.10189
8/3/2010,18.38436565,JASON-2/3,42322.55765,37069.85943
8/13/2010,17.91148837,JASON-2/3,35070.10576,31313.38853
8/23/2010,18.69961717,JASON-2/3,44250.66914,41384.8662
9/2/2010,19.06412674,JASON-2/3,48043.1863,46896.37077
9/12/2010,19.19219767,JASON-2/3,52099.09366,48974.57145
9/22/2010,19.0247203,JASON-2/3,46933.33829,46272.13058
10/2/2010,18.14792701,JASON-2/3,,34088.99719
10/12/2010,17.14306279,JASON-2/3,,23572.31844
10/22/2010,16.80810805,JASON-2/3,,20744.5511
10/31/2010,15.86235349,JASON-2/3,,14256.7339
11/10/2010,15.21214723,JASON-2/3,14771.94324,11791.22317
11/20/2010,14.55208936,JASON-2/3,12397.76438,9384.735635
11/30/2010,14.34520555,JASON-2/3,11767.8235,8718.099146
12/10/2010,14.08906369,JASON-2/3,10267.85002,7946.152471
12/20/2010,13.69499929,JASON-2/3,9070.100806,6866.867604
12/30/2010,13.52752192,JASON-2/3,8249.335636,6445.552146
1/9/2011,13.19256718,JASON-2/3,7490.669554,5665.34892
1/19/2011,13.08419947,JASON-2/3,6874.827968,5429.917107
1/29/2011,12.86746405,JASON-2/3,6460.956295,4982.688947
2/8/2011,12.88716727,JASON-2/3,6016.901848,5022.075572
2/18/2011,12.63102541,JASON-2/3,5916.155553,4529.150913
2/27/2011,12.74924473,JASON-2/3,6514.923973,4751.561627
3/9/2011,12.70983829,JASON-2/3,5694.541758,5610.115696
3/19/2011,12.96598015,JASON-2/3,6514.923973,6082.046782
3/29/2011,14.33535394,JASON-2/3,11462.87237,9131.84356
4/8/2011,13.85262505,JASON-2/3,9541.98934,7949.463965
4/18/2011,14.11861852,JASON-2/3,9579.108992,8585.695668
4/28/2011,14.61119902,JASON-2/3,12770.00842,9864.298068
5/8/2011,14.99541181,JASON-2/3,12676.09687,10957.16832
5/18/2011,15.23185045,JASON-2/3,13055.18321,11673.52672
5/28/2011,15.49784392,JASON-2/3,15475.53809,12520.97187
6/7/2011,16.44359848,JASON-2/3,24963.83182,17998.5687
6/17/2011,17.50757236,JASON-2/3,23683.7567,27013.35819
6/26/2011,17.06424991,JASON-2/3,28324.06428,22879.26475
7/6/2011,18.01000447,JASON-2/3,38673.2837,32445.71071
7/16/2011,18.87694615,JASON-2/3,48183.42224,43993.40705
7/26/2011,19.16264284,JASON-2/3,50765.83306,48488.20554
8/5/2011,18.87694615,JASON-2/3,,43993.40705
8/15/2011,18.67006234,JASON-2/3,,40963.09413
8/25/2011,18.84739132,JASON-2/3,,43549.24394
9/4/2011,17.48786914,JASON-2/3,27428.97997,26817.08031
9/14/2011,17.97059803,JASON-2/3,25127.76575,31988.69715
9/24/2011,18.12822379,JASON-2/3,29243.03684,33850.02183
10/4/2011,17.76371422,JASON-2/3,29995.74825,29677.6424
10/14/2011,16.11849535,JASON-2/3,18064.6811,15815.178
10/23/2011,15.22199884,JASON-2/3,14771.94324,10917.4834
11/2/2011,14.81808283,JASON-2/3,12489.97755,10301.56469
11/12/2011,14.38461199,JASON-2/3,9880.364302,8842.040876
11/22/2011,14.18757979,JASON-2/3,8583.55346,8236.247102
12/2/2011,13.91173471,JASON-2/3,7674.72206,7444.748662
12/12/2011,13.77381217,JASON-2/3,6874.827968,7072.663792
12/22/2011,13.44870904,JASON-2/3,6354.123768,6254.629882
1/1/2012,13.25167684,JASON-2/3,5792.177984,5797.190348
1/11/2012,13.00538659,JASON-2/3,5409.720819,5263.697193
1/21/2012,13.07434786,JASON-2/3,5114.494907,5408.911386
1/31/2012,12.86746405,JASON-2/3,4875.160636,4982.688947
2/10/2012,12.79850278,JASON-2/3,4604.265703,4846.790745
2/19/2012,12.65072863,JASON-2/3,4503.430498,4565.624791
2/29/2012,12.56206414,JASON-2/3,4384.833084,4403.336389
3/10/2012,12.63102541,JASON-2/3,4811.512065,5470.616475
3/20/2012,13.0152382,JASON-2/3,5114.494907,6176.123997
3/30/2012,12.96598015,JASON-2/3,5249.060498,6082.046782
4/9/2012,13.81321861,JASON-2/3,6818.41791,7858.31772
4/19/2012,14.02995403,JASON-2/3,8348.456556,8369.511723
4/29/2012,15.21214723,JASON-2/3,11989.70564,11612.51976
5/9/2012,16.05938569,JASON-2/3,16149.25427,14461.44953
5/19/2012,15.23185045,JASON-2/3,13199.72262,11673.52672
5/29/2012,15.95101798,JASON-2/3,16787.84305,14070.46176
6/7/2012,17.21202406,JASON-2/3,25292.58416,24193.22265
6/17/2012,18.21688828,JASON-2/3,38206.91196,34936.67888
6/27/2012,18.9262042,JASON-2/3,51651.51163,44742.19116
7/7/2012,18.35481082,JASON-2/3,46933.33829,36685.6137
7/17/2012,18.93605581,JASON-2/3,54852.10261,44893.23379
7/27/2012,18.73902361,JASON-2/3,50765.83306,41952.93664
8/6/2012,18.77843005,JASON-2/3,45979.60331,42527.58674
8/16/2012,17.83267549,JASON-2/3,36835.4685,30431.75994
8/26/2012,18.27599794,JASON-2/3,39859.73544,35677.38423
9/5/2012,18.34495921,JASON-2/3,40342.62167,36558.28261
9/15/2012,18.5321398,JASON-2/3,34108.07844,39042.54541
9/25/2012,19.33997182,JASON-2/3,59538.56884,51468.75563
10/4/2012,18.81783649,JASON-2/3,,43108.87866
10/14/2012,17.73415939,JASON-2/3,,29359.32116
10/24/2012,16.48300492,JASON-2/3,,18279.74483
11/3/2012,15.72443095,JASON-2/3,14508.437,13982.33742
11/13/2012,14.89689571,JASON-2/3,11376.94777,10586.63968
11/23/2012,14.84763766,JASON-2/3,9504.988088,10407.73363
12/3/2012,14.36490877,JASON-2/3,8282.267786,8779.893809
12/13/2012,13.97084437,JASON-2/3,7340.080195,7608.964394
12/23/2012,13.72455412,JASON-2/3,6790.35599,6943.46786
1/2/2013,13.44870904,JASON-2/3,6016.901848,6254.629882
1/12/2013,13.07434786,JASON-2/3,5409.720819,5408.911386
1/22/2013,13.37974777,JASON-2/3,4982.779921,6091.33506
1/31/2013,13.17286396,JASON-2/3,4686.264465,5621.942676
2/10/2013,12.90687049,JASON-2/3,4326.505085,5061.712649
2/20/2013,12.75909634,JASON-2/3,4174.076339,4770.485802
3/2/2013,12.70983829,JASON-2/3,4249.728595,5610.115696
3/12/2013,12.57191575,JASON-2/3,3971.724117,5367.718544
3/22/2013,12.56206414,JASON-2/3,3812.229047,5350.711616
4/11/2013,13.43885743,JASON-2/3,5670.345446,7031.139484
4/21/2013,14.34520555,JASON-2/3,9691.18131,9157.274428
5/1/2013,14.32550233,JASON-2/3,,9106.465907
5/11/2013,15.93131476,JASON-2/3,,14000.23727
5/21/2013,15.773689,JASON-2/3,,13447.89758
5/30/2013,17.5469788,JASON-2/3,,20699.28385
6/9/2013,16.65048229,JASON-2/3,,19516.56505
6/19/2013,16.33523077,JASON-2/3,,17244.119
6/29/2013,17.19232084,JASON-2/3,,24014.42677
7/9/2013,18.60110107,JASON-2/3,48183.42224,39993.07226
7/19/2013,18.35481082,JASON-2/3,43470.93803,36685.6137
7/29/2013,18.49273336,JASON-2/3,44513.12141,38508.0162
8/8/2013,18.29570116,JASON-2/3,37630.46252,35927.21784
8/18/2013,18.11837218,JASON-2/3,35178.36131,33731.06639
8/28/2013,17.93119159,JASON-2/3,27695.02628,31537.13874
9/17/2013,18.28584955,JASON-2/3,36499.01298,35802.11676
9/26/2013,16.63077907,JASON-2/3,21938.64152,19367.48265
10/6/2013,17.21202406,JASON-2/3,19755.15047,24193.22265
10/16/2013,17.19232084,JASON-2/3,18829.4549,24014.42677
10/26/2013,15.72443095,JASON-2/3,14931.92761,13472.80078
11/5/2013,15.3796246,JASON-2/3,14197.34546,12474.66142
11/15/2013,14.96585698,JASON-2/3,10346.82698,10841.26266
11/25/2013,14.27624428,JASON-2/3,8348.456556,8504.571121
12/5/2013,13.89203149,JASON-2/3,7075.295202,7390.649179
12/15/2013,13.69499929,JASON-2/3,6222.630625,6866.867604
12/25/2013,13.39945099,JASON-2/3,5622.206485,6137.635992
1/4/2014,13.27138006,JASON-2/3,5070.275539,5841.682632
1/14/2014,12.97583176,JASON-2/3,4706.950722,5202.432189
1/23/2014,13.07434786,JASON-2/3,4404.41887,5408.911386
2/2/2014,12.90687049,JASON-2/3,,5061.712649
2/12/2014,12.59161897,JASON-2/3,,4456.907376
2/22/2014,12.6211738,JASON-2/3,,4511.002217
3/4/2014,12.65072863,JASON-2/3,,5505.243589
3/14/2014,12.79850278,JASON-2/3,,5770.235611
4/3/2014,12.85761244,JASON-2/3,,5878.877596
4/13/2014,13.4093026,JASON-2/3,,6968.753784
4/23/2014,13.46841226,JASON-2/3,,7093.944782
5/3/2014,13.44870904,JASON-2/3,,7052.027868
5/13/2014,15.02496664,JASON-2/3,,11044.85262
5/22/2014,16.48300492,JASON-2/3,,16068.86966
6/1/2014,17.55683041,JASON-2/3,17877.53592,27509.37486
6/11/2014,16.67018551,JASON-2/3,22683.90315,19666.61668
6/21/2014,16.83766288,JASON-2/3,22683.90315,20981.92046
7/1/2014,18.05926252,JASON-2/3,38439.51605,33024.73088
7/11/2014,18.17748184,JASON-2/3,37860.17756,34450.13437
7/21/2014,18.20703667,JASON-2/3,39500.69948,34814.50139
7/31/2014,18.3351076,JASON-2/3,37288.04048,36431.32542
8/10/2014,18.18733345,JASON-2/3,33897.27074,34571.23001
8/20/2014,19.66507495,JASON-2/3,55954.51808,57336.31643
9/8/2014,18.56169463,JASON-2/3,36610.88275,39447.54762
9/18/2014,18.01985608,JASON-2/3,34426.31108,32560.82275
9/28/2014,18.87694615,JASON-2/3,45041.86801,43993.40705
10/8/2014,17.33024338,JASON-2/3,27784.17861,25289.81222
10/18/2014,15.93131476,JASON-2/3,16611.65846,14662.94309
10/28/2014,15.20229562,JASON-2/3,12443.80071,10826.28889
11/7/2014,14.65060546,JASON-2/3,9691.18131,9716.294994
11/17/2014,14.25654106,JASON-2/3,7799.477799,8444.343549
11/27/2014,14.06936047,JASON-2/3,7046.366214,7889.134053
12/7/2014,13.9018831,JASON-2/3,,7417.659184
12/17/2014,13.96099276,JASON-2/3,,7581.394349
12/27/2014,13.29108328,JASON-2/3,,5886.44962
1/5/2015,13.16301235,JASON-2/3,4503.430498,5600.340261
1/15/2015,12.9167221,JASON-2/3,4230.710642,5081.625484
1/25/2015,12.73939312,JASON-2/3,3801.786271,4732.69798
2/4/2015,12.46354804,JASON-2/3,3528.594587,4228.500434
2/14/2015,12.23696101,JASON-2/3,3339.944855,3847.540262
2/24/2015,12.18770296,JASON-2/3,3210.772779,3768.504204
3/6/2015,12.18770296,JASON-2/3,3144.769243,4733.945269
3/16/2015,12.78865117,JASON-2/3,4223.123089,5752.276651
3/26/2015,12.75909634,JASON-2/3,3647.94636,5698.652223
4/5/2015,13.03494142,JASON-2/3,4004.27236,6214.060042
4/15/2015,14.36490877,JASON-2/3,8170.737715,9208.296107
4/25/2015,15.16288918,JASON-2/3,8375.053594,11461.0526
5/4/2015,14.81808283,JASON-2/3,9811.911648,10442.01753
5/14/2015,14.64075385,JASON-2/3,9314.478716,9945.318861
5/24/2015,16.23671467,JASON-2/3,16929.89482,15118.82542
6/3/2015,17.29083694,JASON-2/3,27695.02628,24919.70756
6/13/2015,18.94590742,JASON-2/3,50095.30596,45044.70736
6/23/2015,18.34495921,JASON-2/3,39763.73112,36558.28261
7/3/2015,18.32525599,JASON-2/3,39429.21252,36304.74125
7/13/2015,18.20703667,JASON-2/3,34746.98198,34814.50139
7/23/2015,17.97059803,JASON-2/3,31272.52933,31988.69715
8/2/2015,17.90163676,JASON-2/3,23233.28323,31202.01777
8/12/2015,17.30068855,JASON-2/3,24573.97677,25011.80155
8/22/2015,18.86709454,JASON-2/3,51621.78566,43844.92905
8/31/2015,19.11338479,JASON-2/3,49288.86172,47686.67188
9/10/2015,19.18234606,JASON-2/3,,48811.99323
9/20/2015,18.50258497,JASON-2/3,,38641.06482
9/30/2015,18.37451404,JASON-2/3,,36941.40121
10/10/2015,16.55196619,JASON-2/3,20176.89011,18780.74308
10/20/2015,15.72443095,JASON-2/3,14445.77435,13472.80078
10/30/2015,15.29096011,JASON-2/3,11080.37252,11241.79755
11/9/2015,14.54223775,JASON-2/3,9249.269653,9352.087632
11/19/2015,14.13832174,JASON-2/3,8008.969403,8090.152247
11/29/2015,13.85262505,JASON-2/3,6745.654553,7283.400346
12/9/2015,13.66544446,JASON-2/3,5916.155553,6790.949648
12/19/2015,13.36004455,JASON-2/3,5285.432223,6045.315949
12/28/2015,13.00538659,JASON-2/3,4794.65506,5263.697193
1/7/2016,12.75909634,JASON-2/3,4276.471818,4770.485802
1/17/2016,12.70983829,JASON-2/3,3971.724117,4676.468746
1/27/2016,12.38473516,JASON-2/3,3715.674681,4092.696703
2/6/2016,12.17785135,JASON-2/3,3438.002628,3752.855123
2/16/2016,12.35518033,JASON-2/3,3293.330311,4042.685748
2/26/2016,12.41428999,JASON-2/3,3256.425169,4143.20491
3/7/2016,12.73939312,JASON-2/3,3836.687308,5663.112316
3/17/2016,12.4241416,JASON-2/3,3756.80574,5116.848558
3/27/2016,13.14330913,JASON-2/3,4715.246228,6425.854371
4/16/2016,14.788528,JASON-2/3,10732.90603,10357.96523
4/25/2016,15.41903104,JASON-2/3,12694.83359,12265.20414
5/5/2016,16.2662695,JASON-2/3,17144.82519,15230.538
5/15/2016,15.46828909,JASON-2/3,12287.84851,12424.59298
5/25/2016,17.20217245,JASON-2/3,24396.97461,19101.37799
6/4/2016,16.48300492,JASON-2/3,19714.72479,18279.74483
6/14/2016,16.31552755,JASON-2/3,17374.12597,17109.86154
6/20/2016,16.92026956,Sentinel-3A,27819.90558,21657.59204
6/24/2016,18.38436565,JASON-2/3,39572.29302,37069.85943
7/4/2016,18.37451404,JASON-2/3,40537.11853,36941.40121
7/14/2016,18.75872683,JASON-2/3,45174.85865,42239.43536
7/17/2016,18.58829256,Sentinel-3A,43600.10241,39815.06179
7/24/2016,19.34982343,JASON-2/3,56720.94184,51638.78361
8/3/2016,19.37937826,JASON-2/3,54106.53648,52151.72019
8/13/2016,18.54199141,JASON-2/3,34426.31108,39177.15361
8/22/2016,18.02970769,JASON-2/3,28107.08402,32676.27995
9/1/2016,18.3351076,JASON-2/3,22086.05913,36431.32542
9/9/2016,17.52075784,Sentinel-3A,35395.69712,27145.38552
9/11/2016,18.34495921,JASON-2/3,37561.77201,36558.28261
9/21/2016,17.58638524,JASON-2/3,29749.38946,27810.66495
10/1/2016,18.52228819,JASON-2/3,41223.9421,38908.32849
10/6/2016,17.61607344,Sentinel-3A,32208.73091,28116.11913
10/11/2016,17.39920465,JASON-2/3,24719.58117,25948.68254
10/21/2016,17.85237871,JASON-2/3,31707.92411,30650.17441
10/31/2016,15.86235349,JASON-2/3,15608.39737,14256.7339
11/2/2016,15.45240932,Sentinel-3A,14518.90248,12781.45498
11/10/2016,15.29096011,JASON-2/3,11368.38453,12108.97806
11/20/2016,14.47327648,JASON-2/3,9431.339593,9126.104611
11/29/2016,13.97501752,Sentinel-3A,7862.478331,7620.667415
11/30/2016,13.95114115,JASON-2/3,7768.133603,7553.904845
12/9/2016,13.53737353,JASON-2/3,6706.739625,6469.743875
12/19/2016,13.42900582,JASON-2/3,5891.187024,6207.618667
12/26/2016,13.53656576,Sentinel-3A,5503.327971,6467.757557
12/29/2016,13.33048972,JASON-2/3,5386.524855,5976.812847
1/8/2017,12.92657371,JASON-2/3,4982.779921,5101.601386
1/18/2017,12.39458677,JASON-2/3,4443.80636,4109.477338
1/22/2017,12.07823708,Sentinel-3A,4326.505085,3597.540802
1/28/2017,12.40443838,JASON-2/3,4118.067131,4126.31336
2/7/2017,13.14330913,JASON-2/3,3829.6861,5557.336052
2/17/2017,11.92170949,JASON-2/3,3574.621426,3363.985144
2/18/2017,12.30699452,Sentinel-3A,3558.126923,3962.205128
2/27/2017,11.96111593,JASON-2/3,3607.799153,3421.598189
3/9/2017,12.39458677,JASON-2/3,3836.687308,5067.75337
3/17/2017,12.70732004,Sentinel-3A,4870.895966,5605.617395
3/19/2017,12.61132219,JASON-2/3,4769.460661,5436.153612
3/29/2017,12.69013507,JASON-2/3,5048.284076,5574.992673
4/7/2017,12.89701888,JASON-2/3,7612.962551,5952.156411
4/13/2017,14.36581148,Sentinel-3A,8928.830058,9210.6388
4/17/2017,14.34520555,JASON-2/3,9141.42255,9157.274428
4/27/2017,14.07921208,JASON-2/3,8060.445985,8489.101303
5/7/2017,15.83279866,JASON-2/3,15933.3516,13653.06492
5/10/2017,15.73835612,Sentinel-3A,15820.67584,13326.37237
5/17/2017,15.84265027,JASON-2/3,13502.61097,13687.48727
5/27/2017,15.84265027,JASON-2/3,15955.96576,13687.48727
6/6/2017,17.4484627,JASON-2/3,28251.58498,26428.14035
6/16/2017,17.40905626,JASON-2/3,24046.1155,26043.98104
6/26/2017,17.88193354,JASON-2/3,37174.47103,30980.28081
7/3/2017,18.09265144,Sentinel-3A,41770.27898,33422.16054
7/6/2017,18.88679776,JASON-2/3,49489.4644,44142.30999
7/16/2017,19.50744919,JASON-2/3,59039.00524,54424.53371
7/26/2017,18.57154624,JASON-2/3,38884.6732,39583.3353
7/30/2017,18.1974986,Sentinel-3A,36543.7271,34696.55678
8/4/2017,18.42377209,JASON-2/3,37197.16213,37587.47655
8/24/2017,19.07397835,JASON-2/3,49546.90263,47053.53859
8/26/2017,18.55016632,Sentinel-3A,45388.31541,39289.14983
9/3/2017,18.29570116,JASON-2/3,38392.90229,35927.21784
9/13/2017,19.01486869,JASON-2/3,47015.83836,46117.1732
9/22/2017,18.23562484,Sentinel-3A,32797.7996,35170.04622
9/23/2017,17.69475295,JASON-2/3,32879.74134,28939.38762
10/3/2017,18.19718506,JASON-2/3,38091.04483,34692.6854
10/13/2017,18.14792701,JASON-2/3,27464.33085,34088.99719
10/19/2017,17.85436244,Sentinel-3A,22503.16926,30672.23775
10/23/2017,18.14792701,JASON-2/3,24735.80314,34088.99719
11/2/2017,16.6603339,JASON-2/3,19985.51945,18827.2641
11/12/2017,15.39932782,JASON-2/3,12713.59308,12557.11999
11/15/2017,15.0997416,Sentinel-3A,11759.01897,11349.68632
11/22/2017,14.08906369,JASON-2/3,9941.540417,7946.152471
12/1/2017,13.95114115,JASON-2/3,8401.720291,7553.904845
12/11/2017,13.76396056,JASON-2/3,7643.790999,7046.670915
12/12/2017,13.17436648,Sentinel-3A,7557.729077,5625.243265
12/21/2017,13.84277344,JASON-2/3,6857.864795,7256.785053
12/31/2017,13.54722514,JASON-2/3,6144.815025,6494.008704
1/8/2018,13.55562888,Sentinel-3A,5622.206485,6514.765284
1/10/2018,13.13345752,JASON-2/3,5489.202581,5535.933945
1/20/2018,12.86746405,JASON-2/3,5181.418381,4982.688947
1/30/2018,12.40443838,JASON-2/3,4748.548607,4126.31336
2/4/2018,12.6691938,Sentinel-3A,4665.653046,4600.021291
2/9/2018,12.25666423,JASON-2/3,4523.450817,3879.526162
2/19/2018,12.06948364,JASON-2/3,3997.020525,3584.144322
3/1/2018,12.00052237,JASON-2/3,3900.173271,4446.447942
3/11/2018,12.07933525,JASON-2/3,4018.808501,4565.847837
3/21/2018,12.77879956,JASON-2/3,4088.449273,5734.359811
3/30/2018,12.89795124,Sentinel-3A,4571.798439,5953.898481
4/9/2018,12.80835439,JASON-2/3,5294.55747,5788.236756
4/19/2018,13.66544446,JASON-2/3,6569.261899,7523.509982
4/26/2018,13.63188136,Sentinel-3A,7964.149507,7448.988419
4/29/2018,14.56194097,JASON-2/3,8209.959308,9730.369056
5/9/2018,14.0003992,JASON-2/3,8335.184115,8298.369586
5/19/2018,15.14318596,JASON-2/3,11454.25596,11400.88417
5/23/2018,14.36581148,Sentinel-3A,10003.02776,9210.6388
5/29/2018,15.75398578,JASON-2/3,14644.97333,13380.02715
6/8/2018,16.01012764,JASON-2/3,16321.39849,15139.12465
6/18/2018,16.59137263,JASON-2/3,22911.49789,19072.20502
6/19/2018,16.97745892,Sentinel-3A,28524.1714,22136.0663
6/28/2018,17.31054016,JASON-2/3,31628.39276,25104.18316
7/8/2018,18.73902361,JASON-2/3,50385.93856,41952.93664
7/16/2018,18.16890392,Sentinel-3A,41075.96575,34344.98719
7/18/2018,18.32525599,JASON-2/3,41471.54368,36304.74125
7/27/2018,18.29570116,JASON-2/3,36387.42455,35927.21784
8/6/2018,18.86709454,JASON-2/3,45308.17212,43844.92905
8/12/2018,18.35953512,Sentinel-3A,40952.98613,36746.80772
8/16/2018,18.59124946,JASON-2/3,41695.42974,39856.09668
8/26/2018,18.04941091,JASON-2/3,34854.41664,32908.23317
9/5/2018,18.73902361,JASON-2/3,42398.33153,41952.93664
9/8/2018,18.35953512,Sentinel-3A,41322.8364,36746.80772
9/15/2018,19.25130733,JASON-2/3,49031.92726,49959.68834
9/25/2018,18.32525599,JASON-2/3,32982.40526,36304.74125
10/5/2018,17.65534651,JASON-2/3,28378.52407,28524.54428
10/15/2018,16.19730823,JASON-2/3,17630.49246,16322.73431
10/25/2018,15.48799231,JASON-2/3,13355.34623,12213.65831
11/1/2018,16.0528976,Sentinel-3A,10955.23099,15551.85932
11/4/2018,14.97570859,JASON-2/3,10220.70233,10878.03661
11/14/2018,14.51268292,JASON-2/3,9497.602019,9254.692251
11/23/2018,14.22698623,JASON-2/3,8028.241336,8354.646926
11/28/2018,14.08939624,Sentinel-3A,7643.790999,7947.117666
12/3/2018,13.85262505,JASON-2/3,7034.821896,7283.400346
12/12/2018,13.4904303,Sentinel-3B,6139.655914,6355.122368
12/13/2018,13.32063811,JASON-2/3,6021.975968,5954.117981
12/23/2018,13.14330913,JASON-2/3,5456.35928,5557.336052
12/25/2018,12.44043636,Sentinel-3A,5400.432594,4188.305713
1/2/2019,13.05464464,JASON-2/3,4991.473192,5367.096345
1/8/2019,12.70722915,Sentinel-3B,4678.010929,4671.530726
1/12/2019,12.69998668,JASON-2/3,4511.429861,4657.845747
1/21/2019,12.55481508,Sentinel-3A,4125.499104,4390.276328
1/22/2019,12.7196899,JASON-2/3,4092.141894,4695.151686
2/1/2019,12.51280609,JASON-2/3,3767.146804,4315.205062
2/4/2019,12.45583125,Sentinel-3B,3691.853124,4215.045358
2/11/2019,12.48325126,JASON-2/3,3548.260308,4263.012211
2/21/2019,12.44384482,JASON-2/3,3541.695077,4194.214112
3/3/2019,11.9433663,Sentinel-3B,3691.853124,4361.339839
3/12/2019,12.75909634,JASON-2/3,4307.204853,5698.652223
3/16/2019,12.42137324,Sentinel-3A,4211.76275,5112.234742
3/22/2019,12.69998668,JASON-2/3,3971.724117,5592.533423
3/30/2019,12.3688089,Sentinel-3B,4794.65506,5025.222649
4/1/2019,12.89701888,JASON-2/3,4686.264465,5952.156411
4/12/2019,12.6691938,Sentinel-3A,6259.220946,5537.844473
4/21/2019,13.16301235,JASON-2/3,6253.982948,6464.938871
5/1/2019,13.85262505,JASON-2/3,7262.763454,7949.463965
5/9/2019,15.82414016,Sentinel-3A,17289.35508,13622.86525
5/11/2019,16.01012764,JASON-2/3,18790.59425,14282.72731
5/21/2019,16.44359848,JASON-2/3,22548.24129,15913.92288
5/23/2019,18.2476521,Sentinel-3B,20094.69039,24254.45201
5/31/2019,16.29582433,JASON-2/3,20094.69039,15342.87097
6/5/2019,16.36743908,Sentinel-3A,17889.96244,17465.50413
6/10/2019,15.93131476,JASON-2/3,15332.65836,14662.94309
6/20/2019,17.31054016,JASON-2/3,24477.29968,25104.18316
6/30/2019,17.98044964,JASON-2/3,36432.0262,32102.43703
7/2/2019,17.9592096,Sentinel-3A,37975.46689,31857.63903
7/9/2019,18.06911413,JASON-2/3,35877.72555,33141.57714
7/16/2019,18.3443436,Sentinel-3B,74966.33626,36550.33833
7/29/2019,19.08382996,JASON-2/3,51562.37592,47211.15159
8/8/2019,18.69961717,JASON-2/3,41471.54368,41384.8662
8/12/2019,18.3443436,Sentinel-3B,37653.3823,36550.33833
8/18/2019,18.32525599,JASON-2/3,33499.6884,36304.74125
8/25/2019,17.863894,Sentinel-3A,28505.93193,30778.43653
8/28/2019,17.41890787,JASON-2/3,26712.49247,26139.57532
9/7/2019,18.39421726,JASON-2/3,22160.0729,37198.69516
9/17/2019,18.48288175,JASON-2/3,34962.12438,38375.35517
9/21/2019,18.16890392,Sentinel-3A,40052.31612,34344.98719
9/27/2019,18.76857844,JASON-2/3,39859.73544,42383.30398
10/5/2019,18.49905,Sentinel-3B,30320.43948,38593.27946
10/7/2019,18.0395593,JASON-2/3,26955.39445,32792.08314
10/17/2019,17.07410152,JASON-2/3,21982.78156,22964.94253
10/18/2019,17.21574792,Sentinel-3A,20788.18011,24227.14079
10/27/2019,15.95101798,JASON-2/3,13671.12307,14780.78431
11/5/2019,15.5766568,JASON-2/3,13345.57575,13319.19614
11/14/2019,14.4801902,Sentinel-3A,9804.329939,9148.560105
11/15/2019,14.93630215,JASON-2/3,9586.547156,10731.54132
11/25/2019,14.51268292,JASON-2/3,8381.713732,9254.692251
11/28/2019,14.40899955,Sentinel-3B,8138.170908,8919.453404
12/5/2019,14.18757979,JASON-2/3,7209.62992,8236.247102
12/11/2019,13.80344944,Sentinel-3A,6668.009547,7151.326052
12/15/2019,13.91173471,JASON-2/3,6327.643955,7444.748662
12/25/2019,13.38959938,JASON-2/3,5660.690631,6114.450217
1/4/2020,13.29108328,JASON-2/3,5190.395676,5886.44962
1/7/2020,13.06951932,Sentinel-3A,5013.260962,5398.63985
1/14/2020,13.24182523,JASON-2/3,4917.976514,5775.046818
1/24/2020,13.03494142,JASON-2/3,4571.798439,5325.542139
2/3/2020,12.56434664,Sentinel-3A,4511.429861,4407.455063
2/17/2020,12.72656745,Sentinel-3B,3907.280284,4708.230123
2/23/2020,12.84776083,JASON-2/3,3829.6861,4943.551571
3/1/2020,12.34512076,Sentinel-3A,3989.779495,4986.377242
3/3/2020,12.73939312,JASON-2/3,3989.779495,5663.112316
3/13/2020,12.17785135,JASON-2/3,3935.814953,4718.474118
3/15/2020,12.49450785,Sentinel-3B,3953.736001,5235.179046
3/23/2020,12.7196899,JASON-2/3,4044.351185,5627.739559
3/28/2020,12.4785626,Sentinel-3A,4230.710642,5208.186239
4/2/2020,12.83790922,JASON-2/3,4062.677592,5842.49397
4/12/2020,13.42900582,JASON-2/3,5226.432904,7010.297722
4/22/2020,13.46841226,JASON-2/3,5718.822934,7093.944782
4/24/2020,13.50797108,Sentinel-3A,5916.155553,7178.66897
5/2/2020,14.72941834,JASON-2/3,9119.977762,10191.3899
5/8/2020,14.02223355,Sentinel-3B,7799.477799,8350.883431
5/12/2020,14.34520555,JASON-2/3,7957.763541,9157.274428
5/21/2020,18.83611312,Sentinel-3A,10346.82698,27579.81866
5/22/2020,17.51742397,JASON-2/3,10839.48339,20558.51208
6/1/2020,18.01000447,JASON-2/3,32027.69643,32445.71071
6/11/2020,17.92133998,JASON-2/3,29976.73819,31425.09524
6/17/2020,17.45403692,Sentinel-3A,30243.78269,26482.86626
6/21/2020,17.86223032,JASON-2/3,39955.93034,30759.87777
6/30/2020,19.93106842,JASON-2/3,64299.89212,62548.68572
7/10/2020,18.89664937,JASON-2/3,47875.34651,44291.63888
7/14/2020,20.02755812,Sentinel-3A,67867.76549,64535.91676
7/20/2020,19.97047486,JASON-2/3,64692.50728,63353.92704
7/28/2020,19.3499352,Sentinel-3B,64051.06817,51640.71536
7/30/2020,19.56655885,JASON-2/3,59205.14185,55501.43731
8/9/2020,18.8276881,JASON-2/3,40952.98613,43255.24675
8/10/2020,18.55969788,Sentinel-3A,38556.25415,39420.07389
8/19/2020,18.86709454,JASON-2/3,46823.52345,43844.92905
8/24/2020,19.2339054,Sentinel-3B,45068.44034,49667.94449
8/29/2020,18.29570116,JASON-2/3,34725.52777,35927.21784
9/6/2020,18.21656172,Sentinel-3A,30397.25601,34932.62315
9/8/2020,18.17748184,JASON-2/3,33250.56608,34450.13437
9/18/2020,18.88679776,JASON-2/3,47568.89287,44142.30999
9/28/2020,18.93605581,JASON-2/3,47264.05462,44893.23379
10/3/2020,18.98861808,Sentinel-3A,50473.39828,45706.41431
10/8/2020,18.35481082,JASON-2/3,37038.56341,36685.6137
10/17/2020,17.46445095,Sentinel-3B,26113.10412,26585.36466
10/18/2020,17.39920465,JASON-2/3,24061.97307,25948.68254
10/30/2020,17.12996388,Sentinel-3A,17836.16543,23455.91654
11/6/2020,15.35006977,JASON-2/3,13721.01332,12351.79204
11/13/2020,15.2502156,Sentinel-3B,12505.4011,11943.85595
11/16/2020,14.6900119,JASON-2/3,10905.50102,9851.532169
11/26/2020,14.2959475,JASON-2/3,8775.52778,8565.1443
12/6/2020,13.9018831,JASON-2/3,7557.729077,7417.659184
12/10/2020,13.9352112,Sentinel-3B,7115.959848,7509.624558
12/16/2020,13.59648319,JASON-2/3,6651.467358,6616.435215
12/23/2020,13.39359236,Sentinel-3A,6124.199953,6123.83918
12/26/2020,14.32550233,JASON-2/3,5896.173783,8656.655368
1/5/2021,13.29108328,JASON-2/3,5354.188001,5886.44962
1/6/2021,12.93928875,Sentinel-3B,5299.124951,5127.476874
1/15/2021,12.69998668,JASON-2/3,4930.881419,4657.845747
1/19/2021,12.88841968,Sentinel-3A,4819.958829,5024.587585
1/25/2021,12.66058024,JASON-2/3,4657.429386,4583.950263
2/2/2021,12.33980145,Sentinel-3B,4451.718517,4016.85796
2/4/2021,12.31577389,JASON-2/3,4377.018856,3976.771544
2/14/2021,12.44384482,JASON-2/3,3950.146433,4194.214112
2/15/2021,12.44996792,Sentinel-3A,3917.960775,4204.845074
2/23/2021,12.03992881,JASON-2/3,3732.767367,3539.209503
3/1/2021,12.6008685,Sentinel-3B,3658.040365,5417.935594
3/5/2021,12.06948364,JASON-2/3,3611.130809,4550.792349
3/14/2021,12.53575196,Sentinel-3A,4099.535366,5305.487523
3/15/2021,12.16799974,JASON-2/3,4048.011016,4703.041069
3/25/2021,12.35518033,JASON-2/3,4062.677592,5002.845877
3/28/2021,12.5235153,Sentinel-3B,3989.779495,5284.554076
4/4/2021,17.11350796,JASON-2/3,4192.884716,18705.95009
4/10/2021,12.93607748,Sentinel-3A,4636.922386,6025.464987
4/14/2021,12.67043185,JASON-2/3,4943.814165,5540.03548
4/24/2021,13.20241879,JASON-2/3,6011.831245,6543.644618
5/4/2021,13.1137543,JASON-2/3,6306.525518,6367.561547
5/7/2021,13.42218704,Sentinel-3A,6222.630625,6995.899387
5/14/2021,13.7048509,JASON-2/3,7115.959848,7611.720675
5/21/2021,13.48076115,Sentinel-3B,9661.190453,7120.311449
5/24/2021,15.11363113,JASON-2/3,10732.90603,11311.07786
6/3/2021,16.16727632,Sentinel-3A,18304.04208,16127.72817
6/12/2021,17.0543983,JASON-2/3,25259.54954,22793.85741
6/22/2021,17.16276601,JASON-2/3,24784.52162,23748.32855
6/30/2021,18.04499364,Sentinel-3A,29112.92413,32856.11081
7/2/2021,18.29570116,JASON-2/3,35005.28407,35927.21784
7/12/2021,18.17748184,JASON-2/3,37607.55421,34450.13437
7/22/2021,18.15777862,JASON-2/3,34940.56096,34209.01883
7/27/2021,17.42544224,Sentinel-3A,28269.69049,26203.14456
8/1/2021,17.69475295,JASON-2/3,27182.57025,28939.38762
8/10/2021,18.6537564,Sentinel-3B,25742.04111,40731.95474
8/11/2021,17.51742397,JASON-2/3,25474.91044,27111.95177
8/21/2021,19.18234606,JASON-2/3,43600.10241,48811.99323
8/23/2021,18.60735568,Sentinel-3A,44015.55167,40080.24201
8/31/2021,19.50744919,JASON-2/3,55228.04229,54424.53371
9/6/2021,19.6980246,Sentinel-3B,49604.39569,57961.34149
9/10/2021,18.71932039,JASON-2/3,38884.6732,41668.08283
9/19/2021,17.79717308,Sentinel-3A,26868.43606,30041.5295
9/20/2021,17.8425271,JASON-2/3,26608.94427,30540.80208
9/30/2021,16.9558822,JASON-2/3,18764.72382,21954.50565
10/9/2021,16.42389526,JASON-2/3,18700.17591,17859.3578
10/16/2021,15.49053556,Sentinel-3A,14508.437,12226.65266
10/19/2021,16.30567594,JASON-2/3,12817.17835,17043.06496
10/29/2021,16.10864374,JASON-2/3,18431.06554,15752.68237
11/8/2021,14.64075385,JASON-2/3,10354.75208,9682.720526
11/12/2021,14.3372168,Sentinel-3A,9206.005927,8693.144311
11/18/2021,13.95114115,JASON-2/3,8151.184794,7553.904845
11/26/2021,13.9932261,Sentinel-3B,7156.816544,7671.900668
11/28/2021,13.63588963,JASON-2/3,7011.779928,6715.709369
12/8/2021,13.36004455,JASON-2/3,6098.511146,6045.315949
12/9/2021,13.48890796,Sentinel-3A,6032.134767,6351.432844
12/18/2021,14.20728301,JASON-2/3,5622.206485,8295.276823
12/23/2021,13.48076115,Sentinel-3B,5300.267327,6331.717654
12/28/2021,13.18271557,JASON-2/3,4987.124998,5643.612177
1/5/2022,12.621536,Sentinel-3A,4686.264465,4511.668425
1/7/2022,12.67043185,JASON-2/3,4632.829912,4602.334949
1/17/2022,14.31565072,JASON-2/3,4330.373654,8626.064587
1/19/2022,12.80392065,Sentinel-3B,4249.728595,4857.358116
1/27/2022,14.91659893,JASON-2/3,4092.141894,10658.89212
2/1/2022,12.44996792,Sentinel-3A,3047.859561,4204.845074
2/5/2022,12.25666423,JASON-2/3,3150.723051,3879.526162
2/15/2022,11.99067076,JASON-2/3,3121.046474,3465.327488
2/25/2022,11.92170949,JASON-2/3,2883.48869,3363.985144
2/28/2022,12.16402112,Sentinel-3A,2858.649394,3730.974468
3/7/2022,11.58675475,JASON-2/3,2812.210876,3857.688958
3/14/2022,12.16575675,Sentinel-3B,2905.716846,4699.53263
3/17/2022,11.86259983,JASON-2/3,2933.700057,4243.173159
3/27/2022,12.36503194,JASON-2/3,3548.260308,5019.013719
4/6/2022,13.58663158,JASON-2/3,6032.134767,7349.399865
4/16/2022,15.03481825,JASON-2/3,10283.60561,11074.19779
4/23/2022,16.195871,Sentinel-3A,16058.05648,14965.45965
4/26/2022,14.50283131,JASON-2/3,11998.65199,9571.466812
5/6/2022,14.6900119,JASON-2/3,10267.85002,10081.46579
5/7/2022,14.3219772,Sentinel-3B,10111.38324,9097.398119
5/16/2022,16.00027603,JASON-2/3,11488.75358,14247.18338
5/20/2022,17.7209206,Sentinel-3A,27837.78323,21542.54479
5/26/2022,17.89178515,JASON-2/3,24622.43297,22395.81914
6/3/2022,15.06650175,Sentinel-3B,17655.06971,10215.12152
6/4/2022,16.53226297,JASON-2/3,17508.02792,18636.43035
6/14/2022,18.24644311,JASON-2/3,29094.37554,35305.38903
6/16/2022,18.15937236,Sentinel-3A,36165.08944,34228.46882
6/24/2022,19.3202686,JASON-2/3,45495.35448,51130.1195
7/4/2022,18.94590742,JASON-2/3,39572.29302,45044.70736
7/13/2022,17.35872132,Sentinel-3A,24046.1155,25560.16046
7/14/2022,17.60608846,JASON-2/3,23372.32446,28013.07125
7/24/2022,17.45831431,JASON-2/3,21689.88943,26524.92527
7/27/2022,16.65224235,Sentinel-3B,25825.99036,19529.92945
8/3/2022,18.67991395,JASON-2/3,32797.7996,41103.27905
8/9/2022,17.625605,Sentinel-3A,26712.49247,28214.78644
8/13/2022,17.67504973,JASON-2/3,22368.3976,28731.33284
8/23/2022,17.06424991,JASON-2/3,18052.15484,22879.26475
9/2/2022,17.14306279,JASON-2/3,20703.93662,23572.31844
9/5/2022,17.39684756,Sentinel-3A,24380.93565,25925.92525
9/12/2022,18.96561064,JASON-2/3,34341.21124,45348.95133
9/22/2022,17.48786914,JASON-2/3,21028.40252,26817.08031
10/1/2022,18.12822379,JASON-2/3,28107.08402,33850.02183
10/2/2022,17.83529932,Sentinel-3A,27376.02382,30460.76948
10/11/2022,17.60608846,JASON-2/3,22338.53869,28013.07125
10/16/2022,17.58048075,Sentinel-3B,34554.28603,27750.25096
10/21/2022,17.97059803,JASON-2/3,26130.07459,31988.69715
10/29/2022,16.53900716,Sentinel-3A,16390.67743,18685.72104
10/31/2022,16.87706932,JASON-2/3,18077.21452,21301.9824
11/10/2022,15.31066333,JASON-2/3,10757.42397,12189.48479
11/12/2022,15.4435986,Sentinel-3B,10064.82757,12743.997
11/25/2022,14.13705404,Sentinel-3A,7209.62992,8086.420117
12/9/2022,13.53877605,Sentinel-3B,5627.0052,6473.19386
12/10/2022,13.76396056,JASON-2/3,5588.709641,7046.670915
12/20/2022,13.5078187,JASON-2/3,4943.814165,6397.387317
12/22/2022,13.23155584,Sentinel-3A,4824.186784,5752.036834
12/30/2022,13.06449625,JASON-2/3,4272.642905,5387.971183
