timestamp,temperature,ph,tds,water_distance_cm
2026-10-06T19:09:49.905664,24.66,72.78,0.0,20.1
2026-10-06T19:09:54.410116,24.64,72.78,0.0,20.1
2026-10-06T19:09:58.661995,24.69,72.78,0.0,20.1
2026-10-06T19:10:02.874812,25.25,72.78,0.0,20.1
2026-10-06T19:10:07.244851,24.71,72.78,0.0,20.1
2026-10-06T19:10:10.830724,24.71,72.78,0.0,20.1
2026-10-06T19:10:14.481266,24.71,72.78,0.0,20.1
2026-10-06T19:10:18.595566,25.09,72.78,0.0,20.1
2026-10-06T19:10:22.408040,25.19,72.78,0.0,20.1
2026-10-06T19:10:25.845915,25.47,72.78,0.0,20.1
2026-10-06T19:10:29.627694,25.47,72.78,0.0,20.1
2026-10-06T19:10:33.650561,25.17,72.78,0.0,20.1
2026-10-06T19:10:37.625963,24.77,72.78,0.0,20.1
2026-10-06T19:10:41.135989,24.05,72.78,0.0,20.1
2026-10-06T19:10:45.809433,24.71,72.78,0.0,20.1
2026-10-06T19:10:49.228055,25.02,72.78,0.0,20.1
2026-10-06T19:10:53.631547,24.46,72.78,0.0,20.1
2026-10-06T19:10:57.535871,25.72,72.78,0.0,20.1
2026-10-06T19:11:01.659330,25.52,72.78,0.0,20.1
2026-10-06T19:11:05.710255,25.07,72.78,0.0,20.1
2026-10-06T19:11:09.508377,24.71,72.78,0.0,20.1
2026-10-06T19:11:12.903004,24.36,72.78,0.0,20.1
2026-10-06T19:11:16.883750,23.8,72.78,0.0,20.1
2026-10-06T19:11:20.659014,24.38,72.78,0.0,20.1
2026-10-06T19:11:24.453002,24.94,72.78,0.0,20.1
2026-10-06T19:11:27.955675,24.28,72.78,0.0,20.1
2026-10-06T19:11:31.647089,23.72,72.78,0.0,20.1
2026-10-06T19:11:35.413046,24.23,72.78,0.0,20.1
2026-10-06T19:11:38.916240,24.28,72.78,0.0,20.1
2026-10-06T19:11:42.302648,24.05,72.78,0.0,20.1
2026-10-06T19:11:45.675729,24.46,72.78,0.0,20.1
2026-10-06T19:16:59.779550,26.0,7.1,0.0,20.1
2026-10-06T19:17:03.659740,26.02,7.08,0.0,20.1
2026-10-06T19:17:07.383307,25.6,7.22,0.0,20.1
2026-10-06T19:17:11.447949,25.12,7.26,0.0,20.1
2026-10-06T19:17:15.370277,25.6,7.26,0.0,20.1
2026-10-06T19:17:18.923209,25.52,7.42,0.0,20.1
2026-10-06T19:17:22.293221,25.5,7.16,0.0,20.1
2026-10-06T19:17:26.937138,25.62,7.41,0.0,20.1
2026-10-06T19:17:30.419514,25.45,7.21,0.0,20.1
2026-10-06T19:17:34.169388,25.55,7.35,0.0,20.1
2026-10-06T19:17:38.002085,25.65,7.45,0.0,20.1
2026-10-06T19:17:42.067425,25.5,7.31,0.0,20.1
2026-10-06T19:17:45.464996,25.27,7.21,0.0,20.1
2026-10-06T19:17:49.406692,25.65,7.3,0.0,20.1
2026-10-06T19:17:53.019861,25.45,7.44,0.0,20.1
2026-10-06T19:17:57.522321,25.62,7.16,0.0,20.1
2026-10-06T19:18:00.896277,25.65,7.23,0.0,20.1
2026-10-06T19:18:04.695749,25.47,7.33,0.0,20.1
2026-10-06T19:18:08.115856,25.47,7.27,0.0,20.1
2026-10-06T19:18:11.893052,25.5,7.05,0.0,20.1
2026-10-06T19:18:15.461002,25.5,7.3,0.0,20.1
2026-10-06T19:18:19.948078,25.27,7.32,0.0,20.1
2026-10-06T19:18:23.463911,25.45,7.03,0.0,20.1
2026-10-06T19:18:28.168081,25.42,7.36,0.0,20.1
2026-10-06T19:18:31.868138,25.52,7.36,0.0,20.1
2026-10-06T19:18:36.864497,25.47,7.43,0.0,20.1
2026-10-06T19:18:43.403019,25.72,7.48,0.0,20.1
2026-10-06T19:18:54.453972,25.5,7.24,0.0,20.1
2026-10-06T19:19:06.218043,25.8,7.46,0.0,20.1
2026-10-06T19:19:10.306020,26.37,7.1,0.0,20.1
2026-10-06T19:19:14.734734,25.72,7.26,0.0,20.1
2026-10-06T19:19:17.939343,25.65,7.26,0.0,20.1
2026-10-06T19:19:21.919922,25.72,7.43,0.0,20.1
2026-10-06T19:19:25.309418,25.75,7.17,0.0,20.1
2026-10-06T19:19:28.863169,25.62,7.14,0.0,20.1
2026-10-06T19:19:32.459576,25.6,7.44,0.1,20.1
2026-10-06T19:19:36.333308,26.15,7.2,0.0,20.1
2026-10-06T19:19:39.612743,26.05,7.38,0.0,20.1
2026-10-06T19:19:43.248391,25.95,7.33,0.0,20.1
2026-10-06T19:19:46.961789,25.85,7.18,0.0,20.1
2026-10-06T19:19:50.366654,25.5,7.02,0.0,20.1
2026-10-06T19:19:54.497705,25.85,7.3,0.0,20.1
2026-10-06T19:19:59.948838,25.85,7.3,0.0,20.1
2026-10-06T19:20:03.387318,26.2,7.28,0.0,20.1
2026-10-06T19:20:09.122234,25.85,7.03,0.2,20.1
2026-10-06T19:20:12.897707,25.57,7.15,0.0,20.1
2026-10-06T19:20:16.472156,25.87,7.28,0.0,20.1
2026-10-06T19:20:19.854047,25.8,7.02,0.0,20.1
2026-10-06T19:20:22.976009,25.85,7.37,0.0,20.1
2026-10-06T19:20:26.762983,25.95,7.34,0.0,20.1
2026-10-06T19:20:31.139556,25.92,7.0,0.0,20.1
2026-10-06T19:20:34.612084,26.0,7.13,0.0,20.1
2026-10-06T19:20:38.441118,26.0,7.3,0.0,20.1
2026-10-06T19:20:41.687989,26.07,7.22,0.2,20.1
2026-10-06T19:20:46.441048,26.2,7.16,0.0,20.1
2026-10-06T19:20:50.178670,25.95,7.05,0.0,20.1
2026-10-06T19:20:53.960164,26.8,7.22,0.7,20.1
2026-10-06T19:20:57.642953,25.95,7.21,0.0,20.1
2026-10-06T19:21:01.542104,26.05,7.47,0.0,20.1
2026-10-06T19:21:04.710230,26.45,7.18,0.0,20.1
2026-10-06T19:21:08.668639,26.12,7.3,0.0,20.1
2026-10-06T19:21:12.388420,25.87,7.0,0.0,20.1
2026-10-06T19:21:15.905315,26.27,7.18,0.0,20.1
2026-10-06T19:21:19.989891,26.27,7.2,0.0,20.1
2026-10-06T19:21:23.688429,25.8,7.16,0.0,20.1
2026-10-06T19:21:27.043182,26.37,7.31,0.0,20.1
2026-10-06T19:21:30.655181,27.07,7.0,0.0,20.1
2026-10-06T19:21:34.699798,26.15,7.27,0.0,20.1
2026-10-06T19:21:40.479840,25.75,7.31,0.3,20.1
2026-10-06T19:21:46.336541,26.45,7.38,0.0,20.1
2026-10-06T19:21:50.067736,26.0,7.29,0.0,20.1
2026-10-06T19:21:54.026335,26.25,7.08,0.0,20.1
2026-10-06T19:21:57.611967,26.05,7.31,0.0,20.1
2026-10-06T19:22:01.296137,26.35,7.39,0.0,20.1
2026-10-06T19:22:05.458009,26.37,7.15,0.0,20.1
2026-10-06T19:22:09.261193,26.22,7.32,0.0,20.1
2026-10-06T19:22:13.434214,26.32,7.23,0.0,20.1
2026-10-06T19:22:16.944181,26.05,7.09,0.0,20.1
2026-10-06T19:22:23.475411,26.27,7.21,0.0,20.1
2026-10-06T19:22:27.462683,26.27,7.19,0.0,20.1
2026-10-06T19:22:30.828196,26.4,7.39,0.0,20.1
2026-10-06T19:22:34.507620,26.77,7.27,0.0,20.1
2026-10-06T19:22:40.032177,26.27,7.49,0.0,20.1
2026-10-06T19:22:43.623191,26.62,7.49,0.0,20.1
2026-10-06T19:22:47.036224,26.75,7.49,0.0,20.1
2026-10-06T19:22:51.340405,26.72,7.39,0.0,20.1
2026-10-06T19:22:54.717261,26.15,7.24,0.0,20.1
2026-10-06T19:22:58.725953,26.25,7.32,0.0,20.1
2026-10-06T19:23:02.355057,26.45,7.24,0.0,20.1
2026-10-06T19:23:05.738901,27.1,7.16,0.0,20.1
2026-10-06T19:23:11.068144,26.65,7.41,0.0,20.1
2026-10-06T19:23:53.903481,26.7,7.35,0.0,20.1
2026-10-06T19:23:57.667854,26.62,7.05,0.0,20.1
2026-10-06T19:24:01.161509,26.67,7.49,0.0,20.1
2026-10-06T19:24:07.011123,26.62,7.36,0.0,20.1
2026-10-06T19:24:10.356702,26.67,7.28,0.0,20.1
2026-10-06T19:24:14.041214,26.8,7.02,0.0,20.1
2026-10-06T19:24:18.888459,26.75,7.12,0.0,20.1
2026-10-06T19:24:22.639851,26.42,7.02,0.0,20.1
2026-10-06T19:24:26.116276,26.72,7.21,0.0,20.1
2026-10-06T19:24:29.845216,26.75,7.33,0.0,20.1
2026-10-06T19:24:34.557856,26.92,7.25,0.0,20.1
2026-10-06T19:24:38.006541,26.9,7.15,0.0,20.1
2026-10-06T19:24:41.623247,27.07,7.08,0.0,20.1
2026-10-06T19:24:46.053482,27.1,7.33,0.0,20.1
2026-10-06T19:24:49.261981,26.75,7.4,0.0,20.1
2026-10-06T19:24:53.119977,26.45,7.45,0.0,20.1
2026-10-06T19:24:56.869899,26.72,7.19,0.0,20.1
2026-10-06T19:25:00.323649,27.44,7.3,0.0,20.1
2026-10-06T19:25:04.136454,26.77,7.04,0.0,20.1
2026-10-06T19:25:07.505067,26.87,7.09,0.0,20.1
2026-10-06T19:25:10.872421,26.82,7.02,0.0,20.1
2026-10-06T19:25:14.895839,26.85,7.03,0.0,20.1
2026-10-06T19:25:19.371324,26.65,7.47,0.0,20.1
2026-10-06T19:25:23.375179,27.07,7.49,0.0,20.1
2026-10-06T19:25:26.755934,26.6,7.17,0.0,20.1
2026-10-06T19:25:31.455386,26.95,7.34,0.0,20.1
2026-10-06T19:25:35.031917,27.15,7.38,0.0,20.1
2026-10-06T19:25:38.626353,27.07,7.22,0.0,20.1
2026-10-06T19:25:42.725376,27.17,7.47,0.0,20.1
2026-10-06T19:25:45.932049,27.2,7.18,0.0,20.1
2026-10-06T19:25:49.471296,27.1,7.01,0.0,20.1
2026-10-06T19:25:54.190779,27.39,7.22,0.0,70.1
2026-10-06T19:25:57.598450,27.42,7.44,0.0,71.8
2026-10-06T19:26:03.134492,26.95,7.15,0.0,0.0
2026-10-06T19:26:06.652808,27.2,7.4,0.0,0.0
2026-10-06T19:26:10.655335,26.95,7.36,0.0,68.8
2026-10-06T19:26:15.174142,27.15,7.49,0.0,0.0
2026-10-06T19:26:18.446762,27.1,7.34,0.0,64.4
2026-10-06T19:26:21.628360,27.05,7.34,0.0,71.7
2026-10-06T19:26:25.162247,27.17,7.2,0.0,65.1
2026-10-06T19:26:30.642391,27.15,7.16,0.0,0.0
2026-10-06T19:26:34.325548,27.24,7.05,0.0,70.1
2026-10-06T19:26:39.460091,26.9,7.1,0.0,55.8
2026-10-06T19:26:43.168844,27.52,7.31,0.0,63.0
2026-10-06T19:26:46.649583,27.17,7.11,0.0,61.2
2026-10-06T19:26:51.271313,27.74,7.3,0.0,61.0
2026-10-06T19:26:55.133359,27.27,7.04,0.0,65.8
2026-10-06T19:26:59.133556,27.15,7.27,0.0,71.4
2026-10-06T19:27:04.371195,26.72,7.16,0.0,66.9
2026-10-06T19:27:07.705143,27.32,7.41,0.0,0.0
2026-10-06T19:27:11.088550,27.2,7.48,0.0,0.0
2026-10-06T19:27:15.628123,27.32,7.24,0.0,0.0
2026-10-06T19:27:18.888691,26.45,7.35,0.0,68.3
2026-10-06T19:27:22.394331,27.2,7.01,0.0,65.0
2026-10-06T19:27:25.984305,27.15,7.4,0.0,63.0
2026-10-06T19:27:29.723963,27.07,7.22,0.0,68.3
2026-10-06T19:27:35.273437,27.07,7.05,0.0,0.0
2026-10-06T19:27:38.644336,27.17,7.11,0.0,0.0
2026-10-06T19:27:42.153335,28.23,7.07,0.0,68.7
2026-10-06T19:27:48.394323,28.16,7.21,0.0,0.0
2026-10-06T19:27:51.876637,28.09,7.49,0.0,0.0
2026-10-06T19:27:55.676666,27.15,7.32,0.0,0.0
2026-10-06T19:28:00.274281,27.34,7.28,0.0,64.4
2026-10-06T19:28:03.893061,27.74,7.35,0.0,68.8
2026-10-06T19:28:07.425303,27.24,7.16,0.0,67.4
2026-10-06T19:28:13.764495,27.15,7.47,0.0,67.3
2026-10-06T19:28:17.648992,27.39,7.49,0.0,0.0
2026-10-06T19:28:21.434156,27.24,7.41,0.0,0.0
2026-10-06T19:28:27.408511,27.49,7.04,0.0,0.0
2026-10-06T19:28:32.123422,27.12,7.15,0.0,0.0
2026-10-06T19:28:35.917738,27.34,7.18,0.0,69.9
2026-10-06T19:28:40.214381,27.24,7.05,0.0,73.1
2026-10-06T19:28:46.115338,27.02,7.2,0.0,70.5
2026-10-06T19:28:49.722430,27.64,7.05,0.0,0.0
2026-10-06T19:28:53.397956,27.07,7.18,0.0,0.0
2026-10-06T19:28:58.496201,27.27,7.03,0.0,0.0
2026-10-06T19:29:01.987199,26.85,7.46,0.0,0.0
2026-10-06T19:29:05.784899,27.39,7.21,0.0,69.3
2026-10-06T19:29:09.081136,26.47,7.33,0.0,0.0
2026-10-06T19:29:12.369783,27.39,7.0,0.0,0.0
2026-10-06T19:29:18.096089,27.24,7.48,0.0,69.1
2026-10-06T19:29:24.545578,26.95,7.34,0.0,19.2
2026-10-06T19:29:29.037032,27.22,7.18,0.0,8.1
2026-10-06T19:29:33.156253,27.2,7.18,0.0,5.5
2026-10-06T19:29:38.023175,27.44,7.13,0.0,65.2
2026-10-06T19:29:42.705750,27.17,7.14,0.0,0.0
2026-10-06T19:29:46.323211,27.12,7.36,0.0,6.5
2026-10-06T19:29:50.763330,26.7,7.15,0.0,7.8
2026-10-06T19:29:54.754305,27.34,7.04,0.0,13.9
2026-10-06T19:29:58.248682,26.27,7.17,0.0,17.6
2026-10-06T19:30:02.638109,27.24,7.11,0.0,21.7
2026-10-06T19:30:06.595132,27.15,7.2,0.0,28.5
2026-10-06T19:30:10.189850,27.37,7.44,0.0,28.2
2026-10-06T19:30:13.662191,26.75,7.06,0.0,27.3
2026-10-06T19:30:17.643880,27.12,7.27,0.0,27.0
2026-10-06T19:30:21.416289,26.55,7.41,0.0,26.1
2026-10-06T19:30:26.051839,27.64,7.41,0.0,27.0
2026-10-06T19:30:29.543251,27.27,7.01,0.0,24.1
2026-10-06T19:30:32.815672,27.2,7.02,0.0,24.4
2026-10-06T19:30:36.497388,26.8,7.04,0.0,22.6
2026-10-06T19:30:39.896118,27.44,7.22,0.0,23.2
2026-10-06T19:30:44.620066,27.47,7.01,0.0,0.0
2026-10-06T19:30:49.195120,27.39,7.09,0.0,0.0
2026-10-06T19:30:52.683030,27.49,7.13,0.0,0.0
2026-10-06T19:30:56.190122,27.24,7.36,0.0,0.0
2026-10-06T19:30:59.990220,27.17,7.19,0.0,0.0
2026-10-06T19:31:03.324564,26.72,7.01,0.0,0.0
2026-10-06T19:31:06.907546,27.07,7.3,0.0,0.0
2026-10-06T19:31:10.421519,26.85,7.04,0.0,0.0
2026-10-06T19:31:13.772481,27.02,7.22,0.0,0.0
2026-10-06T19:31:19.024756,27.15,7.22,0.0,0.0
2026-10-06T19:31:22.612751,27.1,7.02,0.0,9.8
2026-10-06T19:31:26.104460,27.47,7.49,0.0,0.0
2026-10-06T19:31:30.496680,27.44,7.27,0.0,0.0
2026-10-06T19:31:34.154387,27.12,7.2,0.0,0.0
2026-10-06T19:31:38.074069,27.59,7.25,0.0,0.0
2026-10-06T19:31:42.658555,27.72,7.18,0.0,0.0
2026-10-06T19:31:46.177458,25.45,7.48,0.0,0.0
2026-10-06T19:31:50.374916,27.42,7.0,0.0,16.6
2026-10-06T19:31:56.611739,27.2,7.18,0.0,24.1
2026-10-06T19:32:00.603594,27.22,7.21,0.0,28.7
2026-10-06T19:32:05.496173,27.1,7.43,0.0,28.4
2026-10-06T19:32:09.951138,27.24,7.24,0.0,28.2
2026-10-06T19:32:16.407083,27.1,7.23,0.0,0.0
2026-10-06T19:32:23.638592,27.44,7.47,0.0,0.0
2026-10-06T19:32:27.907110,27.15,7.09,0.0,0.0
2026-10-06T19:32:33.779171,26.95,7.05,0.0,0.0
2026-10-06T19:32:37.401591,27.39,7.44,0.0,0.0
2026-10-06T19:32:41.190251,27.54,7.22,0.0,0.0
2026-10-06T19:32:45.511394,26.7,7.16,0.0,0.0
2026-10-06T19:32:49.341694,27.27,7.41,0.0,0.0
2026-10-06T19:32:53.295990,27.34,7.17,0.0,0.0
2026-10-06T19:32:56.473642,27.54,7.32,0.0,0.0
2026-10-06T19:33:00.589990,27.84,7.07,0.0,0.0
2026-10-06T19:33:06.039950,27.29,7.13,0.0,0.0
2026-10-06T19:33:09.578236,26.95,7.32,0.0,0.0
2026-10-06T19:33:13.405854,27.22,7.11,0.0,0.0
2026-10-06T19:33:18.180716,26.95,7.01,0.0,0.0
2026-10-06T19:33:21.680023,27.47,7.37,0.0,0.0
2026-10-06T19:33:25.165681,27.39,7.29,0.0,0.0
2026-10-06T19:33:30.155210,27.2,7.1,0.0,0.0
2026-10-06T19:33:33.858767,27.47,7.03,0.0,0.0
2026-10-06T19:33:38.458416,27.54,7.3,0.0,0.0
2026-10-06T19:33:42.667189,27.44,7.02,0.0,0.0
2026-10-06T19:33:45.960177,26.52,7.01,0.0,0.0
2026-10-06T19:33:50.591608,27.15,7.03,0.0,0.0
2026-10-06T19:33:54.044847,26.72,7.19,0.0,0.0
2026-10-06T19:33:57.930350,27.32,7.48,0.0,58.8
2026-10-06T19:34:01.537396,26.95,7.18,0.0,0.0
2026-10-06T19:34:05.103828,27.64,7.15,0.0,0.0
2026-10-06T19:34:10.200536,27.22,7.0,0.0,0.0
2026-10-06T19:34:14.199389,27.34,7.41,0.0,0.0
2026-10-06T19:34:17.473192,27.86,7.04,0.0,0.0
2026-10-06T19:34:21.806790,26.7,7.34,0.0,0.0
2026-10-06T19:34:26.166301,27.24,7.0,0.0,0.0
2026-10-06T19:34:30.070257,27.44,7.43,0.0,0.0
2026-10-06T19:34:35.402309,27.47,7.05,0.0,0.0
2026-10-06T19:34:38.907666,27.24,7.27,0.0,0.0
2026-10-06T19:34:42.798073,27.72,7.22,0.0,0.0
2026-10-06T19:34:46.452873,27.07,7.4,0.0,0.0
2026-10-06T19:34:51.261655,27.02,7.31,0.0,0.0
2026-10-06T19:34:54.678666,27.91,7.06,0.0,0.0
2026-10-06T19:34:58.241405,27.07,7.05,0.0,0.0
2026-10-06T19:35:01.600768,27.17,7.28,0.0,0.0
2026-10-06T19:35:08.209121,28.36,7.03,0.0,0.0
2026-10-06T19:35:11.775985,27.02,7.18,0.0,48.3
2026-10-06T19:35:15.223221,27.2,7.17,0.0,0.0
2026-10-06T19:35:20.144607,27.24,7.17,0.0,0.0
2026-10-06T19:35:24.376667,26.92,7.14,0.0,0.0
2026-10-06T19:35:27.214468,27.22,7.1,0.0,0.0
2026-10-06T19:35:30.684808,27.47,7.19,0.0,0.0
2026-10-06T19:35:35.391600,27.34,7.18,0.0,16.3
2026-10-06T19:35:40.872581,26.85,7.26,0.0,16.3
2026-10-06T19:35:44.047959,27.47,7.31,0.0,17.6
2026-10-06T19:35:47.932309,27.07,7.03,0.0,18.5
2026-10-06T19:35:52.501481,28.63,7.19,0.0,0.0
2026-10-06T19:35:57.110197,27.57,7.02,0.0,0.0
2026-10-06T19:36:01.166944,26.8,7.37,0.0,0.0
2026-10-06T19:36:05.326943,27.34,7.43,0.0,62.3
2026-10-06T19:36:09.191703,27.49,7.11,0.0,63.1
2026-10-06T19:36:13.317598,27.47,7.16,0.0,0.0
2026-10-06T19:36:16.969055,27.44,7.37,0.0,63.3
2026-10-06T19:36:20.242108,27.39,7.01,0.0,65.0
2026-10-06T19:36:23.682717,26.82,7.07,0.0,0.0
2026-10-06T19:36:28.185217,27.2,7.49,0.0,63.1
2026-10-06T19:36:35.612187,27.17,7.2,0.0,0.0
2026-10-06T19:36:43.083478,27.1,7.17,0.0,63.7
2026-10-06T19:36:46.928038,27.44,7.2,0.0,62.6
2026-10-06T19:36:51.377085,27.07,7.37,0.0,0.0
2026-10-06T19:37:02.300102,27.1,7.05,0.0,62.3
2026-10-06T19:37:06.663254,27.2,7.23,0.0,0.0
2026-10-06T19:37:10.367786,27.49,7.32,0.0,0.0
2026-10-06T19:37:14.162263,27.15,7.16,0.0,0.0
2026-10-06T19:37:18.301517,27.1,7.43,0.0,0.0
2026-10-06T19:37:22.640574,27.54,7.0,0.0,63.8
2026-10-06T19:37:26.017298,27.07,7.21,0.0,0.0
2026-10-06T19:37:30.084790,27.89,7.22,0.0,63.7
2026-10-06T19:37:33.199069,27.24,7.19,0.0,0.0
2026-10-06T19:37:36.885686,27.39,7.19,0.0,0.0
2026-10-06T19:37:40.220167,27.05,7.13,0.0,0.0
2026-10-06T19:37:43.748627,27.86,7.14,0.0,0.0
2026-10-06T19:37:47.747960,27.07,7.49,0.0,0.0
2026-10-06T19:37:52.614004,27.27,7.42,0.0,0.0
2026-10-06T19:37:55.861657,27.22,7.39,0.0,0.0
2026-10-06T19:38:00.127571,27.0,7.26,0.0,64.1
2026-10-06T19:38:04.240123,27.49,7.4,0.0,0.0
2026-10-06T19:38:09.185158,27.44,7.02,0.0,0.0
2026-10-06T19:38:14.070705,27.24,7.22,0.0,0.0
2026-10-06T19:38:19.174328,27.12,7.12,0.0,0.0
2026-10-06T19:38:23.536963,27.2,7.31,0.0,0.0
2026-10-06T19:38:27.919481,27.52,7.18,0.0,0.0
2026-10-06T19:38:32.750395,27.32,7.28,0.0,0.0
2026-10-06T19:38:36.439174,26.65,7.33,0.0,0.0
2026-10-06T19:38:41.552288,27.12,7.36,0.0,63.1
2026-10-06T19:38:44.936490,27.47,7.15,0.0,64.2
2026-10-06T19:38:49.334832,27.44,7.37,0.0,61.8
2026-10-06T19:38:54.111563,27.27,7.19,0.0,64.2
2026-10-06T19:38:57.632325,26.85,7.11,0.0,64.5
2026-10-06T19:39:01.352221,27.27,7.0,0.0,63.1
2026-10-06T19:39:04.600740,27.72,7.25,0.0,63.4
2026-10-06T19:39:10.016063,27.37,7.43,0.0,62.4
2026-10-06T19:39:15.382623,27.29,7.13,0.0,63.0
2026-10-06T19:39:19.580750,27.74,7.11,0.0,0.0
2026-10-06T19:39:25.011493,26.77,7.48,0.0,0.0
2026-10-06T19:39:29.268781,27.34,7.48,0.0,0.0
2026-10-06T19:39:34.644760,27.81,7.18,0.0,61.4
2026-10-06T19:39:42.638844,27.07,7.28,0.0,0.0
2026-10-06T19:39:46.609291,27.29,7.21,0.0,64.2
2026-10-06T19:39:50.800357,27.27,7.15,0.0,63.7
2026-10-06T19:39:55.751964,27.27,7.42,0.0,62.7
2026-10-06T19:40:00.428760,27.15,7.35,0.0,65.4
2026-10-06T19:40:03.914120,27.49,7.27,0.0,63.5
2026-10-06T19:40:07.674282,27.34,7.43,0.0,62.3
2026-10-06T19:40:14.890790,27.49,7.22,0.0,63.5
2026-10-06T19:40:18.672898,26.87,7.4,0.0,62.7
2026-10-06T19:40:23.786125,27.37,7.23,0.0,0.0
2026-10-06T19:40:28.684961,26.35,7.26,0.0,63.0
2026-10-06T19:40:36.036749,27.39,7.38,0.0,63.8
2026-10-06T19:40:39.619015,27.22,7.24,0.0,61.7
2026-10-06T19:40:43.425042,27.22,7.32,0.0,61.8
2026-10-06T19:40:47.339472,27.05,7.22,0.0,0.0
2026-10-06T19:40:50.815706,27.34,7.06,0.0,0.0
2026-10-06T19:40:54.258493,27.05,7.17,0.0,0.0
2026-10-06T19:40:59.708307,27.37,7.07,0.0,0.0
2026-10-06T19:41:05.136907,27.52,7.46,0.0,0.0
2026-10-06T19:41:10.006705,27.44,7.21,0.0,58.9
2026-10-06T19:41:14.364990,27.24,7.4,0.0,61.1
2026-10-06T19:41:19.401970,27.42,7.13,0.0,60.3
2026-10-06T19:41:25.399219,27.22,7.34,0.0,0.0
2026-10-06T19:41:28.805376,27.34,7.19,0.0,0.0
2026-10-06T19:41:32.246412,27.29,7.41,0.0,0.0
2026-10-06T19:41:36.904173,27.47,7.18,0.0,0.0
2026-10-06T19:41:40.547163,27.22,7.32,0.0,0.0
2026-10-06T19:41:44.083499,27.05,7.19,0.0,0.0
2026-10-06T19:41:48.230692,27.07,7.32,0.0,0.0
2026-10-06T19:41:59.960655,27.24,7.04,0.0,0.0
2026-10-06T19:42:03.444671,27.47,7.35,0.0,0.0
2026-10-06T19:42:07.582006,26.9,7.38,0.0,0.0
2026-10-06T19:42:11.965006,27.74,7.01,0.0,0.0
2026-10-06T19:42:15.269442,27.29,7.07,0.0,62.3
2026-10-06T19:42:19.125622,26.75,7.23,0.0,0.0
2026-10-06T19:42:23.042993,27.2,7.08,0.0,62.4
2026-10-06T19:42:29.909760,27.0,7.1,0.0,0.0
2026-10-06T19:42:37.783861,27.27,7.27,0.0,0.0
2026-10-06T19:42:42.010539,27.12,7.37,0.0,0.0
2026-10-06T19:42:45.271479,27.12,7.34,0.0,63.5
2026-10-06T19:42:49.946871,27.24,7.21,0.0,61.3
2026-10-06T19:42:54.206648,27.24,7.48,0.0,64.2
2026-10-06T19:42:59.194810,27.0,7.42,0.0,0.0
2026-10-06T19:43:02.797157,26.2,7.32,0.0,0.0
2026-10-06T19:43:09.947761,27.29,7.24,0.0,0.0
2026-10-06T19:43:16.139503,27.52,7.43,0.0,0.0
2026-10-06T19:43:19.482197,27.34,7.3,0.0,0.0
2026-10-06T19:43:24.991918,27.12,7.48,0.0,0.0
2026-10-06T19:43:30.077862,27.42,7.28,0.0,0.0
2026-10-06T19:43:33.597913,27.37,7.1,0.0,0.0
2026-10-06T19:43:37.869357,27.1,7.03,0.0,0.0
2026-10-06T19:43:41.780743,26.87,7.29,0.0,0.0
2026-10-06T19:43:46.826298,27.34,7.12,0.0,0.0
2026-10-06T19:43:51.733765,27.52,7.06,0.0,0.0
2026-10-06T19:43:55.197358,27.2,7.16,0.0,0.0
2026-10-06T19:43:59.691938,27.17,7.49,0.0,0.0
2026-10-06T19:44:03.488990,27.2,7.29,0.0,0.0
2026-10-06T19:44:07.629328,27.44,7.03,0.0,0.0
2026-10-06T19:44:11.022279,27.86,7.45,0.0,0.0
2026-10-06T19:44:16.740564,27.1,7.31,0.0,63.5
2026-10-06T19:44:21.635645,27.2,7.06,0.0,0.0
2026-10-06T19:44:26.568043,27.86,7.28,0.0,0.0
2026-10-06T19:44:30.735041,27.47,7.07,0.0,0.0
2026-10-06T19:44:34.733335,27.22,7.33,0.0,62.4
2026-10-06T19:44:39.214231,27.1,7.29,0.0,59.2
2026-10-06T19:44:43.669294,27.2,7.29,0.0,0.0
2026-10-06T19:44:47.539283,27.47,7.41,0.0,0.0
2026-10-06T19:44:52.450806,27.44,7.35,0.0,0.0
2026-10-06T19:44:56.880782,27.12,7.34,0.0,57.6
2026-10-06T19:45:00.835776,27.84,7.08,0.0,0.0
2026-10-06T19:45:05.966351,27.54,7.18,0.0,0.0
2026-10-06T19:45:09.333678,27.24,7.4,0.0,0.0
2026-10-06T19:45:12.819207,27.39,7.12,0.0,57.5
2026-10-06T19:45:16.228955,26.77,7.11,0.0,0.0
2026-10-06T19:45:21.222785,27.15,7.19,0.0,56.4
2026-10-06T19:45:25.570615,27.15,7.41,0.0,0.0
2026-10-06T19:45:29.008475,26.7,7.34,0.0,0.0
2026-10-06T19:45:32.464000,27.15,7.45,0.0,0.0
2026-10-06T19:45:37.006937,26.52,7.32,0.0,0.0
2026-10-06T19:45:42.749080,27.07,7.15,0.0,66.6
2026-10-06T19:45:46.030905,27.74,7.21,0.0,65.6
2026-10-06T19:45:51.462227,27.12,7.37,0.0,0.0
2026-10-06T19:45:55.515942,26.97,7.45,0.0,64.7
2026-10-06T19:45:59.650827,27.27,7.38,0.0,63.3
2026-10-06T19:46:03.217890,27.15,7.22,0.0,65.7
2026-10-06T19:46:06.610737,27.12,7.48,0.0,64.0
2026-10-06T19:46:11.217344,27.12,7.15,0.0,62.4
2026-10-06T19:46:16.702934,27.39,7.46,0.0,0.0
2026-10-06T19:46:20.756508,27.2,7.19,0.0,63.3
2026-10-06T19:46:26.973923,27.29,7.2,0.0,64.0
2026-10-06T19:46:34.321886,27.07,7.18,0.0,0.0
2026-10-06T19:46:41.242014,27.07,7.21,0.0,0.0
2026-10-06T19:46:54.519602,27.2,7.06,0.0,59.3
2026-10-06T19:47:01.948530,27.1,7.4,0.0,63.8
2026-10-06T19:47:06.377019,28.5,7.38,0.0,64.0
2026-10-06T19:47:10.370527,27.39,7.12,0.0,0.0
2026-10-06T19:47:14.728746,27.52,7.12,0.0,0.0
2026-10-06T19:47:18.451989,26.92,7.13,0.0,0.0
2026-10-06T19:47:27.024173,27.67,7.38,0.0,62.8
2026-10-06T19:47:30.849332,27.2,7.25,0.0,0.0
2026-10-06T19:47:35.502098,26.95,7.09,0.0,0.0
2026-10-06T19:47:38.843389,27.81,7.42,0.0,0.0
2026-10-06T19:47:42.253608,27.64,7.2,0.0,0.0
2026-10-06T19:47:46.500952,27.15,7.06,0.0,0.0
2026-10-06T19:47:51.478496,27.05,7.07,0.0,0.0
2026-10-06T19:47:56.353153,27.24,7.24,0.0,0.0
2026-10-06T19:48:01.988222,25.09,7.28,0.0,0.0
2026-10-06T19:48:05.667880,27.12,7.43,0.0,0.0
2026-10-06T19:48:20.693229,27.15,7.1,0.0,0.0
2026-10-06T19:48:25.008699,27.07,7.05,0.0,0.0
2026-10-06T19:48:28.602352,26.72,7.15,0.0,0.0
2026-10-06T19:48:33.142195,27.39,7.01,0.0,0.0
2026-10-06T19:48:36.538466,27.1,7.05,0.0,0.0
2026-10-06T19:48:42.665126,27.05,7.48,0.0,0.0
2026-10-06T19:48:46.143769,27.29,7.32,0.0,0.0
2026-10-06T19:48:50.344957,27.07,7.39,0.0,0.0
2026-10-06T19:48:54.195799,26.97,7.0,0.0,0.0
2026-10-06T19:49:00.566148,27.07,7.22,0.0,0.0
2026-10-06T19:49:04.436785,27.12,7.12,0.0,0.0
2026-10-06T19:49:07.818339,27.1,7.04,0.0,0.0
2026-10-06T19:49:11.296748,27.49,7.35,0.0,0.0
2026-10-06T19:49:15.393121,27.12,7.04,0.0,0.0
2026-10-06T19:49:18.882167,27.1,7.02,0.0,0.0
2026-10-06T19:49:22.466308,27.0,7.36,0.0,0.0
2026-10-06T19:49:26.216711,27.07,7.21,0.0,0.0
2026-10-06T19:49:40.019136,27.22,7.46,0.0,0.0
2026-10-06T19:49:43.797287,27.07,7.02,0.0,0.0
2026-10-06T20:00:10.166626,26.6,7.05,5.8,16.0
2026-10-06T20:00:14.468415,27.12,7.45,5.1,16.0
2026-10-06T20:00:19.049030,26.6,7.07,4.9,16.0
2026-10-06T20:00:23.549078,27.1,7.15,4.5,16.0
2026-10-06T20:00:27.273837,26.77,7.26,5.0,29.8
2026-10-06T20:00:30.748518,26.42,7.45,0.0,8.8
2026-10-06T20:00:35.021496,27.07,7.25,0.0,9.2
2026-10-06T20:00:40.040099,26.9,7.23,0.0,16.0
2026-10-06T20:00:43.792015,27.34,7.05,0.0,26.4
2026-10-06T20:00:48.627605,27.74,7.17,0.0,33.7
2026-10-06T20:00:52.324750,27.1,7.24,0.0,31.9
2026-10-06T20:00:56.047854,27.24,7.2,0.0,31.9
2026-10-06T20:00:59.527387,27.07,7.31,0.0,31.9
2026-10-06T20:01:03.109933,27.0,7.04,0.0,30.9
2026-10-06T20:01:06.997652,27.1,7.12,0.0,31.9
2026-10-06T20:01:11.051608,27.0,7.19,0.0,9.8
2026-10-06T20:01:17.354533,27.47,7.39,0.0,9.8
2026-10-06T20:01:21.548080,27.27,7.25,0.0,9.8
2026-10-06T20:01:25.289630,27.39,7.32,0.0,9.9
2026-10-06T20:01:29.829049,27.07,7.03,0.0,11.6
2026-10-06T20:01:33.785709,27.05,7.06,0.0,11.5
2026-10-06T20:01:38.315047,26.95,7.13,0.0,11.6
2026-10-06T20:01:42.021156,27.44,7.26,0.0,0.0
2026-10-06T20:01:46.775107,27.07,7.06,0.0,0.0
2026-10-06T20:01:51.556836,27.1,7.1,0.0,0.0
2026-10-06T20:01:55.206150,27.32,7.13,0.0,0.0
2026-10-06T20:01:59.796622,27.07,7.44,0.0,0.0
2026-10-06T20:16:49.776358,26.7,7.11,2.6,11.9
2026-10-06T20:16:53.256929,26.02,7.34,2.6,11.9
2026-10-06T20:16:57.126690,25.82,7.31,4.3,11.9
2026-10-06T20:17:00.534781,28.7,7.2,3.1,11.9
2026-10-06T20:17:04.092196,26.85,7.44,2.0,11.5
2026-10-06T20:17:07.385581,25.37,7.32,0.0,11.5
2026-10-06T20:17:10.737138,26.4,7.02,0.0,11.6
2026-10-06T20:17:14.140192,26.2,7.19,0.0,11.6
2026-10-06T20:17:17.856945,27.07,7.49,0.0,11.5
2026-10-06T20:17:22.274101,26.3,7.2,0.0,11.6
2026-10-06T20:17:26.002668,26.3,7.23,0.0,11.6
2026-10-06T20:17:29.397261,26.32,7.3,0.0,17.9
2026-10-06T20:17:32.782244,25.6,7.06,0.0,17.6
2026-10-06T20:17:36.887024,26.47,7.09,0.0,19.5
2026-10-06T20:17:40.591072,26.27,7.29,0.0,18.2
2026-10-06T20:17:44.220147,26.2,7.38,0.0,19.2
2026-10-06T20:17:47.901328,25.85,7.35,0.0,21.4
2026-10-06T20:17:51.388362,25.8,7.2,0.0,21.1
2026-10-06T20:17:54.778597,26.27,7.01,0.0,72.7
2026-10-06T20:18:00.438830,26.45,7.22,0.0,19.5
2026-10-06T20:18:05.615381,26.85,7.48,0.0,72.5
2026-10-06T20:18:09.441593,26.5,7.01,0.0,165.3
2026-10-06T20:18:12.784124,26.57,7.12,0.0,122.9
2026-10-06T20:18:15.861559,26.22,7.23,0.0,57.1
2026-10-06T20:18:20.285846,26.67,7.03,0.0,70.0
2026-10-06T20:18:24.085313,26.37,7.03,0.0,58.3
2026-10-06T20:18:28.086019,26.32,7.1,0.0,69.6
2026-10-06T20:18:32.749198,26.35,7.16,0.0,169.6
2026-10-06T20:18:36.119951,26.52,7.28,0.0,70.4
2026-10-06T20:18:39.856943,25.95,7.13,0.0,68.3
2026-10-06T20:18:43.335832,25.75,7.4,0.0,59.3
2026-10-06T20:18:46.717813,26.27,7.41,0.0,70.4
2026-10-06T20:18:50.101477,26.32,7.32,0.0,146.1
2026-10-06T20:18:53.347434,26.72,7.18,0.0,69.6
2026-10-06T20:18:56.623873,26.37,7.03,0.0,70.9
2026-10-06T20:18:59.885376,27.02,7.2,0.0,69.7
2026-10-06T20:19:03.369805,26.07,7.15,0.0,68.3
2026-10-06T20:27:46.426652,27.02,7.08,0.0,30.3
2026-10-06T20:27:49.816378,26.5,7.0,0.0,29.8
2026-10-06T20:27:53.110360,27.1,7.19,0.0,29.8
2026-10-06T20:27:56.580740,26.67,7.47,0.0,29.8
2026-10-06T20:28:00.000701,26.62,7.25,0.0,29.8
2026-10-06T20:28:03.561914,26.0,7.22,0.0,29.8
2026-10-06T20:28:07.103790,26.65,7.45,0.0,29.8
2026-10-06T20:28:10.587447,26.5,7.06,0.0,29.8
2026-10-06T20:28:13.787138,26.6,7.46,0.0,29.8
2026-10-06T20:28:16.836537,25.9,7.25,0.0,29.8
2026-10-06T20:28:20.318658,26.45,7.29,0.0,29.8
2026-10-06T20:28:24.031483,26.67,7.37,0.0,29.8
2026-10-06T20:31:10.876360,27.15,7.0,0.0,29.8
2026-10-06T20:31:14.491616,26.8,7.47,0.0,29.8
2026-10-06T20:31:17.766214,26.5,7.06,0.0,29.8
2026-10-06T20:31:20.946096,26.4,7.02,0.0,29.8
2026-10-06T20:31:24.384314,26.22,7.33,0.0,5.9
2026-10-06T20:31:28.128953,26.65,7.04,0.0,7.5
2026-10-06T20:31:31.722808,26.72,7.47,0.0,7.5
2026-10-06T20:31:35.382635,27.42,7.25,0.0,31.4
2026-10-06T20:31:38.890351,27.34,7.27,0.0,29.8
2026-10-06T20:31:42.684171,26.15,7.11,0.0,29.8
2026-10-06T20:31:46.350108,25.75,7.29,0.0,29.8
2026-10-06T20:31:49.430365,26.47,7.44,0.0,29.8
2026-10-06T20:31:54.081133,26.15,7.17,0.0,29.8
2026-10-06T20:31:57.704370,26.52,7.16,0.0,29.8
2026-10-06T20:32:02.101943,26.47,7.34,0.0,29.8
2026-10-06T20:32:05.106592,28.06,7.01,0.0,29.8
2026-10-06T20:32:08.777890,26.4,7.31,0.0,29.8
2026-10-06T20:32:12.142964,26.65,7.2,0.0,29.8
2026-10-06T20:32:16.952954,26.6,7.02,0.0,29.8
2026-10-06T20:32:20.337395,26.3,7.39,0.0,29.8
2026-10-06T20:32:23.707542,33.03,7.46,0.0,29.8
2026-10-06T20:32:27.561315,26.55,7.29,0.0,29.8
2026-10-06T20:32:31.332817,25.9,7.0,0.0,29.8
2026-10-06T20:32:34.627839,26.3,7.05,0.0,36.0
2026-10-06T20:32:37.988389,26.5,7.35,97.7,29.3
2026-10-06T20:32:41.775218,26.02,7.42,102.7,2.3
2026-10-06T20:32:45.620145,25.87,7.24,102.6,26.1
2026-10-06T20:32:49.146432,25.75,7.48,100.0,26.1
2026-10-06T20:32:52.587767,25.75,7.48,100.5,26.1
2026-10-06T20:32:55.897425,25.47,7.37,102.2,26.1
2026-10-06T20:32:59.361406,26.1,7.45,101.1,27.0
2026-10-06T20:33:02.654980,25.9,7.38,100.3,27.0
2026-10-06T20:33:06.101910,25.65,7.07,99.7,26.1
2026-10-06T20:33:09.594324,25.95,7.44,102.5,27.3
2026-10-06T20:33:12.777907,25.47,7.28,102.6,27.3
2026-10-06T20:33:16.647875,25.45,7.25,104.5,27.3
2026-10-06T20:33:20.137942,26.07,7.24,98.6,27.3
2026-10-06T20:33:23.123204,25.25,7.17,101.0,27.3
2026-10-06T20:33:26.613751,25.6,7.31,100.1,27.3
2026-10-06T20:33:29.790874,25.07,7.25,103.4,27.3
2026-10-06T20:33:33.962979,25.55,7.35,101.4,27.3
2026-10-06T20:33:37.641095,25.55,7.14,103.3,27.3
2026-10-06T20:33:41.167492,25.35,7.21,102.6,27.3
2026-10-06T20:33:45.017101,25.9,7.47,103.5,27.3
2026-10-06T20:33:48.403827,25.04,7.15,105.4,27.3
2026-10-06T20:33:51.772525,23.95,7.28,106.8,27.3
2026-10-06T20:33:55.084770,24.44,7.43,106.8,27.3
2026-10-06T20:33:58.200287,25.35,7.04,104.1,27.3
2026-10-06T20:34:01.841461,25.22,7.1,104.9,27.3
2026-10-06T20:34:04.799776,24.71,7.46,105.8,27.3
2026-10-06T20:34:08.200795,25.32,7.0,104.8,27.3
2026-10-06T20:34:11.434404,25.47,7.08,102.8,27.3
2026-10-06T20:34:14.907796,24.84,7.49,105.0,27.3
2026-10-06T20:34:18.114963,24.97,7.02,101.8,27.3
2026-10-06T20:34:21.156619,25.07,7.3,104.6,27.3
2026-10-06T20:34:24.539012,25.14,7.16,103.9,27.3
2026-10-06T20:34:27.852444,25.09,7.32,105.2,27.3
2026-10-06T20:34:30.933450,25.07,7.26,102.9,27.3
2026-10-06T20:34:34.169244,25.27,7.47,101.8,27.3
2026-10-06T20:34:37.447129,25.95,7.24,104.0,27.3
2026-10-06T20:34:40.870120,24.97,7.18,101.5,27.3
2026-10-06T20:34:43.994509,24.92,7.14,105.1,27.3
2026-10-06T20:34:47.180009,24.82,7.37,103.2,27.3
2026-10-06T20:34:50.437287,25.09,7.34,102.9,27.3
2026-10-06T20:34:53.859364,25.7,7.01,100.8,27.3
2026-10-06T20:34:57.034312,24.94,7.44,107.2,27.3
2026-10-06T20:35:00.706163,25.04,7.26,102.0,27.3
2026-10-06T20:35:04.159464,24.61,7.01,103.7,27.3
2026-10-06T20:35:07.912084,25.3,7.34,105.1,27.3
2026-10-06T20:35:11.469870,24.84,7.26,105.8,27.3
2026-10-06T20:35:15.208957,24.99,7.34,102.8,27.3
2026-10-06T20:35:18.447815,25.02,7.43,102.7,27.3
2026-10-06T20:35:21.946469,25.72,7.35,104.0,27.3
2026-10-06T20:35:25.373071,24.84,7.41,103.1,27.3
2026-10-06T20:35:28.673588,24.64,7.48,105.4,27.3
2026-10-06T20:35:32.568769,24.92,7.1,101.3,27.3
2026-10-06T20:35:36.399020,25.04,7.08,102.9,27.3
2026-10-06T20:35:40.205164,24.64,7.38,104.8,27.3
2026-10-06T20:35:43.624641,24.84,7.13,105.2,27.3
2026-10-06T20:35:46.682245,25.3,7.18,104.1,27.3
2026-10-06T20:35:49.923516,27.27,7.44,101.5,27.3
2026-10-06T20:35:53.663196,24.89,7.3,105.2,27.3
2026-10-06T20:35:56.811813,25.82,7.41,109.7,31.9
2026-10-06T20:35:59.814306,25.5,7.05,109.8,18.9
2026-10-06T20:36:03.158944,24.61,7.3,107.9,23.0
2026-10-06T20:36:06.759482,24.79,7.26,106.5,23.8
2026-10-06T20:36:10.327897,24.84,7.37,106.0,23.8
2026-10-06T20:36:13.935272,24.74,7.19,101.2,23.8
2026-10-06T20:36:17.717317,24.23,7.03,105.2,23.8
2026-10-06T20:36:21.062196,24.59,7.17,103.3,23.8
2026-10-06T20:36:24.159887,25.12,7.03,104.7,23.8
2026-10-06T20:36:27.656242,24.66,7.22,106.8,23.8
2026-10-06T20:36:31.061584,23.9,7.12,105.4,23.8
2026-10-06T20:36:34.925879,27.94,7.13,100.3,23.8
2026-10-06T20:36:38.369369,24.33,7.09,107.7,23.8
2026-10-06T20:36:41.746249,25.09,7.06,103.8,23.8
2026-10-06T20:36:45.372719,25.6,7.13,102.5,23.8
2026-10-06T20:36:48.565130,24.92,7.43,106.4,23.8
2026-10-06T20:36:51.856767,25.12,7.33,105.9,23.8
2026-10-06T20:36:55.065045,27.49,7.44,101.0,23.8
2026-10-06T20:36:58.333807,24.84,7.28,108.5,23.8
2026-10-06T20:37:01.510861,25.19,7.27,119.1,23.8
2026-10-06T20:37:05.197755,24.77,7.39,156.8,23.8
2026-10-06T20:37:08.617103,24.66,7.37,195.5,24.7
2026-10-06T20:37:11.868236,25.3,7.27,196.4,24.7
2026-10-06T20:37:14.936861,24.84,7.16,193.8,23.8
2026-10-06T20:37:18.212523,24.69,7.15,193.2,23.8
2026-10-06T20:37:21.518628,24.92,7.44,194.3,23.8
2026-10-06T20:37:25.305181,24.66,7.34,185.4,23.8
2026-10-06T20:37:28.786763,24.51,7.37,179.2,23.8
2026-10-06T20:37:32.130208,25.09,7.18,175.6,23.8
2026-10-06T20:37:35.337188,24.84,7.36,174.5,23.8
2026-10-06T20:37:38.948299,25.07,7.21,173.5,23.8
2026-10-06T20:37:43.803375,24.41,7.4,177.0,23.8
2026-10-06T20:37:47.093773,24.79,7.39,175.2,23.8
2026-10-06T20:37:50.870038,25.07,7.06,175.2,23.8
2026-10-06T20:37:54.182068,25.22,7.37,174.6,23.9
2026-10-06T20:37:57.530685,24.84,7.48,175.9,23.8
2026-10-06T20:38:01.516600,24.94,7.19,175.9,23.8
2026-10-06T20:38:04.934690,24.89,7.48,176.4,23.8
2026-10-06T20:38:08.302359,25.42,7.22,174.8,23.8
2026-10-06T20:38:11.591858,24.66,7.21,177.6,23.8
2026-10-06T20:38:14.874287,24.54,7.31,178.3,23.8
2026-10-06T20:38:18.142254,24.69,7.42,177.9,23.8
2026-10-06T20:38:21.197888,25.07,7.25,177.8,23.8
2026-10-06T20:38:25.430255,24.87,7.01,178.6,23.8
2026-10-06T20:38:28.757073,23.05,7.28,185.0,23.8
2026-10-06T20:38:31.946943,25.72,7.25,176.1,23.8
2026-10-06T20:38:35.696301,24.84,7.11,179.6,23.8
2026-10-06T20:38:39.649271,25.25,7.23,178.8,23.8
2026-10-06T20:38:42.503697,24.69,7.37,180.7,23.8
2026-10-06T20:38:45.988302,24.82,7.49,180.0,23.8
2026-10-06T20:38:49.139845,23.85,7.42,183.0,23.8
2026-10-06T20:38:52.207809,25.07,7.26,178.4,23.8
2026-10-06T20:38:55.450190,25.55,7.37,176.1,23.8
2026-10-06T20:38:58.961101,24.61,7.22,179.8,23.8
2026-10-06T20:39:02.452059,25.22,7.48,177.6,23.8
2026-10-06T20:39:06.199301,24.97,7.1,178.9,23.8
2026-10-06T20:39:09.711751,25.14,7.06,179.2,23.8
2026-10-06T20:39:13.001827,24.97,7.03,180.2,23.8
2026-10-06T20:39:16.266341,24.89,7.16,180.5,23.8
2026-10-06T20:39:19.468023,24.54,7.22,182.8,23.8
2026-10-06T20:39:22.720202,25.07,7.07,181.3,23.8
2026-10-06T20:39:26.071454,25.25,7.43,180.6,23.8
2026-10-06T20:39:29.473771,24.38,7.34,183.7,23.8
2026-10-06T20:39:33.202295,25.27,7.23,178.5,23.8
2026-10-06T20:39:36.333197,25.07,7.14,180.4,23.8
2026-10-06T20:39:39.820836,25.32,7.18,178.3,23.8
2026-10-06T20:39:43.133616,24.46,7.07,180.6,23.9
2026-10-06T20:39:46.456317,24.74,7.36,179.2,23.8
2026-10-06T20:39:49.890882,24.59,7.32,180.0,23.8
2026-10-06T20:39:53.001204,24.84,7.3,178.3,23.8
2026-10-06T20:39:56.204796,25.04,7.15,157.0,23.8
2026-10-06T20:39:59.461369,25.42,7.47,156.2,23.8
2026-10-06T20:40:03.593627,25.42,7.26,155.1,23.8
2026-10-06T20:40:07.417230,25.02,7.31,157.9,23.8
2026-10-06T20:40:11.363343,25.22,7.25,156.8,23.8
2026-10-06T20:40:14.741080,25.07,7.06,155.6,23.8
2026-10-06T20:40:18.050808,24.87,7.01,155.9,23.8
2026-10-06T20:40:21.395313,25.37,7.14,163.1,23.8
2026-10-06T20:40:24.821949,24.92,7.45,163.8,23.8
2026-10-06T20:40:28.212159,25.19,7.13,155.8,23.8
2026-10-06T20:40:31.672977,24.66,7.38,158.0,23.8
2026-10-06T20:40:35.008348,25.4,7.35,156.1,23.8
2026-10-06T20:40:38.501232,23.87,7.45,160.4,23.8
2026-10-06T20:40:41.971356,24.99,7.48,158.0,23.8
2026-10-06T20:40:45.256209,24.28,7.32,159.8,23.8
2026-10-06T20:40:48.723220,24.94,7.12,157.6,23.8
2026-10-06T20:40:52.080108,24.97,7.19,156.8,23.8
2026-10-06T20:40:55.220335,24.77,7.02,159.2,23.8
2026-10-06T20:40:58.910135,24.44,7.11,159.6,23.8
2026-10-06T20:41:02.253586,25.47,7.38,158.7,23.8
2026-10-06T20:41:05.739731,24.74,7.39,162.9,23.8
2026-10-06T20:41:08.979181,24.99,7.0,159.1,23.8
2026-10-06T20:41:12.543529,24.92,7.16,158.8,23.8
2026-10-06T20:41:15.870231,24.99,7.16,158.4,23.8
2026-10-06T20:41:19.695108,24.66,7.43,159.2,23.8
2026-10-06T20:41:23.088456,27.02,7.12,152.2,23.8
2026-10-06T20:41:26.626235,24.94,7.02,157.0,23.9
2026-10-06T20:41:29.696766,24.89,7.17,157.0,23.8
2026-10-06T20:41:33.315955,24.46,7.34,159.4,23.9
2026-10-06T20:41:36.594053,25.47,7.42,155.9,23.8
2026-10-06T20:41:39.751485,24.87,7.02,158.1,23.8
2026-10-06T20:41:43.002180,24.92,7.12,158.5,23.8
2026-10-06T20:41:46.181546,27.2,7.4,153.0,23.8
2026-10-06T20:41:49.681464,24.99,7.4,158.3,23.8
2026-10-06T20:41:53.352914,25.04,7.09,159.0,23.8
2026-10-06T20:41:57.042634,25.07,7.08,159.3,23.8
2026-10-06T20:42:00.470621,25.17,7.32,159.6,23.8
2026-10-06T20:42:04.220032,24.89,7.06,159.6,23.8
2026-10-06T20:42:07.613317,24.92,7.37,159.1,23.8
2026-10-06T20:42:11.472245,25.47,7.15,157.5,23.8
2026-10-06T20:42:18.046145,24.99,7.06,158.6,23.8
2026-10-06T20:42:22.141485,24.97,7.35,157.8,23.8
2026-10-06T20:42:25.341571,24.38,7.48,159.5,23.8
2026-10-06T20:42:28.736302,24.84,7.07,158.6,23.8
2026-10-06T20:42:32.276912,25.3,7.0,156.1,23.8
2026-10-06T20:42:35.844398,25.09,7.34,157.9,23.8
2026-10-06T20:42:39.118740,24.87,7.2,159.0,23.8
2026-10-06T20:42:42.517101,25.04,7.22,157.7,23.8
2026-10-06T20:42:45.774484,25.22,7.2,157.8,23.8
2026-10-06T20:42:48.993449,24.84,7.01,158.7,23.8
2026-10-06T20:42:52.250540,25.04,7.18,157.0,23.8
2026-10-06T20:42:55.506441,24.66,7.33,158.6,23.8
2026-10-06T20:42:58.883816,24.84,7.37,158.1,23.8
2026-10-06T20:43:02.572095,25.27,7.11,157.4,23.8
2026-10-06T20:43:06.151572,24.82,7.38,159.6,23.8
2026-10-06T20:43:09.685339,24.82,7.27,157.7,8.8
2026-10-06T20:43:13.265572,25.32,7.03,157.2,9.8
2026-10-06T20:43:16.939940,24.84,7.12,158.4,10.5
2026-10-06T20:43:20.411952,24.89,7.42,159.2,9.8
2026-10-06T20:43:24.152091,24.79,7.22,159.4,23.8
2026-10-06T20:43:27.347973,24.69,7.22,160.2,23.8
2026-10-06T20:43:30.733179,24.69,7.16,153.1,23.8
2026-10-06T20:43:34.491648,25.4,7.37,131.4,25.0
2026-10-06T20:43:38.381550,25.67,7.1,0.0,24.7
2026-10-06T20:43:42.728508,24.84,7.08,0.0,22.9
2026-10-06T20:43:46.396274,24.84,7.12,0.0,24.7
2026-10-06T20:43:49.778174,24.66,7.46,150.6,23.8
2026-10-06T20:43:53.747346,24.87,7.21,158.7,23.8
2026-10-06T20:43:57.261199,25.07,7.42,157.7,23.8
2026-10-06T20:44:00.749552,24.66,7.48,157.6,23.8
2026-10-06T20:44:04.352541,25.37,7.18,155.1,23.8
2026-10-06T20:44:08.348224,24.71,7.36,156.6,23.8
2026-10-06T20:44:11.528456,24.94,7.0,155.3,23.9
2026-10-06T20:44:14.925820,25.09,7.46,154.0,23.8
2026-10-06T20:44:19.096534,24.94,7.25,154.6,23.8
2026-10-06T20:44:23.955111,25.07,7.29,154.4,23.8
2026-10-06T20:44:28.270439,24.66,7.47,155.1,23.8
2026-10-06T20:44:31.790878,25.25,7.36,153.4,23.9
2026-10-06T20:44:35.490465,24.74,7.07,154.7,23.8
