Model,Horizon,Flood_Season_RMSE,Peak_Error_MAE,RMSE_lt_17m,RMSE_17_19m,RMSE_19_19.9m,RMSE_gt_19.9m
Persistence,1,0.16136488040797511,0.05121428571428562,0.09728762421285299,0.16931219677945375,0.16408450335855668,0.2300556454425755
Persistence+Trend,1,0.11785365994827951,0.12342857142857129,0.07459709279056914,0.1290206154776864,0.12119533444365348,0.13629600140869846
Anomaly Persistence,1,0.15293606940255516,0.06176975108225185,0.08649753237971222,0.15769673277724247,0.15561841217219172,0.22238024462573336
LinearRegression,1,0.10604884780450577,0.06210679157086561,0.06616808766586094,0.11555928152171854,0.10434086634940402,0.11199983195603921
Ridge,1,0.10611669342819366,0.06231644355651828,0.06594889875919717,0.11564334031964349,0.1046841062300754,0.11192269922696799
Lasso,1,0.11087028965602047,0.06991708121602194,0.0698908572409911,0.12082478364134044,0.11070603920711303,0.12437058690097698
RandomForest,1,0.11049156837603392,0.06777371665058876,0.06460055123834675,0.11766963936088731,0.10935328444357661,0.11755605033435344
XGBoost,1,0.10925105821116064,0.06770265100769914,0.06471422146698971,0.11686777310117583,0.11026631344559251,0.11563904838991088
SVR,1,0.10598298348779257,0.08083005916384448,0.06778891229964343,0.11335262094870763,0.10613756224490961,0.11883377589584966
LSTM,1,0.10819409155430194,0.054729936704837404,0.06651447754275977,0.1148192577326952,0.10818373703981402,0.12305668934123278
Persistence,3,0.4216961716615765,0.4371785714285713,0.24679245675359876,0.43016057163727167,0.4375856083489792,0.707100511478625
Persistence+Trend,3,0.4345701547540798,0.40671428571428564,0.2695311418465119,0.46111879069328177,0.45825383715610307,0.6971901701353316
Anomaly Persistence,3,0.39879186364516034,0.4047738095238095,0.2123707749579508,0.3929760281512076,0.4167301611606774,0.6706239040099831
LinearRegression,3,0.3300614780111767,0.2718645195548045,0.1951632633264741,0.3413371532959519,0.34695152668101903,0.5345898142678543
Ridge,3,0.33048834632527235,0.2767780265089482,0.19461372130809873,0.3418312605245274,0.34762311455429146,0.5345618139249537
Lasso,3,0.33742223564410045,0.25033249926648465,0.19450628784164478,0.35254094710795364,0.3571916118924604,0.5254265691569487
RandomForest,3,0.33021388871879076,0.2590652922686371,0.1982262882120757,0.3422337646573585,0.3396456446355886,0.5278052129536759
XGBoost,3,0.33003354326789697,0.25819426882426644,0.196559907856276,0.3452375593661014,0.34140782754498133,0.5168852228165206
SVR,3,0.3250095072320611,0.28432124956922183,0.1930036807238183,0.3402375786962248,0.3398509852889562,0.5476679817549022
LSTM,3,0.3358383454938085,0.27658641506478726,0.20912276411375652,0.3512432410513575,0.33710056951564515,0.5422834197627459
Persistence,7,0.7720166621168889,1.070444444444444,0.4581305945852596,0.7626357306354858,0.7718726746853563,1.4340421658142877
Persistence+Trend,7,1.1767987292841167,0.8921481481481469,0.6875808775046774,1.1431380333620158,1.3575975489585523,1.67420337275175
Anomaly Persistence,7,0.7140622871323995,1.0030777216610545,0.3562488629862011,0.6810506097684124,0.7237962926447723,1.33361091129202
LinearRegression,7,0.6430161521073063,0.9573329446642871,0.35807774224247313,0.5966367760587983,0.656120547583093,1.3465571840243153
Ridge,7,0.6432099364202253,0.9556705080271528,0.35709929070368057,0.5960932449260046,0.657364658017653,1.3495729097236453
Lasso,7,0.660253736279726,0.9668675328818566,0.34529560701586687,0.6194480483643703,0.6815135131140927,1.346414654801706
RandomForest,7,0.6555339443884274,0.9682866140818381,0.3569447889486965,0.6414301180341699,0.6241190321641678,1.3722435306797391
XGBoost,7,0.6515704119545608,0.9423433359218414,0.3590945236989622,0.6165955658725285,0.6280114471084821,1.3953332939802277
SVR,7,0.6465162167983458,0.9791066020735593,0.35427614587629547,0.6077279997763491,0.6678197665293185,1.3744212739182637
LSTM,7,0.663195642502386,0.9002964151954207,0.3816960993249854,0.645449570510439,0.634091184141684,1.2895436542304328
Persistence,14,1.1078985951195628,1.4075384615384614,0.7398152242391836,1.1404893982640094,0.9803833417879692,1.9050534200733933
Persistence+Trend,14,2.3533709702490824,1.5441538461538404,1.3536988594181683,2.4762135772093044,2.3060349591245144,2.961395661958506
Anomaly Persistence,14,0.9502914773368419,1.2427495920745917,0.4637462290128929,0.9400550116499287,0.8658825796924425,1.7524865290621505
LinearRegression,14,0.8327991496903108,1.2922368518443643,0.5030487541213987,0.7661992726270367,0.8333035028424267,1.7689963338279902
Ridge,14,0.8321055182580014,1.2982191941227883,0.5018143909114776,0.7654853752870808,0.8325583508502102,1.7707402171662199
Lasso,14,0.8557801830549545,1.3087885074728962,0.48228028924739685,0.7954936940163326,0.8482816473961947,1.7741936248048704
RandomForest,14,0.8512042972540196,1.215155135041101,0.5017573893164856,0.8160895926749886,0.8525683222944135,1.6074685419985095
XGBoost,14,0.8292554449454422,1.2721104437236028,0.49420693276869193,0.7918502900515301,0.8358034430417149,1.6058284211319718
SVR,14,0.8137176357509751,1.258705668987574,0.47949138360488586,0.7563509787505797,0.8258820678815458,1.6650200826724888
LSTM,14,0.8292899635351891,1.2514415794605245,0.516368587695888,0.7837200996364602,0.7904512884391072,1.7347193037973883
