Model,Horizon,Feature_Set,RMSE,MAE,Bias,NSE,Flood_Season_RMSE,Peak_Error_MAE,POD_HitRate,FAR,RMSE_lt_17m,RMSE_17_19m,RMSE_19_19.9m,RMSE_gt_19.9m
Persistence,1,B,0.1265024297900457,0.07974805520702634,-0.0009726474278544536,0.9972290208876009,0.16136488040797511,0.05121428571428562,0.928,0.06702412868632708,0.09728762421285299,0.16931219677945375,0.16408450335855668,0.2300556454425755
Persistence+Trend,1,B,0.09527491227183842,0.054565119196988754,0.00010087829360100446,0.9984282168357808,0.11785365994827951,0.12342857142857129,0.9413333333333334,0.03814713896457766,0.07459709279056914,0.1290206154776864,0.12119533444365348,0.13629600140869846
Anomaly Persistence,1,B,0.11626655673449032,0.0713238568875708,-0.0006571362305615793,0.9976593033189508,0.15293606940255516,0.06176975108225185,0.92,0.0547945205479452,0.08649753237971222,0.15769673277724247,0.15561841217219172,0.22238024462573336
LinearRegression,1,B,0.0843480986496714,0.04979003146626381,-0.00018193702880829783,0.9987680697707841,0.10604884780450577,0.06210679157086561,0.9386666666666666,0.027624309392265192,0.06616808766586094,0.11555928152171854,0.10434086634940402,0.11199983195603921
Ridge,1,B,0.08429319652630674,0.04965342617880724,-0.00016460016962407717,0.998769672974046,0.10611669342819366,0.06231644355651828,0.9306666666666666,0.027855153203342618,0.06594889875919717,0.11564334031964349,0.1046841062300754,0.11192269922696799
Lasso,1,B,0.08887928372326728,0.05176481620025659,1.746179466492808e-05,0.9986321558749054,0.11087028965602047,0.06991708121602194,0.936,0.027700831024930747,0.0698908572409911,0.12082478364134044,0.11070603920711303,0.12437058690097698
RandomForest,1,B,0.0848452290851823,0.0491071964879129,0.0011448907395882693,0.9987535054880132,0.11049156837603392,0.06777371665058876,0.9386666666666666,0.03296703296703297,0.06460055123834675,0.11766963936088731,0.10935328444357661,0.11755605033435344
XGBoost,1,B,0.0847052836497118,0.049081570916735935,0.00039136822078733065,0.9987576140832928,0.10925105821116064,0.06770265100769914,0.936,0.03305785123966942,0.06471422146698971,0.11686777310117583,0.11026631344559251,0.11563904838991088
SVR,1,B,0.08484466341475665,0.05459465176396464,0.011267212186031054,0.9987535221089296,0.10598298348779257,0.08083005916384448,0.944,0.030136986301369864,0.06778891229964343,0.11335262094870763,0.10613756224490961,0.11883377589584966
LSTM,1,B,0.08492822148968848,0.04932344111815528,-0.002586098107833494,0.9987510657474855,0.10819409155430194,0.054729936704837404,0.92,0.017094017094017096,0.06651447754275977,0.1148192577326952,0.10818373703981402,0.12305668934123278
Persistence,3,B,0.3272383978469434,0.21739813648954923,-0.0031110551498363132,0.9814822501313462,0.4216961716615765,0.4371785714285713,0.8016085790884718,0.18528610354223432,0.24679245675359876,0.43016057163727167,0.4375856083489792,0.707100511478625
Persistence+Trend,3,B,0.3502427405895569,0.20741173507932517,0.0006361118106270492,0.9787872006933476,0.4345701547540798,0.40671428571428564,0.8123324396782842,0.2190721649484536,0.2695311418465119,0.46111879069328177,0.45825383715610307,0.6971901701353316
Anomaly Persistence,3,B,0.29523480521250767,0.1856164266691086,-0.0019985485680272903,0.9849271697435119,0.39879186364516034,0.4047738095238095,0.7908847184986595,0.16666666666666666,0.2123707749579508,0.3929760281512076,0.4167301611606774,0.6706239040099831
LinearRegression,3,B,0.2584510498580288,0.16679349686982134,-0.000902370352701318,0.9884490873559969,0.3300614780111767,0.2718645195548045,0.8096514745308311,0.12209302325581395,0.1951632633264741,0.3413371532959519,0.34695152668101903,0.5345898142678543
Ridge,3,B,0.2583981108548217,0.16700021969413567,-0.0008535620979094878,0.9884538188606679,0.33048834632527235,0.2767780265089482,0.8016085790884718,0.12316715542521994,0.19461372130809873,0.3418312605245274,0.34762311455429146,0.5345618139249537
Lasso,3,B,0.26244080389277386,0.1640939068574448,-0.00010973311447322715,0.9880897077847365,0.33742223564410045,0.25033249926648465,0.8230563002680965,0.1424581005586592,0.19450628784164478,0.35254094710795364,0.3571916118924604,0.5254265691569487
RandomForest,3,B,0.25927545645708794,0.1626101458459318,0.005275605270379611,0.9883752796753853,0.33021388871879076,0.2590652922686371,0.806970509383378,0.14730878186968838,0.1982262882120757,0.3422337646573585,0.3396456446355886,0.5278052129536759
XGBoost,3,B,0.2592060476028897,0.161750966307066,0.001463194524021731,0.9883815027905992,0.33003354326789697,0.25819426882426644,0.8016085790884718,0.13583815028901733,0.196559907856276,0.3452375593661014,0.34140782754498133,0.5168852228165206
SVR,3,B,0.25665581516483876,0.15865418091875327,-0.022947196711332746,0.9886089983299873,0.3250095072320611,0.28432124956922183,0.7828418230563002,0.10703363914373089,0.1930036807238183,0.3402375786962248,0.3398509852889562,0.5476679817549022
LSTM,3,B,0.2678427075273686,0.17025133872863407,-0.00017397009759245063,0.9875943549484639,0.3358383454938085,0.27658641506478726,0.7935656836461126,0.13953488372093023,0.20912276411375652,0.3512432410513575,0.33710056951564515,0.5422834197627459
Persistence,7,B,0.5966989994266914,0.42050849606898294,-0.008718488460563015,0.9385740104874652,0.7720166621168889,1.070444444444444,0.5934959349593496,0.37960339943342775,0.4581305945852596,0.7626357306354858,0.7718726746853563,1.4340421658142877
Persistence+Trend,7,B,0.9025358361760734,0.5441940147096122,0.0015356327669287515,0.8594695450660677,1.1767987292841167,0.8921481481481469,0.6368563685636857,0.4789356984478936,0.6875808775046774,1.1431380333620158,1.3575975489585523,1.67420337275175
Anomaly Persistence,7,B,0.5127708382841973,0.33254924876459246,-0.005589580307257197,0.9546384193800193,0.7140622871323995,1.0030777216610545,0.6016260162601627,0.37988826815642457,0.3562488629862011,0.6810506097684124,0.7237962926447723,1.33361091129202
LinearRegression,7,B,0.4812569082443261,0.3377042877308954,-0.0029365276252450133,0.9600427587831865,0.6430161521073063,0.9573329446642871,0.5609756097560976,0.30303030303030304,0.35807774224247313,0.5966367760587983,0.656120547583093,1.3465571840243153
Ridge,7,B,0.4808810204620198,0.3374210356220766,-0.002920679666553074,0.9601051519583582,0.6432099364202253,0.9556705080271528,0.5691056910569106,0.29292929292929293,0.35709929070368057,0.5960932449260046,0.657364658017653,1.3495729097236453
Lasso,7,B,0.4845734200444622,0.3291288009255734,-0.0019543371462527625,0.9594901421818026,0.660253736279726,0.9668675328818566,0.5880758807588076,0.3323076923076923,0.34529560701586687,0.6194480483643703,0.6815135131140927,1.346414654801706
RandomForest,7,B,0.49157365363220734,0.31793162012401327,0.008231239239492203,0.9583112629121554,0.6555339443884274,0.9682866140818381,0.5447154471544715,0.3871951219512195,0.3569447889486965,0.6414301180341699,0.6241190321641678,1.3722435306797391
XGBoost,7,B,0.48661213727737146,0.31761903449291623,0.004436135654262429,0.9591485556401774,0.6515704119545608,0.9423433359218414,0.5365853658536586,0.36741214057507987,0.3590945236989622,0.6165955658725285,0.6280114471084821,1.3953332939802277
SVR,7,B,0.4851006177894744,0.3101225610385603,-0.05116253512911857,0.9594019478134908,0.6465162167983458,0.9791066020735593,0.4959349593495935,0.27091633466135456,0.35427614587629547,0.6077279997763491,0.6678197665293185,1.3744212739182637
LSTM,7,B,0.5027746038588188,0.3255020898066101,3.7877432824708525e-05,0.9563897870797098,0.663195642502386,0.9002964151954207,0.5609756097560976,0.3708206686930091,0.3816960993249854,0.645449570510439,0.634091184141684,1.2895436542304328
Persistence,14,B,0.8962787323143246,0.6787324088341037,-0.017839239856189005,0.862013407439328,1.1078985951195628,1.4075384615384614,0.349862258953168,0.6139817629179332,0.7398152242391836,1.1404893982640094,0.9803833417879692,1.9050534200733933
Persistence+Trend,14,B,1.794704922289279,1.1024504365690804,-0.010936312275295316,0.446730390241284,2.3533709702490824,1.5441538461538404,0.48484848484848486,0.6746765249537893,1.3536988594181683,2.4762135772093044,2.3060349591245144,2.961395661958506
Anomaly Persistence,14,B,0.6766012472821008,0.4445772170861154,-0.009661125507774189,0.9213649266965837,0.9502914773368419,1.2427495920745917,0.39944903581267216,0.5606060606060606,0.4637462290128929,0.9400550116499287,0.8658825796924425,1.7524865290621505
LinearRegression,14,B,0.6409929588701058,0.4845353511008637,-0.005380099776987919,0.9294239698856726,0.8327991496903108,1.2922368518443643,0.25895316804407714,0.5607476635514018,0.5030487541213987,0.7661992726270367,0.8333035028424267,1.7689963338279902
Ridge,14,B,0.640140469439934,0.4836476972593847,-0.0054230017391396716,0.9296115704213441,0.8321055182580014,1.2982191941227883,0.2534435261707989,0.568075117370892,0.5018143909114776,0.7654853752870808,0.8325583508502102,1.7707402171662199
Lasso,14,B,0.6403824557917621,0.47477304557612343,-0.004626640904617635,0.9295583437952559,0.8557801830549545,1.3087885074728962,0.2837465564738292,0.5813008130081301,0.48228028924739685,0.7954936940163326,0.8482816473961947,1.7741936248048704
RandomForest,14,B,0.650043057993325,0.4424786382598419,0.008612739064669783,0.9274169928554575,0.8512042972540196,1.215155135041101,0.3581267217630854,0.5323741007194245,0.5017573893164856,0.8160895926749886,0.8525683222944135,1.6074685419985095
XGBoost,14,B,0.6372431973718286,0.431463463940313,0.0032302487006573817,0.9302472837924599,0.8292554449454422,1.2721104437236028,0.325068870523416,0.5261044176706827,0.49420693276869193,0.7918502900515301,0.8358034430417149,1.6058284211319718
SVR,14,B,0.6207703673736266,0.4097964436361486,-0.049338798018288034,0.9338069087930875,0.8137176357509751,1.258705668987574,0.2396694214876033,0.5297297297297298,0.47949138360488586,0.7563509787505797,0.8258820678815458,1.6650200826724888
LSTM,14,B,0.6471074716664755,0.4281390668565386,-0.0014515455355432608,0.928071080493731,0.8292899635351891,1.2514415794605245,0.3085399449035813,0.4954954954954955,0.516368587695888,0.7837200996364602,0.7904512884391072,1.7347193037973883
