Date,WL_Final,Satellite
7/21/2008,18.8276881,JASON-2/3
7/30/2008,19.05427513,JASON-2/3
8/9/2008,19.26115894,JASON-2/3
8/19/2008,19.1232364,JASON-2/3
8/29/2008,18.20703667,JASON-2/3
9/8/2008,19.66507495,JASON-2/3
9/18/2008,18.54199141,JASON-2/3
9/28/2008,18.49273336,JASON-2/3
10/8/2008,17.71445617,JASON-2/3
10/18/2008,16.3647856,JASON-2/3
10/28/2008,15.3796246,JASON-2/3
11/7/2008,15.60621163,JASON-2/3
11/17/2008,14.56194097,JASON-2/3
11/26/2008,14.13832174,JASON-2/3
12/6/2008,13.87232827,JASON-2/3
12/16/2008,13.55707675,JASON-2/3
12/26/2008,13.42900582,JASON-2/3
1/5/2009,13.13345752,JASON-2/3
1/15/2009,12.86746405,JASON-2/3
1/25/2009,12.76894795,JASON-2/3
2/4/2009,12.78865117,JASON-2/3
2/14/2009,12.79850278,JASON-2/3
3/6/2009,12.76894795,JASON-2/3
3/16/2009,12.94627693,JASON-2/3
3/25/2009,13.07434786,JASON-2/3
4/4/2009,13.2122704,JASON-2/3
4/14/2009,13.66544446,JASON-2/3
4/24/2009,14.07921208,JASON-2/3
5/4/2009,14.74912156,JASON-2/3
5/14/2009,14.82793444,JASON-2/3
5/24/2009,14.62105063,JASON-2/3
6/3/2009,15.94116637,JASON-2/3
6/13/2009,17.23172728,JASON-2/3
6/23/2009,16.02983086,JASON-2/3
7/3/2009,17.70460456,JASON-2/3
7/13/2009,18.31540438,JASON-2/3
7/22/2009,17.75386261,JASON-2/3
8/1/2009,18.64050751,JASON-2/3
8/11/2009,18.3351076,JASON-2/3
8/21/2009,19.33012021,JASON-2/3
8/31/2009,18.46317853,JASON-2/3
9/10/2009,17.52727558,JASON-2/3
9/20/2009,17.21202406,JASON-2/3
9/30/2009,17.61594007,JASON-2/3
10/10/2009,17.80312066,JASON-2/3
10/20/2009,16.9558822,JASON-2/3
10/30/2009,15.40917943,JASON-2/3
11/9/2009,14.77867639,JASON-2/3
11/18/2009,14.26639267,JASON-2/3
11/28/2009,14.57179258,JASON-2/3
12/8/2009,13.76396056,JASON-2/3
12/18/2009,13.5078187,JASON-2/3
12/28/2009,13.36004455,JASON-2/3
1/7/2010,13.13345752,JASON-2/3
1/17/2010,12.99553498,JASON-2/3
1/27/2010,12.86746405,JASON-2/3
2/6/2010,12.57191575,JASON-2/3
2/16/2010,12.41428999,JASON-2/3
2/26/2010,12.45369643,JASON-2/3
3/7/2010,12.43399321,JASON-2/3
3/27/2010,13.04479303,JASON-2/3
4/6/2010,14.44372165,JASON-2/3
4/16/2010,15.45843748,JASON-2/3
4/26/2010,16.35493399,JASON-2/3
5/6/2010,16.39434043,JASON-2/3
5/16/2010,16.50270814,JASON-2/3
5/26/2010,17.82282388,JASON-2/3
6/5/2010,18.18733345,JASON-2/3
6/15/2010,18.18733345,JASON-2/3
6/25/2010,18.22673989,JASON-2/3
7/4/2010,19.04442352,JASON-2/3
7/14/2010,18.93605581,JASON-2/3
7/24/2010,19.21190089,JASON-2/3
8/3/2010,18.38436565,JASON-2/3
8/13/2010,17.91148837,JASON-2/3
8/23/2010,18.69961717,JASON-2/3
9/2/2010,19.06412674,JASON-2/3
9/12/2010,19.19219767,JASON-2/3
9/22/2010,19.0247203,JASON-2/3
10/2/2010,18.14792701,JASON-2/3
10/12/2010,17.14306279,JASON-2/3
10/22/2010,16.80810805,JASON-2/3
10/31/2010,15.86235349,JASON-2/3
11/10/2010,15.21214723,JASON-2/3
11/20/2010,14.55208936,JASON-2/3
11/30/2010,14.34520555,JASON-2/3
12/10/2010,14.08906369,JASON-2/3
12/20/2010,13.69499929,JASON-2/3
12/30/2010,13.52752192,JASON-2/3
1/9/2011,13.19256718,JASON-2/3
1/19/2011,13.08419947,JASON-2/3
1/29/2011,12.86746405,JASON-2/3
2/8/2011,12.88716727,JASON-2/3
2/18/2011,12.63102541,JASON-2/3
2/27/2011,12.74924473,JASON-2/3
3/9/2011,12.70983829,JASON-2/3
3/19/2011,12.96598015,JASON-2/3
3/29/2011,14.33535394,JASON-2/3
4/8/2011,13.85262505,JASON-2/3
4/18/2011,14.11861852,JASON-2/3
4/28/2011,14.61119902,JASON-2/3
5/8/2011,14.99541181,JASON-2/3
5/18/2011,15.23185045,JASON-2/3
5/28/2011,15.49784392,JASON-2/3
6/7/2011,16.44359848,JASON-2/3
6/17/2011,17.50757236,JASON-2/3
6/26/2011,17.06424991,JASON-2/3
7/6/2011,18.01000447,JASON-2/3
7/16/2011,18.87694615,JASON-2/3
7/26/2011,19.16264284,JASON-2/3
8/5/2011,18.87694615,JASON-2/3
8/15/2011,18.67006234,JASON-2/3
8/25/2011,18.84739132,JASON-2/3
9/4/2011,17.48786914,JASON-2/3
9/14/2011,17.97059803,JASON-2/3
9/24/2011,18.12822379,JASON-2/3
10/4/2011,17.76371422,JASON-2/3
10/14/2011,16.11849535,JASON-2/3
10/23/2011,15.22199884,JASON-2/3
11/2/2011,14.81808283,JASON-2/3
11/12/2011,14.38461199,JASON-2/3
11/22/2011,14.18757979,JASON-2/3
12/2/2011,13.91173471,JASON-2/3
12/12/2011,13.77381217,JASON-2/3
12/22/2011,13.44870904,JASON-2/3
1/1/2012,13.25167684,JASON-2/3
1/11/2012,13.00538659,JASON-2/3
1/21/2012,13.07434786,JASON-2/3
1/31/2012,12.86746405,JASON-2/3
2/10/2012,12.79850278,JASON-2/3
2/19/2012,12.65072863,JASON-2/3
2/29/2012,12.56206414,JASON-2/3
3/10/2012,12.63102541,JASON-2/3
3/20/2012,13.0152382,JASON-2/3
3/30/2012,12.96598015,JASON-2/3
4/9/2012,13.81321861,JASON-2/3
4/19/2012,14.02995403,JASON-2/3
4/29/2012,15.21214723,JASON-2/3
5/9/2012,16.05938569,JASON-2/3
5/19/2012,15.23185045,JASON-2/3
5/29/2012,15.95101798,JASON-2/3
6/7/2012,17.21202406,JASON-2/3
6/17/2012,18.21688828,JASON-2/3
6/27/2012,18.9262042,JASON-2/3
7/7/2012,18.35481082,JASON-2/3
7/17/2012,18.93605581,JASON-2/3
7/27/2012,18.73902361,JASON-2/3
8/6/2012,18.77843005,JASON-2/3
8/16/2012,17.83267549,JASON-2/3
8/26/2012,18.27599794,JASON-2/3
9/5/2012,18.34495921,JASON-2/3
9/15/2012,18.5321398,JASON-2/3
9/25/2012,19.33997182,JASON-2/3
10/4/2012,18.81783649,JASON-2/3
10/14/2012,17.73415939,JASON-2/3
10/24/2012,16.48300492,JASON-2/3
11/3/2012,15.72443095,JASON-2/3
11/13/2012,14.89689571,JASON-2/3
11/23/2012,14.84763766,JASON-2/3
12/3/2012,14.36490877,JASON-2/3
12/13/2012,13.97084437,JASON-2/3
12/23/2012,13.72455412,JASON-2/3
1/2/2013,13.44870904,JASON-2/3
1/12/2013,13.07434786,JASON-2/3
1/22/2013,13.37974777,JASON-2/3
1/31/2013,13.17286396,JASON-2/3
2/10/2013,12.90687049,JASON-2/3
2/20/2013,12.75909634,JASON-2/3
3/2/2013,12.70983829,JASON-2/3
3/12/2013,12.57191575,JASON-2/3
3/22/2013,12.56206414,JASON-2/3
4/11/2013,13.43885743,JASON-2/3
4/21/2013,14.34520555,JASON-2/3
5/1/2013,14.32550233,JASON-2/3
5/11/2013,15.93131476,JASON-2/3
5/21/2013,15.773689,JASON-2/3
5/30/2013,17.5469788,JASON-2/3
6/9/2013,16.65048229,JASON-2/3
6/19/2013,16.33523077,JASON-2/3
6/29/2013,17.19232084,JASON-2/3
7/9/2013,18.60110107,JASON-2/3
7/19/2013,18.35481082,JASON-2/3
7/29/2013,18.49273336,JASON-2/3
8/8/2013,18.29570116,JASON-2/3
8/18/2013,18.11837218,JASON-2/3
8/28/2013,17.93119159,JASON-2/3
9/17/2013,18.28584955,JASON-2/3
9/26/2013,16.63077907,JASON-2/3
10/6/2013,17.21202406,JASON-2/3
10/16/2013,17.19232084,JASON-2/3
10/26/2013,15.72443095,JASON-2/3
11/5/2013,15.3796246,JASON-2/3
11/15/2013,14.96585698,JASON-2/3
11/25/2013,14.27624428,JASON-2/3
12/5/2013,13.89203149,JASON-2/3
12/15/2013,13.69499929,JASON-2/3
12/25/2013,13.39945099,JASON-2/3
1/4/2014,13.27138006,JASON-2/3
1/14/2014,12.97583176,JASON-2/3
1/23/2014,13.07434786,JASON-2/3
2/2/2014,12.90687049,JASON-2/3
2/12/2014,12.59161897,JASON-2/3
2/22/2014,12.6211738,JASON-2/3
3/4/2014,12.65072863,JASON-2/3
3/14/2014,12.79850278,JASON-2/3
4/3/2014,12.85761244,JASON-2/3
4/13/2014,13.4093026,JASON-2/3
4/23/2014,13.46841226,JASON-2/3
5/3/2014,13.44870904,JASON-2/3
5/13/2014,15.02496664,JASON-2/3
5/22/2014,16.48300492,JASON-2/3
6/1/2014,17.55683041,JASON-2/3
6/11/2014,16.67018551,JASON-2/3
6/21/2014,16.83766288,JASON-2/3
7/1/2014,18.05926252,JASON-2/3
7/11/2014,18.17748184,JASON-2/3
7/21/2014,18.20703667,JASON-2/3
7/31/2014,18.3351076,JASON-2/3
8/10/2014,18.18733345,JASON-2/3
8/20/2014,19.66507495,JASON-2/3
9/8/2014,18.56169463,JASON-2/3
9/18/2014,18.01985608,JASON-2/3
9/28/2014,18.87694615,JASON-2/3
10/8/2014,17.33024338,JASON-2/3
10/18/2014,15.93131476,JASON-2/3
10/28/2014,15.20229562,JASON-2/3
11/7/2014,14.65060546,JASON-2/3
11/17/2014,14.25654106,JASON-2/3
11/27/2014,14.06936047,JASON-2/3
12/7/2014,13.9018831,JASON-2/3
12/17/2014,13.96099276,JASON-2/3
12/27/2014,13.29108328,JASON-2/3
1/5/2015,13.16301235,JASON-2/3
1/15/2015,12.9167221,JASON-2/3
1/25/2015,12.73939312,JASON-2/3
2/4/2015,12.46354804,JASON-2/3
2/14/2015,12.23696101,JASON-2/3
2/24/2015,12.18770296,JASON-2/3
3/6/2015,12.18770296,JASON-2/3
3/16/2015,12.78865117,JASON-2/3
3/26/2015,12.75909634,JASON-2/3
4/5/2015,13.03494142,JASON-2/3
4/15/2015,14.36490877,JASON-2/3
4/25/2015,15.16288918,JASON-2/3
5/4/2015,14.81808283,JASON-2/3
5/14/2015,14.64075385,JASON-2/3
5/24/2015,16.23671467,JASON-2/3
6/3/2015,17.29083694,JASON-2/3
6/13/2015,18.94590742,JASON-2/3
6/23/2015,18.34495921,JASON-2/3
7/3/2015,18.32525599,JASON-2/3
7/13/2015,18.20703667,JASON-2/3
7/23/2015,17.97059803,JASON-2/3
8/2/2015,17.90163676,JASON-2/3
8/12/2015,17.30068855,JASON-2/3
8/22/2015,18.86709454,JASON-2/3
8/31/2015,19.11338479,JASON-2/3
9/10/2015,19.18234606,JASON-2/3
9/20/2015,18.50258497,JASON-2/3
9/30/2015,18.37451404,JASON-2/3
10/10/2015,16.55196619,JASON-2/3
10/20/2015,15.72443095,JASON-2/3
10/30/2015,15.29096011,JASON-2/3
11/9/2015,14.54223775,JASON-2/3
11/19/2015,14.13832174,JASON-2/3
11/29/2015,13.85262505,JASON-2/3
12/9/2015,13.66544446,JASON-2/3
12/19/2015,13.36004455,JASON-2/3
12/28/2015,13.00538659,JASON-2/3
1/7/2016,12.75909634,JASON-2/3
1/17/2016,12.70983829,JASON-2/3
1/27/2016,12.38473516,JASON-2/3
2/6/2016,12.17785135,JASON-2/3
2/16/2016,12.35518033,JASON-2/3
2/26/2016,12.41428999,JASON-2/3
3/7/2016,12.73939312,JASON-2/3
3/17/2016,12.4241416,JASON-2/3
3/27/2016,13.14330913,JASON-2/3
4/16/2016,14.788528,JASON-2/3
4/25/2016,15.41903104,JASON-2/3
5/5/2016,16.2662695,JASON-2/3
5/15/2016,15.46828909,JASON-2/3
5/25/2016,17.20217245,JASON-2/3
6/4/2016,16.48300492,JASON-2/3
6/14/2016,16.31552755,JASON-2/3
6/20/2016,16.92026956,Sentinel-3A
6/24/2016,18.38436565,JASON-2/3
7/4/2016,18.37451404,JASON-2/3
7/14/2016,18.75872683,JASON-2/3
7/17/2016,18.58829256,Sentinel-3A
7/24/2016,19.34982343,JASON-2/3
8/3/2016,19.37937826,JASON-2/3
8/13/2016,18.54199141,JASON-2/3
8/22/2016,18.02970769,JASON-2/3
9/1/2016,18.3351076,JASON-2/3
9/9/2016,17.52075784,Sentinel-3A
9/11/2016,18.34495921,JASON-2/3
9/21/2016,17.58638524,JASON-2/3
10/1/2016,18.52228819,JASON-2/3
10/6/2016,17.61607344,Sentinel-3A
10/11/2016,17.39920465,JASON-2/3
10/21/2016,17.85237871,JASON-2/3
10/31/2016,15.86235349,JASON-2/3
11/2/2016,15.45240932,Sentinel-3A
11/10/2016,15.29096011,JASON-2/3
11/20/2016,14.47327648,JASON-2/3
11/29/2016,13.97501752,Sentinel-3A
11/30/2016,13.95114115,JASON-2/3
12/9/2016,13.53737353,JASON-2/3
12/19/2016,13.42900582,JASON-2/3
12/26/2016,13.53656576,Sentinel-3A
12/29/2016,13.33048972,JASON-2/3
1/8/2017,12.92657371,JASON-2/3
1/18/2017,12.39458677,JASON-2/3
1/22/2017,12.07823708,Sentinel-3A
1/28/2017,12.40443838,JASON-2/3
2/7/2017,13.14330913,JASON-2/3
2/17/2017,11.92170949,JASON-2/3
2/18/2017,12.30699452,Sentinel-3A
2/27/2017,11.96111593,JASON-2/3
3/9/2017,12.39458677,JASON-2/3
3/17/2017,12.70732004,Sentinel-3A
3/19/2017,12.61132219,JASON-2/3
3/29/2017,12.69013507,JASON-2/3
4/7/2017,12.89701888,JASON-2/3
4/13/2017,14.36581148,Sentinel-3A
4/17/2017,14.34520555,JASON-2/3
4/27/2017,14.07921208,JASON-2/3
5/7/2017,15.83279866,JASON-2/3
5/10/2017,15.73835612,Sentinel-3A
5/17/2017,15.84265027,JASON-2/3
5/27/2017,15.84265027,JASON-2/3
6/6/2017,17.4484627,JASON-2/3
6/16/2017,17.40905626,JASON-2/3
6/26/2017,17.88193354,JASON-2/3
7/3/2017,18.09265144,Sentinel-3A
7/6/2017,18.88679776,JASON-2/3
7/16/2017,19.50744919,JASON-2/3
7/26/2017,18.57154624,JASON-2/3
7/30/2017,18.1974986,Sentinel-3A
8/4/2017,18.42377209,JASON-2/3
8/24/2017,19.07397835,JASON-2/3
8/26/2017,18.55016632,Sentinel-3A
9/3/2017,18.29570116,JASON-2/3
9/13/2017,19.01486869,JASON-2/3
9/22/2017,18.23562484,Sentinel-3A
9/23/2017,17.69475295,JASON-2/3
10/3/2017,18.19718506,JASON-2/3
10/13/2017,18.14792701,JASON-2/3
10/19/2017,17.85436244,Sentinel-3A
10/23/2017,18.14792701,JASON-2/3
11/2/2017,16.6603339,JASON-2/3
11/12/2017,15.39932782,JASON-2/3
11/15/2017,15.0997416,Sentinel-3A
11/22/2017,14.08906369,JASON-2/3
12/1/2017,13.95114115,JASON-2/3
12/11/2017,13.76396056,JASON-2/3
12/12/2017,13.17436648,Sentinel-3A
12/21/2017,13.84277344,JASON-2/3
12/31/2017,13.54722514,JASON-2/3
1/8/2018,13.55562888,Sentinel-3A
1/10/2018,13.13345752,JASON-2/3
1/20/2018,12.86746405,JASON-2/3
1/30/2018,12.40443838,JASON-2/3
2/4/2018,12.6691938,Sentinel-3A
2/9/2018,12.25666423,JASON-2/3
2/19/2018,12.06948364,JASON-2/3
3/1/2018,12.00052237,JASON-2/3
3/11/2018,12.07933525,JASON-2/3
3/21/2018,12.77879956,JASON-2/3
3/30/2018,12.89795124,Sentinel-3A
4/9/2018,12.80835439,JASON-2/3
4/19/2018,13.66544446,JASON-2/3
4/26/2018,13.63188136,Sentinel-3A
4/29/2018,14.56194097,JASON-2/3
5/9/2018,14.0003992,JASON-2/3
5/19/2018,15.14318596,JASON-2/3
5/23/2018,14.36581148,Sentinel-3A
5/29/2018,15.75398578,JASON-2/3
6/8/2018,16.01012764,JASON-2/3
6/18/2018,16.59137263,JASON-2/3
6/19/2018,16.97745892,Sentinel-3A
6/28/2018,17.31054016,JASON-2/3
7/8/2018,18.73902361,JASON-2/3
7/16/2018,18.16890392,Sentinel-3A
7/18/2018,18.32525599,JASON-2/3
7/27/2018,18.29570116,JASON-2/3
8/6/2018,18.86709454,JASON-2/3
8/12/2018,18.35953512,Sentinel-3A
8/16/2018,18.59124946,JASON-2/3
8/26/2018,18.04941091,JASON-2/3
9/5/2018,18.73902361,JASON-2/3
9/8/2018,18.35953512,Sentinel-3A
9/15/2018,19.25130733,JASON-2/3
9/25/2018,18.32525599,JASON-2/3
10/5/2018,17.65534651,JASON-2/3
10/15/2018,16.19730823,JASON-2/3
10/25/2018,15.48799231,JASON-2/3
11/1/2018,16.0528976,Sentinel-3A
11/4/2018,14.97570859,JASON-2/3
11/14/2018,14.51268292,JASON-2/3
11/23/2018,14.22698623,JASON-2/3
11/28/2018,14.08939624,Sentinel-3A
12/3/2018,13.85262505,JASON-2/3
12/12/2018,13.4904303,Sentinel-3B
12/13/2018,13.32063811,JASON-2/3
12/23/2018,13.14330913,JASON-2/3
12/25/2018,12.44043636,Sentinel-3A
1/2/2019,13.05464464,JASON-2/3
1/8/2019,12.70722915,Sentinel-3B
1/12/2019,12.69998668,JASON-2/3
1/21/2019,12.55481508,Sentinel-3A
1/22/2019,12.7196899,JASON-2/3
2/1/2019,12.51280609,JASON-2/3
2/4/2019,12.45583125,Sentinel-3B
2/11/2019,12.48325126,JASON-2/3
2/21/2019,12.44384482,JASON-2/3
3/3/2019,11.9433663,Sentinel-3B
3/12/2019,12.75909634,JASON-2/3
3/16/2019,12.42137324,Sentinel-3A
3/22/2019,12.69998668,JASON-2/3
3/30/2019,12.3688089,Sentinel-3B
4/1/2019,12.89701888,JASON-2/3
4/12/2019,12.6691938,Sentinel-3A
4/21/2019,13.16301235,JASON-2/3
5/1/2019,13.85262505,JASON-2/3
5/9/2019,15.82414016,Sentinel-3A
5/11/2019,16.01012764,JASON-2/3
5/21/2019,16.44359848,JASON-2/3
5/23/2019,18.2476521,Sentinel-3B
5/31/2019,16.29582433,JASON-2/3
6/5/2019,16.36743908,Sentinel-3A
6/10/2019,15.93131476,JASON-2/3
6/20/2019,17.31054016,JASON-2/3
6/30/2019,17.98044964,JASON-2/3
7/2/2019,17.9592096,Sentinel-3A
7/9/2019,18.06911413,JASON-2/3
7/16/2019,18.3443436,Sentinel-3B
7/29/2019,19.08382996,JASON-2/3
8/8/2019,18.69961717,JASON-2/3
8/12/2019,18.3443436,Sentinel-3B
8/18/2019,18.32525599,JASON-2/3
8/25/2019,17.863894,Sentinel-3A
8/28/2019,17.41890787,JASON-2/3
9/7/2019,18.39421726,JASON-2/3
9/17/2019,18.48288175,JASON-2/3
9/21/2019,18.16890392,Sentinel-3A
9/27/2019,18.76857844,JASON-2/3
10/5/2019,18.49905,Sentinel-3B
10/7/2019,18.0395593,JASON-2/3
10/17/2019,17.07410152,JASON-2/3
10/18/2019,17.21574792,Sentinel-3A
10/27/2019,15.95101798,JASON-2/3
11/5/2019,15.5766568,JASON-2/3
11/14/2019,14.4801902,Sentinel-3A
11/15/2019,14.93630215,JASON-2/3
11/25/2019,14.51268292,JASON-2/3
11/28/2019,14.40899955,Sentinel-3B
12/5/2019,14.18757979,JASON-2/3
12/11/2019,13.80344944,Sentinel-3A
12/15/2019,13.91173471,JASON-2/3
12/25/2019,13.38959938,JASON-2/3
1/4/2020,13.29108328,JASON-2/3
1/7/2020,13.06951932,Sentinel-3A
1/14/2020,13.24182523,JASON-2/3
1/24/2020,13.03494142,JASON-2/3
2/3/2020,12.56434664,Sentinel-3A
2/17/2020,12.72656745,Sentinel-3B
2/23/2020,12.84776083,JASON-2/3
3/1/2020,12.34512076,Sentinel-3A
3/3/2020,12.73939312,JASON-2/3
3/13/2020,12.17785135,JASON-2/3
3/15/2020,12.49450785,Sentinel-3B
3/23/2020,12.7196899,JASON-2/3
3/28/2020,12.4785626,Sentinel-3A
4/2/2020,12.83790922,JASON-2/3
4/12/2020,13.42900582,JASON-2/3
4/22/2020,13.46841226,JASON-2/3
4/24/2020,13.50797108,Sentinel-3A
5/2/2020,14.72941834,JASON-2/3
5/8/2020,14.02223355,Sentinel-3B
5/12/2020,14.34520555,JASON-2/3
5/21/2020,18.83611312,Sentinel-3A
5/22/2020,17.51742397,JASON-2/3
6/1/2020,18.01000447,JASON-2/3
6/11/2020,17.92133998,JASON-2/3
6/17/2020,17.45403692,Sentinel-3A
6/21/2020,17.86223032,JASON-2/3
6/30/2020,19.93106842,JASON-2/3
7/10/2020,18.89664937,JASON-2/3
7/14/2020,20.02755812,Sentinel-3A
7/20/2020,19.97047486,JASON-2/3
7/28/2020,19.3499352,Sentinel-3B
7/30/2020,19.56655885,JASON-2/3
8/9/2020,18.8276881,JASON-2/3
8/10/2020,18.55969788,Sentinel-3A
8/19/2020,18.86709454,JASON-2/3
8/24/2020,19.2339054,Sentinel-3B
8/29/2020,18.29570116,JASON-2/3
9/6/2020,18.21656172,Sentinel-3A
9/8/2020,18.17748184,JASON-2/3
9/18/2020,18.88679776,JASON-2/3
9/28/2020,18.93605581,JASON-2/3
10/3/2020,18.98861808,Sentinel-3A
10/8/2020,18.35481082,JASON-2/3
10/17/2020,17.46445095,Sentinel-3B
10/18/2020,17.39920465,JASON-2/3
10/30/2020,17.12996388,Sentinel-3A
11/6/2020,15.35006977,JASON-2/3
11/13/2020,15.2502156,Sentinel-3B
11/16/2020,14.6900119,JASON-2/3
11/26/2020,14.2959475,JASON-2/3
12/6/2020,13.9018831,JASON-2/3
12/10/2020,13.9352112,Sentinel-3B
12/16/2020,13.59648319,JASON-2/3
12/23/2020,13.39359236,Sentinel-3A
12/26/2020,14.32550233,JASON-2/3
1/5/2021,13.29108328,JASON-2/3
1/6/2021,12.93928875,Sentinel-3B
1/15/2021,12.69998668,JASON-2/3
1/19/2021,12.88841968,Sentinel-3A
1/25/2021,12.66058024,JASON-2/3
2/2/2021,12.33980145,Sentinel-3B
2/4/2021,12.31577389,JASON-2/3
2/14/2021,12.44384482,JASON-2/3
2/15/2021,12.44996792,Sentinel-3A
2/23/2021,12.03992881,JASON-2/3
3/1/2021,12.6008685,Sentinel-3B
3/5/2021,12.06948364,JASON-2/3
3/14/2021,12.53575196,Sentinel-3A
3/15/2021,12.16799974,JASON-2/3
3/25/2021,12.35518033,JASON-2/3
3/28/2021,12.5235153,Sentinel-3B
4/4/2021,17.11350796,JASON-2/3
4/10/2021,12.93607748,Sentinel-3A
4/14/2021,12.67043185,JASON-2/3
4/24/2021,13.20241879,JASON-2/3
5/4/2021,13.1137543,JASON-2/3
5/7/2021,13.42218704,Sentinel-3A
5/14/2021,13.7048509,JASON-2/3
5/21/2021,13.48076115,Sentinel-3B
5/24/2021,15.11363113,JASON-2/3
6/3/2021,16.16727632,Sentinel-3A
6/12/2021,17.0543983,JASON-2/3
6/22/2021,17.16276601,JASON-2/3
6/30/2021,18.04499364,Sentinel-3A
7/2/2021,18.29570116,JASON-2/3
7/12/2021,18.17748184,JASON-2/3
7/22/2021,18.15777862,JASON-2/3
7/27/2021,17.42544224,Sentinel-3A
8/1/2021,17.69475295,JASON-2/3
8/10/2021,18.6537564,Sentinel-3B
8/11/2021,17.51742397,JASON-2/3
8/21/2021,19.18234606,JASON-2/3
8/23/2021,18.60735568,Sentinel-3A
8/31/2021,19.50744919,JASON-2/3
9/6/2021,19.6980246,Sentinel-3B
9/10/2021,18.71932039,JASON-2/3
9/19/2021,17.79717308,Sentinel-3A
9/20/2021,17.8425271,JASON-2/3
9/30/2021,16.9558822,JASON-2/3
10/9/2021,16.42389526,JASON-2/3
10/16/2021,15.49053556,Sentinel-3A
10/19/2021,16.30567594,JASON-2/3
10/29/2021,16.10864374,JASON-2/3
11/8/2021,14.64075385,JASON-2/3
11/12/2021,14.3372168,Sentinel-3A
11/18/2021,13.95114115,JASON-2/3
11/26/2021,13.9932261,Sentinel-3B
11/28/2021,13.63588963,JASON-2/3
12/8/2021,13.36004455,JASON-2/3
12/9/2021,13.48890796,Sentinel-3A
12/18/2021,14.20728301,JASON-2/3
12/23/2021,13.48076115,Sentinel-3B
12/28/2021,13.18271557,JASON-2/3
1/5/2022,12.621536,Sentinel-3A
1/7/2022,12.67043185,JASON-2/3
1/17/2022,14.31565072,JASON-2/3
1/19/2022,12.80392065,Sentinel-3B
1/27/2022,14.91659893,JASON-2/3
2/1/2022,12.44996792,Sentinel-3A
2/5/2022,12.25666423,JASON-2/3
2/15/2022,11.99067076,JASON-2/3
2/25/2022,11.92170949,JASON-2/3
2/28/2022,12.16402112,Sentinel-3A
3/7/2022,11.58675475,JASON-2/3
3/14/2022,12.16575675,Sentinel-3B
3/17/2022,11.86259983,JASON-2/3
3/27/2022,12.36503194,JASON-2/3
4/6/2022,13.58663158,JASON-2/3
4/16/2022,15.03481825,JASON-2/3
4/23/2022,16.195871,Sentinel-3A
4/26/2022,14.50283131,JASON-2/3
5/6/2022,14.6900119,JASON-2/3
5/7/2022,14.3219772,Sentinel-3B
5/16/2022,16.00027603,JASON-2/3
5/20/2022,17.7209206,Sentinel-3A
5/26/2022,17.89178515,JASON-2/3
6/3/2022,15.06650175,Sentinel-3B
6/4/2022,16.53226297,JASON-2/3
6/14/2022,18.24644311,JASON-2/3
6/16/2022,18.15937236,Sentinel-3A
6/24/2022,19.3202686,JASON-2/3
7/4/2022,18.94590742,JASON-2/3
7/13/2022,17.35872132,Sentinel-3A
7/14/2022,17.60608846,JASON-2/3
7/24/2022,17.45831431,JASON-2/3
7/27/2022,16.65224235,Sentinel-3B
8/3/2022,18.67991395,JASON-2/3
8/9/2022,17.625605,Sentinel-3A
8/13/2022,17.67504973,JASON-2/3
8/23/2022,17.06424991,JASON-2/3
9/2/2022,17.14306279,JASON-2/3
9/5/2022,17.39684756,Sentinel-3A
9/12/2022,18.96561064,JASON-2/3
9/22/2022,17.48786914,JASON-2/3
10/1/2022,18.12822379,JASON-2/3
10/2/2022,17.83529932,Sentinel-3A
10/11/2022,17.60608846,JASON-2/3
10/16/2022,17.58048075,Sentinel-3B
10/21/2022,17.97059803,JASON-2/3
10/29/2022,16.53900716,Sentinel-3A
10/31/2022,16.87706932,JASON-2/3
11/10/2022,15.31066333,JASON-2/3
11/12/2022,15.4435986,Sentinel-3B
11/25/2022,14.13705404,Sentinel-3A
12/9/2022,13.53877605,Sentinel-3B
12/10/2022,13.76396056,JASON-2/3
12/20/2022,13.5078187,JASON-2/3
12/22/2022,13.23155584,Sentinel-3A
12/30/2022,13.06449625,JASON-2/3
