Model,Hyperparameter_Grid,Selected_Optimal_Value,Notes
Persistence,None,None,Baseline 1: Predicts Delta WL = 0
Persistence+Trend,None,None,Baseline 2: Adds past 1-day rate of change
Anomaly Persistence,doy_climatology,2008-2019 DOY mean,Baseline 3: Mean DOY level + current anomaly
LinearRegression,None,None,StandardScaler applied on features
Ridge,alpha in [0.01; 0.1; 1.0; 10.0; 100.0],alpha = 1.0,StandardScaler applied on features
Lasso,alpha in [0.001; 0.01; 0.1; 1.0],alpha = 0.01,StandardScaler applied on features
RandomForest,"n_estimators in [50, 100, 200]; max_depth in [5, 10, 15]","n_estimators=100, max_depth=10",Random state seed = 42
XGBoost,"n_estimators in [50, 100, 200]; max_depth in [3, 5, 7]; lr in [0.01, 0.05, 0.1]","n_estimators=100, max_depth=5, lr=0.05",Random state seed = 42
SVR,"C in [0.1, 1.0, 10.0]; epsilon in [0.01, 0.1]","C=1.0, epsilon=0.1",StandardScaler applied on features
LSTM,"hidden_dim in [16, 32, 64]; batch_size in [32, 64]; lr=0.01","hidden_dim=32, epochs=40, batch_size=64",PyTorch architecture with fixed seed = 42
