Model,Horizon,POD_HitRate,FAR
Persistence,1,0.928,0.06702412868632708
Persistence+Trend,1,0.9413333333333334,0.03814713896457766
Anomaly Persistence,1,0.92,0.0547945205479452
LinearRegression,1,0.9386666666666666,0.027624309392265192
Ridge,1,0.9306666666666666,0.027855153203342618
Lasso,1,0.936,0.027700831024930747
RandomForest,1,0.9386666666666666,0.03296703296703297
XGBoost,1,0.936,0.03305785123966942
SVR,1,0.944,0.030136986301369864
LSTM,1,0.92,0.017094017094017096
Persistence,3,0.8016085790884718,0.18528610354223432
Persistence+Trend,3,0.8123324396782842,0.2190721649484536
Anomaly Persistence,3,0.7908847184986595,0.16666666666666666
LinearRegression,3,0.8096514745308311,0.12209302325581395
Ridge,3,0.8016085790884718,0.12316715542521994
Lasso,3,0.8230563002680965,0.1424581005586592
RandomForest,3,0.806970509383378,0.14730878186968838
XGBoost,3,0.8016085790884718,0.13583815028901733
SVR,3,0.7828418230563002,0.10703363914373089
LSTM,3,0.7935656836461126,0.13953488372093023
Persistence,7,0.5934959349593496,0.37960339943342775
Persistence+Trend,7,0.6368563685636857,0.4789356984478936
Anomaly Persistence,7,0.6016260162601627,0.37988826815642457
LinearRegression,7,0.5609756097560976,0.30303030303030304
Ridge,7,0.5691056910569106,0.29292929292929293
Lasso,7,0.5880758807588076,0.3323076923076923
RandomForest,7,0.5447154471544715,0.3871951219512195
XGBoost,7,0.5365853658536586,0.36741214057507987
SVR,7,0.4959349593495935,0.27091633466135456
LSTM,7,0.5609756097560976,0.3708206686930091
Persistence,14,0.349862258953168,0.6139817629179332
Persistence+Trend,14,0.48484848484848486,0.6746765249537893
Anomaly Persistence,14,0.39944903581267216,0.5606060606060606
LinearRegression,14,0.25895316804407714,0.5607476635514018
Ridge,14,0.2534435261707989,0.568075117370892
Lasso,14,0.2837465564738292,0.5813008130081301
RandomForest,14,0.3581267217630854,0.5323741007194245
XGBoost,14,0.325068870523416,0.5261044176706827
SVR,14,0.2396694214876033,0.5297297297297298
LSTM,14,0.3085399449035813,0.4954954954954955
