Date,Q_Final,Satellite
1/1/2016,8061.622439,Sentinel-2
2/17/2016,6173.979287,Sentinel-1
3/12/2016,8570.487123,Sentinel-1
4/5/2016,8441.211023,Sentinel-1
4/19/2016,16109.07093,Sentinel-1
4/29/2016,14893.16537,Sentinel-1
5/13/2016,11273.0849,Sentinel-1
5/23/2016,13297.27482,Sentinel-1
6/30/2016,31210.13696,Sentinel-1
7/24/2016,45071.63213,Sentinel-1
8/17/2016,38846.84814,Sentinel-1
8/27/2016,29914.07692,Sentinel-1
9/10/2016,35132.17754,Sentinel-1
10/4/2016,35335.46014,Sentinel-1
10/14/2016,30949.54779,Sentinel-1
10/17/2016,32483.2178,Sentinel-2
10/28/2016,23282.61594,Sentinel-1
11/23/2016,6496.49614,Sentinel-2
12/13/2016,5898.992506,Sentinel-2
12/25/2016,5959.345398,Sentinel-1
1/2/2017,5931.170445,Sentinel-2
1/15/2017,4242.110497,Sentinel-2
1/18/2017,6406.568681,Sentinel-1
1/25/2017,4148.317132,Sentinel-2
2/11/2017,5428.030677,Sentinel-2
2/23/2017,7928.96006,Sentinel-1
2/24/2017,3792.065813,Sentinel-2
3/7/2017,7473.737048,Sentinel-1
3/16/2017,3895.97215,Sentinel-2
3/19/2017,13097.16624,Sentinel-1
4/12/2017,8670.630297,Sentinel-2
4/24/2017,11521.88433,Sentinel-1
4/26/2017,10724.69238,Sentinel-1
5/2/2017,9495.391358,Sentinel-2
5/6/2017,10642.9761,Sentinel-1
5/8/2017,9967.633736,Sentinel-1
5/18/2017,10155.70674,Sentinel-1
5/20/2017,10021.28671,Sentinel-1
5/30/2017,10697.43775,Sentinel-1
6/1/2017,21461.07943,Sentinel-1
6/11/2017,24542.68577,Sentinel-1
6/23/2017,28255.21714,Sentinel-1
7/5/2017,37526.51338,Sentinel-1
7/17/2017,47805.3782,Sentinel-1
7/29/2017,33252.73261,Sentinel-1
7/31/2017,36700.02976,Sentinel-1
8/10/2017,37941.91313,Sentinel-1
8/12/2017,61637.02132,Sentinel-1
8/22/2017,62933.24782,Sentinel-1
8/24/2017,59948.62147,Sentinel-1
9/3/2017,47954.58104,Sentinel-1
9/5/2017,45511.50544,Sentinel-1
9/15/2017,38289.17298,Sentinel-1
9/17/2017,40322.70859,Sentinel-1
9/27/2017,34659.28385,Sentinel-1
9/29/2017,32920.54318,Sentinel-1
10/9/2017,36906.10902,Sentinel-1
10/11/2017,31930.2767,Sentinel-1
10/21/2017,35879.34175,Sentinel-1
11/2/2017,9776.954288,Sentinel-1
11/3/2017,7256.690743,Sentinel-2
11/6/2017,7062.580952,Sentinel-2
11/14/2017,6442.357876,Sentinel-1
11/26/2017,5780.532357,Sentinel-1
12/1/2017,4673.773819,Sentinel-2
12/8/2017,5440.914318,Sentinel-1
12/20/2017,5655.390206,Sentinel-1
1/1/2018,6120.315014,Sentinel-1
1/13/2018,5262.237682,Sentinel-1
1/25/2018,3942.034161,Sentinel-2
2/6/2018,5619.639532,Sentinel-1
2/16/2018,6046.857308,Sentinel-2
2/18/2018,5887.814879,Sentinel-1
3/2/2018,4079.962393,Sentinel-1
3/3/2018,7620.992219,Sentinel-2
3/8/2018,7583.764416,Sentinel-2
3/11/2018,3162.322287,Sentinel-2
3/14/2018,4544.750057,Sentinel-1
3/18/2018,7546.371471,Sentinel-2
3/21/2018,3380.921296,Sentinel-2
3/26/2018,4860.836811,Sentinel-1
4/7/2018,6291.748222,Sentinel-1
4/19/2018,9914.046716,Sentinel-1
4/21/2018,10371.62588,Sentinel-1
5/1/2018,11716.24906,Sentinel-1
5/3/2018,9249.853778,Sentinel-1
5/13/2018,10588.5781,Sentinel-1
5/15/2018,9887.277999,Sentinel-1
5/25/2018,9700.361773,Sentinel-1
5/27/2018,9647.107454,Sentinel-1
6/6/2018,20941.03098,Sentinel-1
6/8/2018,17036.4053,Sentinel-1
6/18/2018,23820.09489,Sentinel-1
6/30/2018,27750.80291,Sentinel-1
7/12/2018,40393.41691,Sentinel-1
7/14/2018,34188.40478,Sentinel-1
7/24/2018,33319.29589,Sentinel-1
7/26/2018,31733.3639,Sentinel-1
8/5/2018,43832.63013,Sentinel-1
8/7/2018,45658.427,Sentinel-1
8/17/2018,33853.30226,Sentinel-1
8/19/2018,35199.89754,Sentinel-1
8/29/2018,35947.50981,Sentinel-1
9/10/2018,31798.95954,Sentinel-1
9/12/2018,45731.94344,Sentinel-1
9/22/2018,44633.10165,Sentinel-1
9/24/2018,32391.22038,Sentinel-1
10/2/2018,23669.27212,Sentinel-2
10/4/2018,23521.02091,Sentinel-1
10/6/2018,23700.32313,Sentinel-1
10/16/2018,20083.23279,Sentinel-1
10/28/2018,23342.14559,Sentinel-1
11/9/2018,5798.411613,Sentinel-1
11/18/2018,5898.992506,Sentinel-2
11/21/2018,5262.237682,Sentinel-1
11/28/2018,5619.283441,Sentinel-2
12/3/2018,6710.828665,Sentinel-1
12/13/2018,5536.896136,Sentinel-2
12/15/2018,5119.33209,Sentinel-1
12/23/2018,5302.867172,Sentinel-2
12/27/2018,8951.24443,Sentinel-1
12/28/2018,5488.933301,Sentinel-2
12/31/2018,4017.036186,Sentinel-2
1/2/2019,5172.843205,Sentinel-2
1/7/2019,5186.078734,Sentinel-2
1/8/2019,4672.968529,Sentinel-1
1/12/2019,5159.553847,Sentinel-2
1/17/2019,5172.843205,Sentinel-2
1/20/2019,5512.398804,Sentinel-1
1/22/2019,5119.356952,Sentinel-2
1/30/2019,4298.394468,Sentinel-2
2/1/2019,4583.736826,Sentinel-1
2/4/2019,3754.581338,Sentinel-2
2/13/2019,4797.916173,Sentinel-1
2/24/2019,3679.62167,Sentinel-2
2/25/2019,8987.132183,Sentinel-1
3/1/2019,3402.963707,Sentinel-2
3/8/2019,6245.672226,Sentinel-2
3/9/2019,7776.335306,Sentinel-1
3/21/2019,4929.196392,Sentinel-1
3/23/2019,6245.672226,Sentinel-2
4/2/2019,10128.78976,Sentinel-1
4/16/2019,7498.848346,Sentinel-1
4/17/2019,6943.785517,Sentinel-2
4/20/2019,4544.596426,Sentinel-2
4/22/2019,6943.785517,Sentinel-2
4/26/2019,5135.57373,Sentinel-1
4/28/2019,9967.633736,Sentinel-1
5/8/2019,10615.76914,Sentinel-1
5/10/2019,11744.07602,Sentinel-1
5/20/2019,12303.75825,Sentinel-1
6/1/2019,22277.9451,Sentinel-1
6/3/2019,21287.28528,Sentinel-1
6/13/2019,18236.24781,Sentinel-1
6/15/2019,22336.65776,Sentinel-1
6/25/2019,22571.99227,Sentinel-1
6/27/2019,24361.40402,Sentinel-1
7/9/2019,28889.72576,Sentinel-1
7/21/2019,60509.78695,Sentinel-1
7/25/2019,54350.62569,Sentinel-1
7/31/2019,45952.71512,Sentinel-1
8/2/2019,43470.28468,Sentinel-1
8/12/2019,34255.55013,Sentinel-1
8/24/2019,33252.73261,Sentinel-1
8/26/2019,27687.95183,Sentinel-1
9/5/2019,24180.54361,Sentinel-1
9/7/2019,26440.36853,Sentinel-1
9/19/2019,30559.9524,Sentinel-1
9/29/2019,32391.22038,Sentinel-1
10/1/2019,33319.29589,Sentinel-1
10/11/2019,24603.2066,Sentinel-1
10/13/2019,24482.2117,Sentinel-1
10/23/2019,16392.83435,Sentinel-1
11/4/2019,7767.64258,Sentinel-1
11/16/2019,7785.565369,Sentinel-1
11/28/2019,5800.750623,Sentinel-2
12/10/2019,6818.242093,Sentinel-1
12/22/2019,6496.044738,Sentinel-1
1/3/2020,5852.052101,Sentinel-1
1/15/2020,5512.398804,Sentinel-1
1/27/2020,6585.531154,Sentinel-1
2/8/2020,7158.4752,Sentinel-1
2/11/2020,6118.688592,Sentinel-2
2/20/2020,5458.784867,Sentinel-1
2/29/2020,5538.061031,Sentinel-2
3/3/2020,6147.334349,Sentinel-1
3/15/2020,5297.415088,Sentinel-1
3/27/2020,6821.649137,Sentinel-2
4/6/2020,6759.837387,Sentinel-2
4/8/2020,11300.66782,Sentinel-1
4/20/2020,7877.807924,Sentinel-1
4/22/2020,8389.626807,Sentinel-1
5/4/2020,8260.98364,Sentinel-1
5/14/2020,7348.470428,Sentinel-1
5/16/2020,10263.53648,Sentinel-1
5/26/2020,11052.97817,Sentinel-1
5/28/2020,14424.66019,Sentinel-1
6/7/2020,21345.16721,Sentinel-1
6/9/2020,25455.38499,Sentinel-1
6/19/2020,29208.63209,Sentinel-1
6/21/2020,33385.90088,Sentinel-1
7/1/2020,51197.39464,Sentinel-1
7/3/2020,46173.82072,Sentinel-1
7/13/2020,56380.59881,Sentinel-1
7/15/2020,63258.62429,Sentinel-1
7/19/2020,51578.76287,Sentinel-1
7/21/2020,57483.28347,Sentinel-1
7/25/2020,62122.11521,Sentinel-1
7/27/2020,61879.41876,Sentinel-1
8/6/2020,58116.38853,Sentinel-1
8/8/2020,46913.23467,Sentinel-1
8/18/2020,53653.40159,Sentinel-1
8/20/2020,48777.79206,Sentinel-1
8/30/2020,33786.40607,Sentinel-1
9/1/2020,37319.3512,Sentinel-1
9/11/2020,45438.10037,Sentinel-1
9/13/2020,38219.64168,Sentinel-1
9/23/2020,55753.50759,Sentinel-1
9/25/2020,58116.38853,Sentinel-1
10/5/2020,50210.00398,Sentinel-1
10/7/2020,45144.85115,Sentinel-1
10/16/2020,34023.1867,Sentinel-2
10/17/2020,26564.31332,Sentinel-1
10/29/2020,19969.71257,Sentinel-1
11/7/2020,6057.201617,Sentinel-2
11/10/2020,7382.908789,Sentinel-2
11/12/2020,5963.074375,Sentinel-2
11/15/2020,7345.216977,Sentinel-2
11/22/2020,9687.174528,Sentinel-1
11/30/2020,6591.729722,Sentinel-2
12/4/2020,6406.568681,Sentinel-1
12/16/2020,6012.997936,Sentinel-1
12/28/2020,8395.138278,Sentinel-1
1/1/2021,5290.091567,Sentinel-2
1/9/2021,6138.202676,Sentinel-1
1/21/2021,6334.995243,Sentinel-1
2/2/2021,6084.540785,Sentinel-1
2/5/2021,5536.896136,Sentinel-2
2/14/2021,6102.427783,Sentinel-1
2/26/2021,5655.390206,Sentinel-1
3/5/2021,5166.568153,Sentinel-2
3/10/2021,6558.479513,Sentinel-1
3/17/2021,5592.854469,Sentinel-2
3/22/2021,5762.288998,Sentinel-2
3/25/2021,5263.850416,Sentinel-2
3/27/2021,5468.946428,Sentinel-2
4/3/2021,7827.034014,Sentinel-1
4/6/2021,5666.027379,Sentinel-2
4/15/2021,14278.95794,Sentinel-1
4/17/2021,13555.57171,Sentinel-1
4/27/2021,11827.64765,Sentinel-1
4/29/2021,12897.75467,Sentinel-1
5/9/2021,13068.63609,Sentinel-1
5/11/2021,9381.84665,Sentinel-1
5/21/2021,9092.028988,Sentinel-1
5/23/2021,10534.24393,Sentinel-1
6/2/2021,23580.74087,Sentinel-1
6/4/2021,25149.99196,Sentinel-1
6/14/2021,29080.93784,Sentinel-1
6/16/2021,28762.47099,Sentinel-1
6/26/2021,26440.36853,Sentinel-1
6/28/2021,21287.28528,Sentinel-1
7/8/2021,34188.40478,Sentinel-1
7/10/2021,30301.08349,Sentinel-1
7/20/2021,31079.7571,Sentinel-1
7/22/2021,30107.38486,Sentinel-1
8/1/2021,28318.46888,Sentinel-1
8/3/2021,25946.41109,Sentinel-1
8/13/2021,30301.08349,Sentinel-1
8/15/2021,25884.87218,Sentinel-1
8/25/2021,45218.10742,Sentinel-1
8/27/2021,50664.97391,Sentinel-1
9/6/2021,45879.08752,Sentinel-1
9/8/2021,38637.424,Sentinel-1
9/18/2021,34659.28385,Sentinel-1
9/20/2021,30689.64553,Sentinel-1
9/30/2021,22277.9451,Sentinel-1
10/2/2021,27876.63903,Sentinel-1
10/12/2021,21635.31538,Sentinel-1
10/14/2021,27061.90538,Sentinel-1
10/24/2021,16286.33054,Sentinel-1
11/5/2021,5820.143521,Sentinel-2
11/7/2021,5023.566862,Sentinel-2
11/17/2021,4717.234106,Sentinel-2
11/29/2021,5691.142941,Sentinel-1
11/30/2021,5086.977803,Sentinel-2
12/2/2021,4575.777973,Sentinel-2
12/11/2021,6710.828665,Sentinel-1
12/17/2021,4559.628648,Sentinel-2
12/23/2021,6442.357876,Sentinel-1
1/4/2022,6138.202676,Sentinel-1
1/16/2022,8735.942781,Sentinel-1
1/28/2022,8520.684859,Sentinel-1
2/9/2022,6961.481392,Sentinel-1
2/13/2022,5256.096956,Sentinel-2
2/15/2022,4494.106961,Sentinel-2
2/18/2022,4974.257347,Sentinel-2
2/21/2022,6030.882994,Sentinel-1
3/2/2022,5213.219103,Sentinel-2
3/5/2022,4829.392624,Sentinel-2
3/7/2022,5160.7089,Sentinel-2
3/10/2022,4853.303239,Sentinel-2
3/15/2022,5021.427838,Sentinel-2
3/17/2022,5054.218835,Sentinel-2
3/20/2022,4949.214136,Sentinel-2
3/29/2022,15128.69478,Sentinel-1
4/10/2022,7248.606837,Sentinel-1
4/22/2022,9780.368692,Sentinel-1
5/4/2022,8209.653678,Sentinel-1
5/6/2022,8596.396095,Sentinel-1
5/16/2022,9249.853778,Sentinel-1
5/18/2022,12107.19255,Sentinel-1
5/28/2022,10724.69238,Sentinel-1
5/30/2022,10615.76914,Sentinel-1
6/9/2022,24663.77415,Sentinel-1
6/11/2022,27061.90538,Sentinel-1
6/21/2022,57088.69842,Sentinel-1
6/23/2022,48702.7733,Sentinel-1
7/3/2022,36425.82022,Sentinel-1
7/5/2022,34794.19099,Sentinel-1
7/15/2022,29914.07692,Sentinel-1
7/17/2022,26874.96913,Sentinel-1
7/27/2022,27061.90538,Sentinel-1
7/29/2022,26193.02435,Sentinel-1
8/8/2022,31930.2767,Sentinel-1
8/10/2022,30495.17045,Sentinel-1
8/22/2022,25761.93193,Sentinel-1
9/1/2022,22985.68391,Sentinel-1
9/3/2022,26812.7474,Sentinel-1
9/13/2022,36837.37573,Sentinel-1
9/15/2022,27124.3077,Sentinel-1
9/25/2022,21345.16721,Sentinel-1
9/27/2022,22808.09934,Sentinel-1
10/7/2022,20482.13813,Sentinel-1
10/9/2022,24845.75667,Sentinel-1
10/16/2022,29808.9789,Sentinel-2
10/19/2022,25394.21396,Sentinel-1
10/21/2022,23292.68187,Sentinel-2
10/31/2022,21345.16721,Sentinel-1
11/12/2022,7480.924638,Sentinel-1
11/15/2022,6516.418857,Sentinel-2
11/24/2022,6370.781133,Sentinel-1
11/25/2022,5989.447599,Sentinel-2
11/30/2022,5838.953168,Sentinel-2
12/2/2022,4251.904132,Sentinel-2
12/5/2022,5707.296808,Sentinel-2
12/6/2022,6227.647404,Sentinel-1
12/18/2022,5852.052101,Sentinel-1
12/30/2022,5619.639532,Sentinel-1
