Date,WL
2008-01-01,13.88
2008-01-02,13.86
2008-01-03,13.85
2008-01-04,13.83
2008-01-05,13.81
2008-01-06,13.79
2008-01-07,13.78
2008-01-08,13.76
2008-01-09,13.74
2008-01-10,13.73
2008-01-11,13.72
2008-01-12,13.71
2008-01-13,13.699
2008-01-14,13.67
2008-01-15,13.65
2008-01-16,13.63
2008-01-17,13.62
2008-01-18,13.61
2008-01-19,13.6
2008-01-20,13.59
2008-01-21,13.58
2008-01-22,13.57
2008-01-23,13.56
2008-01-24,13.56
2008-01-25,13.55
2008-01-26,13.55
2008-01-27,13.55
2008-01-28,13.58
2008-01-29,13.62
2008-01-30,13.66
2008-01-31,13.67
2008-02-01,13.66
2008-02-02,13.63
2008-02-03,13.61
2008-02-04,13.61
2008-02-05,13.61
2008-02-06,13.62
2008-02-07,13.63
2008-02-08,13.62
2008-02-09,13.59
2008-02-10,13.57
2008-02-11,13.55
2008-02-12,13.52
2008-02-13,13.5
2008-02-14,13.47
2008-02-15,13.46
2008-02-16,13.45
2008-02-17,13.44
2008-02-18,13.47
2008-02-19,13.51
2008-02-20,13.53
2008-02-21,13.54
2008-02-22,13.53
2008-02-23,13.51
2008-02-24,13.48
2008-02-25,13.45
2008-02-26,13.44
2008-02-27,13.43
2008-02-28,13.43
2008-02-29,13.43
2008-03-01,13.42
2008-03-02,13.41
2008-03-03,13.4
2008-03-04,13.41
2008-03-05,13.4
2008-03-06,13.43
2008-03-07,13.46
2008-03-08,13.45
2008-03-09,13.44
2008-03-10,13.42
2008-03-11,13.4
2008-03-12,13.39
2008-03-13,13.39
2008-03-14,13.39
2008-03-15,13.39
2008-03-16,13.39
2008-03-17,13.4
2008-03-18,13.42
2008-03-19,13.44
2008-03-20,13.46
2008-03-21,13.54
2008-03-22,13.66
2008-03-23,13.81
2008-03-24,13.91
2008-03-25,13.93
2008-03-26,13.93
2008-03-27,13.92
2008-03-28,13.94
2008-03-29,13.98
2008-03-30,14.05
2008-03-31,14.07
2008-04-01,14.09
2008-04-02,14.15
2008-04-03,14.2
2008-04-04,14.31
2008-04-05,14.53
2008-04-06,14.66
2008-04-07,14.67
2008-04-08,14.66
2008-04-09,14.6
2008-04-10,14.51
2008-04-11,14.46
2008-04-12,14.41
2008-04-13,14.38
2008-04-14,14.34
2008-04-15,14.27
2008-04-16,14.23
2008-04-17,14.23
2008-04-18,14.22
2008-04-19,14.28
2008-04-20,14.33
2008-04-21,14.41
2008-04-22,14.47
2008-04-23,14.52
2008-04-24,14.61
2008-04-25,14.87
2008-04-26,15.05
2008-04-27,15.06
2008-04-28,15.02
2008-04-29,14.99
2008-04-30,15.01
2008-05-01,15.01
2008-05-02,15.04
2008-05-03,15.31
2008-05-04,15.79
2008-05-05,15.93
2008-05-06,15.93
2008-05-07,15.92
2008-05-08,15.69
2008-05-09,15.61
2008-05-10,15.53
2008-05-11,15.51
2008-05-12,15.47
2008-05-13,15.4
2008-05-14,15.36
2008-05-15,15.35
2008-05-16,15.33
2008-05-17,15.31
2008-05-18,15.3
2008-05-19,15.23
2008-05-20,15.23
2008-05-21,15.26
2008-05-22,15.31
2008-05-23,15.36
2008-05-24,15.49
2008-05-25,15.6
2008-05-26,15.81
2008-05-27,15.88
2008-05-28,15.88
2008-05-29,15.85
2008-05-30,15.71
2008-05-31,15.77
2008-06-01,15.86
2008-06-02,16.05
2008-06-03,16.23
2008-06-04,16.41
2008-06-05,16.61
2008-06-06,16.72
2008-06-07,16.73
2008-06-08,16.72
2008-06-09,16.58
2008-06-10,16.53
2008-06-11,16.46
2008-06-12,16.6
2008-06-13,16.7
2008-06-14,16.86
2008-06-15,17.16
2008-06-16,17.51
2008-06-17,17.74
2008-06-18,17.93
2008-06-19,18.03
2008-06-20,18.14
2008-06-21,18.17
2008-06-22,18.22
2008-06-23,18.06
2008-06-24,18.05
2008-06-25,18.09
2008-06-26,18.12
2008-06-27,18.15
2008-06-28,18.2
2008-06-29,18.24
2008-06-30,18.25
2008-07-01,18.3
2008-07-02,18.39
2008-07-03,18.32
2008-07-04,18.34
2008-07-05,18.37
2008-07-06,18.34
2008-07-07,18.45
2008-07-08,18.59
2008-07-09,18.72
2008-07-10,18.82
2008-07-11,18.82
2008-07-12,18.59
2008-07-13,18.45
2008-07-14,18.37
2008-07-15,18.42
2008-07-16,18.49
2008-07-17,18.64
2008-07-18,18.75
2008-07-19,18.79
2008-07-20,18.87
2008-07-21,18.89
2008-07-22,19.06
2008-07-23,19.24
2008-07-24,19.34
2008-07-25,19.29
2008-07-26,19.17
2008-07-27,19.24
2008-07-28,19.26
2008-07-29,19.22
2008-07-30,19.17
2008-07-31,19.03
2008-08-01,18.94
2008-08-02,18.89
2008-08-03,18.8
2008-08-04,18.84
2008-08-05,18.77
2008-08-06,18.74
2008-08-07,18.73
2008-08-08,18.67
2008-08-09,18.65
2008-08-10,18.62
2008-08-11,18.59
2008-08-12,18.59
2008-08-13,18.7
2008-08-14,18.74
2008-08-15,18.74
2008-08-16,18.67
2008-08-17,18.78
2008-08-18,18.93
2008-08-19,19.07
2008-08-20,19.16
2008-08-21,19.29
2008-08-22,19.39
2008-08-23,19.39
2008-08-24,19.27
2008-08-25,19.19
2008-08-26,19.1
2008-08-27,19.09
2008-08-28,19.24
2008-08-29,19.27
2008-08-30,19.45
2008-08-31,19.63
2008-09-01,19.63
2008-09-02,19.61
2008-09-03,19.51
2008-09-04,19.56
2008-09-05,19.68
2008-09-06,19.73
2008-09-07,19.75
2008-09-08,19.64
2008-09-09,19.48
2008-09-10,19.33
2008-09-11,19.17
2008-09-12,19.01
2008-09-13,18.82
2008-09-14,18.6
2008-09-15,18.4
2008-09-16,18.3
2008-09-17,18.21
2008-09-18,18.04
2008-09-19,17.87
2008-09-20,17.74
2008-09-21,17.53
2008-09-22,17.45
2008-09-23,17.41
2008-09-24,17.35
2008-09-25,17.31
2008-09-26,17.21
2008-09-27,17.18
2008-09-28,17.12
2008-09-29,17.09
2008-09-30,17.08
2008-10-01,17.04
2008-10-02,17.0
2008-10-03,16.99
2008-10-04,16.88
2008-10-05,16.87
2008-10-06,16.95
2008-10-07,16.95
2008-10-08,16.9
2008-10-09,16.9
2008-10-10,16.89
2008-10-11,16.78
2008-10-12,16.71
2008-10-13,16.65
2008-10-14,16.56
2008-10-15,16.47
2008-10-16,16.45
2008-10-17,16.37
2008-10-18,16.26
2008-10-19,16.13
2008-10-20,15.99
2008-10-21,15.89
2008-10-22,15.8
2008-10-23,15.71
2008-10-24,15.63
2008-10-25,15.55
2008-10-26,15.47
2008-10-27,15.43
2008-10-28,15.41
2008-10-29,15.54
2008-10-30,15.72
2008-10-31,15.8
2008-11-01,15.9
2008-11-02,16.11
2008-11-03,16.26
2008-11-04,16.17
2008-11-05,15.95
2008-11-06,15.8
2008-11-07,15.64
2008-11-08,15.45
2008-11-09,15.31
2008-11-10,15.24
2008-11-11,15.17
2008-11-12,15.09
2008-11-13,15.04
2008-11-14,14.99
2008-11-15,14.94
2008-11-16,14.9
2008-11-17,14.85
2008-11-18,14.8
2008-11-19,14.78
2008-11-20,14.76
2008-11-21,14.72
2008-11-22,14.699
2008-11-23,14.67
2008-11-24,14.63
2008-11-25,14.59
2008-11-26,14.57
2008-11-27,14.54
2008-11-28,14.52
2008-11-29,14.5
2008-11-30,14.47
2008-12-01,14.45
2008-12-02,14.42
2008-12-03,14.39
2008-12-04,14.35
2008-12-05,14.33
2008-12-06,14.31
2008-12-07,14.27
2008-12-08,14.26
2008-12-09,14.24
2008-12-10,14.21
2008-12-11,14.2
2008-12-12,14.18
2008-12-13,14.17
2008-12-14,14.15
2008-12-15,14.13
2008-12-16,14.1
2008-12-17,14.08
2008-12-18,14.06
2008-12-19,14.04
2008-12-20,14.02
2008-12-21,14.0
2008-12-22,13.98
2008-12-23,13.97
2008-12-24,13.95
2008-12-25,13.93
2008-12-26,13.91
2008-12-27,13.89
2008-12-28,13.87
2008-12-29,13.85
2008-12-30,13.84
2008-12-31,13.83
2009-01-01,13.81
2009-01-02,13.79
2009-01-03,13.77
2009-01-04,13.75
2009-01-05,13.74
2009-01-06,13.73
2009-01-07,13.71
2009-01-08,13.69
2009-01-09,13.67
2009-01-10,13.66
2009-01-11,13.65
2009-01-12,13.64
2009-01-13,13.62
2009-01-14,13.6
2009-01-15,13.587
2009-01-16,13.56
2009-01-17,13.55
2009-01-18,13.54
2009-01-19,13.53
2009-01-20,13.51
2009-01-21,13.49
2009-01-22,13.47
2009-01-23,13.46
2009-01-24,13.45
2009-01-25,13.44
2009-01-26,13.43
2009-01-27,13.43
2009-01-28,13.42
2009-01-29,13.41
2009-01-30,13.4
2009-01-31,13.39
2009-02-01,13.37
2009-02-02,13.37
2009-02-03,13.36
2009-02-04,13.36
2009-02-05,13.36
2009-02-06,13.36
2009-02-07,13.36
2009-02-08,13.36
2009-02-09,13.35
2009-02-10,13.35
2009-02-11,13.34
2009-02-12,13.33
2009-02-13,13.31
2009-02-14,13.29
2009-02-15,13.27
2009-02-16,13.25
2009-02-17,13.23
2009-02-18,13.22
2009-02-19,13.21
2009-02-20,13.2
2009-02-21,13.19
2009-02-22,13.17
2009-02-23,13.15
2009-02-24,13.14
2009-02-25,13.13
2009-02-26,13.12
2009-02-27,13.11
2009-02-28,13.1
2009-03-01,13.12
2009-03-02,13.15
2009-03-03,13.17
2009-03-04,13.2
2009-03-05,13.26
2009-03-06,13.35
2009-03-07,13.45
2009-03-08,13.5
2009-03-09,13.52
2009-03-10,13.53
2009-03-11,13.5
2009-03-12,13.46
2009-03-13,13.44
2009-03-14,13.42
2009-03-15,13.39
2009-03-16,13.37
2009-03-17,13.38
2009-03-18,13.4
2009-03-19,13.43
2009-03-20,13.45
2009-03-21,13.46
2009-03-22,13.47
2009-03-23,13.47
2009-03-24,13.45
2009-03-25,13.43
2009-03-26,13.41
2009-03-27,13.4
2009-03-28,13.4
2009-03-29,13.39
2009-03-30,13.39
2009-03-31,13.39
2009-04-01,13.38
2009-04-02,13.39
2009-04-03,13.5
2009-04-04,13.54
2009-04-05,13.55
2009-04-06,13.54
2009-04-07,13.54
2009-04-08,13.6
2009-04-09,13.7
2009-04-10,13.82
2009-04-11,13.87
2009-04-12,13.89
2009-04-13,13.83
2009-04-14,13.85
2009-04-15,13.93
2009-04-16,13.99
2009-04-17,14.07
2009-04-18,14.16
2009-04-19,14.22
2009-04-20,14.28
2009-04-21,14.32
2009-04-22,14.3
2009-04-23,14.21
2009-04-24,14.28
2009-04-25,14.43
2009-04-26,14.63
2009-04-27,14.71
2009-04-28,14.71
2009-04-29,14.62
2009-04-30,14.73
2009-05-01,14.82
2009-05-02,14.91
2009-05-03,14.86
2009-05-04,14.85
2009-05-05,14.82
2009-05-06,14.77
2009-05-07,14.76
2009-05-08,14.74
2009-05-09,14.73
2009-05-10,14.71
2009-05-11,14.79
2009-05-12,14.87
2009-05-13,14.92
2009-05-14,14.95
2009-05-15,15.03
2009-05-16,15.11
2009-05-17,15.19
2009-05-18,15.22
2009-05-19,15.17
2009-05-20,14.99
2009-05-21,14.95
2009-05-22,14.91
2009-05-23,14.87
2009-05-24,14.8
2009-05-25,14.8
2009-05-26,14.83
2009-05-27,15.07
2009-05-28,16.29
2009-05-29,16.4
2009-05-30,16.2
2009-05-31,15.98
2009-06-01,15.93
2009-06-02,15.99
2009-06-03,16.05
2009-06-04,16.01
2009-06-05,15.92
2009-06-06,15.87
2009-06-07,15.85
2009-06-08,15.85
2009-06-09,15.82
2009-06-10,15.82
2009-06-11,15.75
2009-06-12,15.74
2009-06-13,15.82
2009-06-14,15.89
2009-06-15,16.06
2009-06-16,16.24
2009-06-17,16.46
2009-06-18,16.57
2009-06-19,16.57
2009-06-20,16.43
2009-06-21,16.26
2009-06-22,16.22
2009-06-23,16.11
2009-06-24,16.22
2009-06-25,16.27
2009-06-26,16.31
2009-06-27,16.22
2009-06-28,16.3
2009-06-29,16.67
2009-06-30,16.84
2009-07-01,17.07
2009-07-02,17.6
2009-07-03,17.98
2009-07-04,18.57
2009-07-05,18.67
2009-07-06,18.83
2009-07-07,18.91
2009-07-08,18.83
2009-07-09,18.57
2009-07-10,18.44
2009-07-11,18.32
2009-07-12,18.28
2009-07-13,18.25
2009-07-14,18.2
2009-07-15,18.17
2009-07-16,18.09
2009-07-17,17.99
2009-07-18,17.86
2009-07-19,17.74
2009-07-20,17.58
2009-07-21,17.39
2009-07-22,17.32
2009-07-23,17.27
2009-07-24,17.19
2009-07-25,17.16
2009-07-26,17.12
2009-07-27,17.12
2009-07-28,17.4
2009-07-29,17.72
2009-07-30,17.93
2009-07-31,18.15
2009-08-01,18.36
2009-08-02,18.42
2009-08-03,18.39
2009-08-04,18.33
2009-08-05,18.34
2009-08-06,18.39
2009-08-07,18.45
2009-08-08,18.42
2009-08-09,18.41
2009-08-10,18.36
2009-08-11,18.32
2009-08-12,18.25
2009-08-13,18.24
2009-08-14,18.4
2009-08-15,18.54
2009-08-16,18.55
2009-08-17,19.04
2009-08-18,19.27
2009-08-19,19.27
2009-08-20,19.15
2009-08-21,19.33
2009-08-22,19.4
2009-08-23,19.29
2009-08-24,19.23
2009-08-25,19.2
2009-08-26,19.19
2009-08-27,19.18
2009-08-28,19.16
2009-08-29,19.13
2009-08-30,19.03
2009-08-31,18.94
2009-09-01,18.79
2009-09-02,18.67
2009-09-03,18.55
2009-09-04,18.4
2009-09-05,18.29
2009-09-06,18.07
2009-09-07,17.96
2009-09-08,17.74
2009-09-09,17.61
2009-09-10,17.52
2009-09-11,17.31
2009-09-12,17.25
2009-09-13,17.14
2009-09-14,17.14
2009-09-15,17.07
2009-09-16,17.0
2009-09-17,16.94
2009-09-18,16.93
2009-09-19,16.99
2009-09-20,17.2
2009-09-21,17.3
2009-09-22,17.3
2009-09-23,17.23
2009-09-24,17.31
2009-09-25,17.51
2009-09-26,17.63
2009-09-27,17.65
2009-09-28,17.57
2009-09-29,17.46
2009-09-30,17.24
2009-10-01,17.12
2009-10-02,17.02
2009-10-03,16.92
2009-10-04,16.76
2009-10-05,16.62
2009-10-06,16.47
2009-10-07,16.36
2009-10-08,16.62
2009-10-09,17.56
2009-10-10,17.67
2009-10-11,17.41
2009-10-12,17.26
2009-10-13,17.14
2009-10-14,17.21
2009-10-15,17.33
2009-10-16,17.34
2009-10-17,17.25
2009-10-18,17.08
2009-10-19,16.9
2009-10-20,16.68
2009-10-21,16.48
2009-10-22,16.27
2009-10-23,16.16
2009-10-24,16.08
2009-10-25,16.0
2009-10-26,15.96
2009-10-27,15.93
2009-10-28,15.8
2009-10-29,15.73
2009-10-30,15.65
2009-10-31,15.58
2009-11-01,15.49
2009-11-02,15.42
2009-11-03,15.37
2009-11-04,15.28
2009-11-05,15.22
2009-11-06,15.17
2009-11-07,15.13
2009-11-08,15.07
2009-11-09,15.04
2009-11-10,15.01
2009-11-11,14.95
2009-11-12,14.9
2009-11-13,14.85
2009-11-14,14.8
2009-11-15,14.74
2009-11-16,14.7
2009-11-17,14.67
2009-11-18,14.63
2009-11-19,14.62
2009-11-20,14.6
2009-11-21,14.59
2009-11-22,14.57
2009-11-23,14.55
2009-11-24,14.63
2009-11-25,14.95
2009-11-26,15.0
2009-11-27,15.0
2009-11-28,14.87
2009-11-29,14.73
2009-11-30,14.64
2009-12-01,14.61
2009-12-02,14.52
2009-12-03,14.48
2009-12-04,14.4
2009-12-05,14.38
2009-12-06,14.35
2009-12-07,14.31
2009-12-08,14.29
2009-12-09,14.27
2009-12-10,14.25
2009-12-11,14.22
2009-12-12,14.2
2009-12-13,14.17
2009-12-14,14.16
2009-12-15,14.13
2009-12-16,14.12
2009-12-17,14.11
2009-12-18,14.07
2009-12-19,14.05
2009-12-20,14.01
2009-12-21,13.98
2009-12-22,13.96
2009-12-23,13.94
2009-12-24,13.92
2009-12-25,13.92
2009-12-26,13.91
2009-12-27,13.9
2009-12-28,13.89
2009-12-29,13.89
2009-12-30,13.88
2009-12-31,13.85
2010-01-01,13.83
2010-01-02,13.79
2010-01-03,13.76
2010-01-04,13.73
2010-01-05,13.71
2010-01-06,13.69
2010-01-07,13.67
2010-01-08,13.65
2010-01-09,13.63
2010-01-10,13.62
2010-01-11,13.6
2010-01-12,13.58
2010-01-13,13.56
2010-01-14,13.54
2010-01-15,13.53
2010-01-16,13.52
2010-01-17,13.5
2010-01-18,13.48
2010-01-19,13.46
2010-01-20,13.45
2010-01-21,13.43
2010-01-22,13.42
2010-01-23,13.41
2010-01-24,13.39
2010-01-25,13.37
2010-01-26,13.36
2010-01-27,13.35
2010-01-28,13.34
2010-01-29,13.32
2010-01-30,13.3
2010-01-31,13.28
2010-02-01,13.27
2010-02-02,13.25
2010-02-03,13.24
2010-02-04,13.22
2010-02-05,13.2
2010-02-06,13.19
2010-02-07,13.18
2010-02-08,13.17
2010-02-09,13.15
2010-02-10,13.14
2010-02-11,13.13
2010-02-12,13.11
2010-02-13,13.1
2010-02-14,13.09
2010-02-15,13.08
2010-02-16,13.08
2010-02-17,13.07
2010-02-18,13.06
2010-02-19,13.05
2010-02-20,13.05
2010-02-21,13.04
2010-02-22,13.03
2010-02-23,13.03
2010-02-24,13.03
2010-02-25,13.03
2010-02-26,13.03
2010-02-27,13.04
2010-02-28,13.04
2010-03-01,13.04
2010-03-02,13.04
2010-03-03,13.05
2010-03-04,13.05
2010-03-05,13.07
2010-03-06,13.1
2010-03-07,13.12
2010-03-08,13.14
2010-03-09,13.16
2010-03-10,13.19
2010-03-11,13.22
2010-03-12,13.27
2010-03-13,13.43
2010-03-14,13.55
2010-03-15,13.66
2010-03-16,13.7
2010-03-17,13.7
2010-03-18,13.64
2010-03-19,13.58
2010-03-20,13.53
2010-03-21,13.48
2010-03-22,13.46
2010-03-23,13.46
2010-03-24,13.46
2010-03-25,13.45
2010-03-26,13.45
2010-03-27,13.45
2010-03-28,13.53
2010-03-29,13.65
2010-03-30,13.77
2010-03-31,13.97
2010-04-01,14.42
2010-04-02,14.8
2010-04-03,15.07
2010-04-04,15.17
2010-04-05,15.17
2010-04-06,15.09
2010-04-07,15.16
2010-04-08,15.4
2010-04-09,15.57
2010-04-10,15.65
2010-04-11,15.65
2010-04-12,15.68
2010-04-13,15.78
2010-04-14,15.79
2010-04-15,15.69
2010-04-16,15.57
2010-04-17,15.56
2010-04-18,15.74
2010-04-19,15.74
2010-04-20,15.96
2010-04-21,16.21
2010-04-22,16.4
2010-04-23,16.48
2010-04-24,16.55
2010-04-25,16.55
2010-04-26,16.65
2010-04-27,17.43
2010-04-28,17.87
2010-04-29,17.98
2010-04-30,17.92
2010-05-01,17.69
2010-05-02,17.44
2010-05-03,17.03
2010-05-04,16.76
2010-05-05,16.5
2010-05-06,16.25
2010-05-07,16.09
2010-05-08,16.03
2010-05-09,16.12
2010-05-10,16.31
2010-05-11,16.33
2010-05-12,16.27
2010-05-13,16.24
2010-05-14,16.24
2010-05-15,16.33
2010-05-16,16.84
2010-05-17,17.47
2010-05-18,17.8
2010-05-19,17.97
2010-05-20,18.16
2010-05-21,18.2
2010-05-22,18.0
2010-05-23,17.65
2010-05-24,17.6
2010-05-25,17.7
2010-05-26,18.04
2010-05-27,18.18
2010-05-28,18.08
2010-05-29,17.84
2010-05-30,17.64
2010-05-31,17.58
2010-06-01,17.44
2010-06-02,17.38
2010-06-03,17.44
2010-06-04,17.41
2010-06-05,17.57
2010-06-06,17.76
2010-06-07,18.0
2010-06-08,18.2
2010-06-09,18.2
2010-06-10,18.33
2010-06-11,18.75
2010-06-12,18.93
2010-06-13,18.92
2010-06-14,18.65
2010-06-15,18.45
2010-06-16,18.34
2010-06-17,18.31
2010-06-18,18.32
2010-06-19,18.44
2010-06-20,18.44
2010-06-21,18.57
2010-06-22,18.55
2010-06-23,18.51
2010-06-24,18.61
2010-06-25,18.61
2010-06-26,18.65
2010-06-27,18.74
2010-06-28,19.31
2010-06-29,19.61
2010-06-30,19.59
2010-07-01,19.51
2010-07-02,19.47
2010-07-03,19.42
2010-07-04,19.45
2010-07-05,19.44
2010-07-06,19.35
2010-07-07,19.24
2010-07-08,19.08
2010-07-09,19.05
2010-07-10,19.05
2010-07-11,19.26
2010-07-12,19.42
2010-07-13,19.51
2010-07-14,19.52
2010-07-15,19.52
2010-07-16,19.44
2010-07-17,19.34
2010-07-18,19.31
2010-07-19,19.4
2010-07-20,19.52
2010-07-21,19.54
2010-07-22,19.67
2010-07-23,19.8
2010-07-24,19.78
2010-07-25,19.65
2010-07-26,19.47
2010-07-27,19.33
2010-07-28,19.29
2010-07-29,19.21
2010-07-30,19.17
2010-07-31,19.08
2010-08-01,19.07
2010-08-02,18.97
2010-08-03,18.9
2010-08-04,18.73
2010-08-05,18.68
2010-08-06,18.653
2010-08-07,18.62
2010-08-08,18.57
2010-08-09,18.54
2010-08-10,18.47
2010-08-11,18.38
2010-08-12,18.34
2010-08-13,18.28
2010-08-14,18.25
2010-08-15,18.18
2010-08-16,18.15
2010-08-17,18.14
2010-08-18,18.37
2010-08-19,18.5
2010-08-20,18.75
2010-08-21,18.79
2010-08-22,18.89
2010-08-23,19.05
2010-08-24,19.22
2010-08-25,19.37
2010-08-26,19.38
2010-08-27,19.35
2010-08-28,19.39
2010-08-29,19.52
2010-08-30,19.53
2010-08-31,19.53
2010-09-01,19.42
2010-09-02,19.33
2010-09-03,19.29
2010-09-04,19.2
2010-09-05,19.19
2010-09-06,19.19
2010-09-07,19.2
2010-09-08,19.12
2010-09-09,19.09
2010-09-10,19.17
2010-09-11,19.35
2010-09-12,19.61
2010-09-13,19.77
2010-09-14,19.78
2010-09-15,19.78
2010-09-16,19.78
2010-09-17,19.71
2010-09-18,19.55
2010-09-19,19.41
2010-09-20,19.3
2010-09-21,19.27
2010-09-22,19.25
2010-09-23,19.23
2010-09-24,19.18
2010-09-25,19.09
2010-09-26,19.0
2010-09-27,18.87
2010-09-28,18.75
2010-09-29,18.66
2010-09-30,18.61
2010-10-01,
2010-10-02,
2010-10-03,
2010-10-04,
2010-10-05,
2010-10-06,
2010-10-07,
2010-10-08,
2010-10-09,
2010-10-10,
2010-10-11,
2010-10-12,
2010-10-13,
2010-10-14,
2010-10-15,
2010-10-16,
2010-10-17,
2010-10-18,
2010-10-19,
2010-10-20,
2010-10-21,
2010-10-22,
2010-10-23,
2010-10-24,
2010-10-25,
2010-10-26,
2010-10-27,
2010-10-28,
2010-10-29,
2010-10-30,
2010-10-31,
2010-11-01,16.37
2010-11-02,16.31
2010-11-03,16.17
2010-11-04,16.07
2010-11-05,16.01
2010-11-06,15.92
2010-11-07,15.85
2010-11-08,15.78
2010-11-09,15.74
2010-11-10,15.68
2010-11-11,15.6
2010-11-12,15.55
2010-11-13,15.5
2010-11-14,15.45
2010-11-15,15.4
2010-11-16,15.33
2010-11-17,15.29
2010-11-18,15.26
2010-11-19,15.23
2010-11-20,15.2
2010-11-21,15.17
2010-11-22,15.14
2010-11-23,15.12
2010-11-24,15.08
2010-11-25,15.05
2010-11-26,15.07
2010-11-27,15.09
2010-11-28,15.11
2010-11-29,15.11
2010-11-30,15.06
2010-12-01,15.01
2010-12-02,14.93
2010-12-03,14.897
2010-12-04,14.86
2010-12-05,14.82
2010-12-06,14.8
2010-12-07,14.79
2010-12-08,14.77
2010-12-09,14.74
2010-12-10,14.7
2010-12-11,14.66
2010-12-12,14.61
2010-12-13,14.57
2010-12-14,14.53
2010-12-15,14.5
2010-12-16,14.47
2010-12-17,14.45
2010-12-18,14.43
2010-12-19,14.41
2010-12-20,14.38
2010-12-21,14.36
2010-12-22,14.34
2010-12-23,14.33
2010-12-24,14.28
2010-12-25,14.27
2010-12-26,14.26
2010-12-27,14.24
2010-12-28,14.21
2010-12-29,14.17
2010-12-30,14.14
2010-12-31,14.1
2011-01-01,14.08
2011-01-02,14.06
2011-01-03,14.04
2011-01-04,14.03
2011-01-05,13.99
2011-01-06,13.96
2011-01-07,13.94
2011-01-08,13.92
2011-01-09,13.9
2011-01-10,13.88
2011-01-11,13.863
2011-01-12,13.84
2011-01-13,13.82
2011-01-14,13.798
2011-01-15,13.77
2011-01-16,13.75
2011-01-17,13.73
2011-01-18,13.71
2011-01-19,13.69
2011-01-20,13.68
2011-01-21,13.67
2011-01-22,13.65
2011-01-23,13.63
2011-01-24,13.63
2011-01-25,13.63
2011-01-26,13.61
2011-01-27,13.59
2011-01-28,13.56
2011-01-29,13.54
2011-01-30,13.52
2011-01-31,13.5
2011-02-01,13.48
2011-02-02,13.46
2011-02-03,13.44
2011-02-04,13.43
2011-02-05,13.42
2011-02-06,13.4
2011-02-07,13.39
2011-02-08,13.37
2011-02-09,13.36
2011-02-10,13.35
2011-02-11,13.33
2011-02-12,13.32
2011-02-13,13.31
2011-02-14,13.3
2011-02-15,13.3
2011-02-16,13.3
2011-02-17,13.32
2011-02-18,13.33
2011-02-19,13.34
2011-02-20,13.35
2011-02-21,13.34
2011-02-22,13.33
2011-02-23,13.32
2011-02-24,13.31
2011-02-25,13.36
2011-02-26,13.47
2011-02-27,13.56
2011-02-28,13.58
2011-03-01,13.56
2011-03-02,13.51
2011-03-03,13.44
2011-03-04,13.39
2011-03-05,13.34
2011-03-06,13.3
2011-03-07,13.28
2011-03-08,13.26
2011-03-09,13.24
2011-03-10,13.22
2011-03-11,13.21
2011-03-12,13.21
2011-03-13,13.22
2011-03-14,13.24
2011-03-15,13.27
2011-03-16,13.32
2011-03-17,13.34
2011-03-18,13.42
2011-03-19,13.56
2011-03-20,13.76
2011-03-21,13.84
2011-03-22,13.87
2011-03-23,13.87
2011-03-24,13.85
2011-03-25,13.81
2011-03-26,13.81
2011-03-27,14.19
2011-03-28,14.83
2011-03-29,14.99
2011-03-30,14.99
2011-03-31,14.98
2011-04-01,14.96
2011-04-02,14.96
2011-04-03,14.92
2011-04-04,14.83
2011-04-05,14.72
2011-04-06,14.62
2011-04-07,14.56
2011-04-08,14.51
2011-04-09,14.5
2011-04-10,14.5
2011-04-11,14.48
2011-04-12,14.45
2011-04-13,14.41
2011-04-14,14.43
2011-04-15,14.43
2011-04-16,14.42
2011-04-17,14.47
2011-04-18,14.52
2011-04-19,14.53
2011-04-20,14.53
2011-04-21,14.49
2011-04-22,14.52
2011-04-23,14.63
2011-04-24,14.66
2011-04-25,14.645
2011-04-26,14.71
2011-04-27,14.95
2011-04-28,15.28
2011-04-29,15.41
2011-04-30,15.41
2011-05-01,15.34
2011-05-02,15.3
2011-05-03,15.2
2011-05-04,15.15
2011-05-05,15.07
2011-05-06,15.02
2011-05-07,15.16
2011-05-08,15.26
2011-05-09,15.37
2011-05-10,15.48
2011-05-11,15.59
2011-05-12,15.63
2011-05-13,15.33
2011-05-14,15.31
2011-05-15,15.24
2011-05-16,15.36
2011-05-17,15.36
2011-05-18,15.34
2011-05-19,15.35
2011-05-20,15.35
2011-05-21,15.37
2011-05-22,15.36
2011-05-23,15.39
2011-05-24,15.5
2011-05-25,15.62
2011-05-26,15.73
2011-05-27,15.74
2011-05-28,15.81
2011-05-29,15.92
2011-05-30,16.28
2011-05-31,16.4
2011-06-01,16.35
2011-06-02,16.26
2011-06-03,16.22
2011-06-04,16.3
2011-06-05,16.49
2011-06-06,16.77
2011-06-07,17.21
2011-06-08,17.49
2011-06-09,17.59
2011-06-10,17.6
2011-06-11,17.6
2011-06-12,17.56
2011-06-13,17.39
2011-06-14,17.26
2011-06-15,17.16
2011-06-16,17.03
2011-06-17,17.05
2011-06-18,17.17
2011-06-19,17.2
2011-06-20,17.203
2011-06-21,17.19
2011-06-22,17.23
2011-06-23,17.33
2011-06-24,17.44
2011-06-25,17.46
2011-06-26,17.6
2011-06-27,17.75
2011-06-28,17.91
2011-06-29,17.93
2011-06-30,17.96
2011-07-01,18.08
2011-07-02,18.29
2011-07-03,18.47
2011-07-04,18.41
2011-07-05,18.43
2011-07-06,18.6
2011-07-07,18.84
2011-07-08,18.92
2011-07-09,18.99
2011-07-10,19.08
2011-07-11,19.13
2011-07-12,19.17
2011-07-13,19.24
2011-07-14,19.24
2011-07-15,19.28
2011-07-16,19.34
2011-07-17,19.4
2011-07-18,19.43
2011-07-19,19.48
2011-07-20,19.51
2011-07-21,19.57
2011-07-22,19.63
2011-07-23,19.64
2011-07-24,19.64
2011-07-25,19.65
2011-07-26,19.52
2011-07-27,19.41
2011-07-28,19.35
2011-07-29,19.22
2011-07-30,19.24
2011-07-31,19.25
2011-08-01,
2011-08-02,
2011-08-03,
2011-08-04,
2011-08-05,
2011-08-06,
2011-08-07,
2011-08-08,
2011-08-09,
2011-08-10,
2011-08-11,
2011-08-12,
2011-08-13,
2011-08-14,
2011-08-15,
2011-08-16,
2011-08-17,
2011-08-18,
2011-08-19,
2011-08-20,
2011-08-21,
2011-08-22,
2011-08-23,
2011-08-24,
2011-08-25,
2011-08-26,
2011-08-27,
2011-08-28,
2011-08-29,
2011-08-30,
2011-08-31,
2011-09-01,18.0
2011-09-02,17.84
2011-09-03,17.75
2011-09-04,17.5
2011-09-05,17.35
2011-09-06,17.2
2011-09-07,17.11
2011-09-08,17.13
2011-09-09,17.1
2011-09-10,16.98
2011-09-11,17.0
2011-09-12,17.11
2011-09-13,17.19
2011-09-14,17.23
2011-09-15,17.24
2011-09-16,17.16
2011-09-17,17.25
2011-09-18,17.41
2011-09-19,17.71
2011-09-20,18.14
2011-09-21,18.09
2011-09-22,17.9
2011-09-23,17.78
2011-09-24,17.7
2011-09-25,17.62
2011-09-26,17.6
2011-09-27,17.84
2011-09-28,17.87
2011-09-29,17.89
2011-09-30,17.93
2011-10-01,17.99
2011-10-02,18.0
2011-10-03,17.98
2011-10-04,17.78
2011-10-05,17.66
2011-10-06,17.37
2011-10-07,17.11
2011-10-08,16.95
2011-10-09,16.81
2011-10-10,16.67
2011-10-11,16.57
2011-10-12,16.45
2011-10-13,16.42
2011-10-14,16.25
2011-10-15,16.13
2011-10-16,16.05
2011-10-17,15.94
2011-10-18,15.84
2011-10-19,15.82
2011-10-20,15.76
2011-10-21,15.7
2011-10-22,15.7
2011-10-23,15.68
2011-10-24,15.68
2011-10-25,15.66
2011-10-26,15.6
2011-10-27,15.52
2011-10-28,15.45
2011-10-29,15.42
2011-10-30,15.38
2011-10-31,15.35
2011-11-01,15.3
2011-11-02,15.22
2011-11-03,15.16
2011-11-04,15.1
2011-11-05,15.03
2011-11-06,14.98
2011-11-07,14.95
2011-11-08,14.9
2011-11-09,14.83
2011-11-10,14.77
2011-11-11,14.68
2011-11-12,14.6
2011-11-13,14.55
2011-11-14,14.5
2011-11-15,14.45
2011-11-16,14.41
2011-11-17,14.38
2011-11-18,14.32
2011-11-19,14.32
2011-11-20,14.31
2011-11-21,14.27
2011-11-22,14.24
2011-11-23,14.21
2011-11-24,14.2
2011-11-25,14.18
2011-11-26,14.16
2011-11-27,14.12
2011-11-28,14.08
2011-11-29,14.04
2011-11-30,14.0
2011-12-01,13.98
2011-12-02,13.96
2011-12-03,13.92
2011-12-04,13.88
2011-12-05,13.86
2011-12-06,13.84
2011-12-07,13.81
2011-12-08,13.78
2011-12-09,13.75
2011-12-10,13.72
2011-12-11,13.7
2011-12-12,13.69
2011-12-13,13.66
2011-12-14,13.64
2011-12-15,13.62
2011-12-16,13.6
2011-12-17,13.58
2011-12-18,13.58
2011-12-19,13.57
2011-12-20,13.56
2011-12-21,13.52
2011-12-22,13.5
2011-12-23,13.48
2011-12-24,13.46
2011-12-25,13.44
2011-12-26,13.42
2011-12-27,13.39
2011-12-28,13.37
2011-12-29,13.35
2011-12-30,13.33
2011-12-31,13.31
2012-01-01,13.28
2012-01-02,13.24
2012-01-03,13.22
2012-01-04,13.21
2012-01-05,13.2
2012-01-06,13.19
2012-01-07,13.18
2012-01-08,13.16
2012-01-09,13.15
2012-01-10,13.13
2012-01-11,13.12
2012-01-12,13.11
2012-01-13,13.1
2012-01-14,13.09
2012-01-15,13.08
2012-01-16,13.07
2012-01-17,13.05
2012-01-18,13.02
2012-01-19,13.0
2012-01-20,12.99
2012-01-21,12.99
2012-01-22,12.97
2012-01-23,12.95
2012-01-24,12.93
2012-01-25,12.91
2012-01-26,12.89
2012-01-27,12.87
2012-01-28,12.86
2012-01-29,12.86
2012-01-30,12.88
2012-01-31,12.88
2012-02-01,12.87
2012-02-02,12.85
2012-02-03,12.84
2012-02-04,12.82
2012-02-05,12.81
2012-02-06,12.79
2012-02-07,12.78
2012-02-08,12.77
2012-02-09,12.76
2012-02-10,12.75
2012-02-11,12.74
2012-02-12,12.73
2012-02-13,12.72
2012-02-14,12.71
2012-02-15,12.71
2012-02-16,12.71
2012-02-17,12.7
2012-02-18,12.7
2012-02-19,12.7
2012-02-20,12.72
2012-02-21,12.72
2012-02-22,12.7
2012-02-23,12.69
2012-02-24,12.66
2012-02-25,12.64
2012-02-26,12.62
2012-02-27,12.61
2012-02-28,12.63
2012-02-29,12.64
2012-03-01,12.64
2012-03-02,12.63
2012-03-03,12.62
2012-03-04,12.62
2012-03-05,12.66
2012-03-06,12.7
2012-03-07,12.73
2012-03-08,12.77
2012-03-09,12.81
2012-03-10,12.85
2012-03-11,12.88
2012-03-12,12.88
2012-03-13,12.87
2012-03-14,12.84
2012-03-15,12.84
2012-03-16,12.86
2012-03-17,12.94
2012-03-18,12.98
2012-03-19,13.0
2012-03-20,12.99
2012-03-21,12.95
2012-03-22,12.94
2012-03-23,12.94
2012-03-24,12.96
2012-03-25,12.98
2012-03-26,13.0
2012-03-27,13.01
2012-03-28,13.02
2012-03-29,13.04
2012-03-30,13.05
2012-03-31,13.1
2012-04-01,13.15
2012-04-02,13.19
2012-04-03,13.23
2012-04-04,13.24
2012-04-05,13.24
2012-04-06,13.4
2012-04-07,13.5
2012-04-08,13.62
2012-04-09,13.67
2012-04-10,13.68
2012-04-11,13.69
2012-04-12,13.74
2012-04-13,13.8
2012-04-14,13.89
2012-04-15,14.0
2012-04-16,14.13
2012-04-17,14.18
2012-04-18,14.18
2012-04-19,14.17
2012-04-20,14.35
2012-04-21,14.6
2012-04-22,14.87
2012-04-23,15.12
2012-04-24,15.17
2012-04-25,15.18
2012-04-26,15.19
2012-04-27,15.19
2012-04-28,15.12
2012-04-29,15.11
2012-04-30,15.29
2012-05-01,15.52
2012-05-02,15.59
2012-05-03,15.64
2012-05-04,15.79
2012-05-05,15.91
2012-05-06,16.04
2012-05-07,16.08
2012-05-08,16.04
2012-05-09,15.93
2012-05-10,15.79
2012-05-11,15.66
2012-05-12,15.52
2012-05-13,15.35
2012-05-14,15.22
2012-05-15,15.14
2012-05-16,15.1
2012-05-17,15.17
2012-05-18,15.26
2012-05-19,15.37
2012-05-20,15.6
2012-05-21,16.3
2012-05-22,16.64
2012-05-23,16.67
2012-05-24,16.5
2012-05-25,16.27
2012-05-26,16.14
2012-05-27,16.04
2012-05-28,16.03
2012-05-29,16.04
2012-05-30,16.06
2012-05-31,16.12
2012-06-01,16.2
2012-06-02,16.24
2012-06-03,16.27
2012-06-04,16.29
2012-06-05,16.47
2012-06-06,16.9
2012-06-07,17.25
2012-06-08,17.88
2012-06-09,18.28
2012-06-10,18.37
2012-06-11,18.34
2012-06-12,18.09
2012-06-13,17.88
2012-06-14,17.66
2012-06-15,17.97
2012-06-16,18.33
2012-06-17,18.56
2012-06-18,18.79
2012-06-19,18.89
2012-06-20,18.76
2012-06-21,18.48
2012-06-22,18.32
2012-06-23,18.29
2012-06-24,18.43
2012-06-25,18.57
2012-06-26,18.8
2012-06-27,19.58
2012-06-28,20.12
2012-06-29,20.43
2012-06-30,20.56
2012-07-01,20.56
2012-07-02,20.45
2012-07-03,20.09
2012-07-04,19.65
2012-07-05,19.27
2012-07-06,19.14
2012-07-07,19.25
2012-07-08,19.22
2012-07-09,19.13
2012-07-10,19.07
2012-07-11,19.04
2012-07-12,19.11
2012-07-13,19.18
2012-07-14,19.27
2012-07-15,19.31
2012-07-16,19.47
2012-07-17,19.79
2012-07-18,19.87
2012-07-19,19.84
2012-07-20,19.9
2012-07-21,19.98
2012-07-22,19.94
2012-07-23,19.85
2012-07-24,19.76
2012-07-25,19.67
2012-07-26,19.55
2012-07-27,19.52
2012-07-28,19.5
2012-07-29,19.44
2012-07-30,19.44
2012-07-31,19.4
2012-08-01,19.34
2012-08-02,19.3
2012-08-03,19.2
2012-08-04,19.19
2012-08-05,19.18
2012-08-06,19.18
2012-08-07,19.15
2012-08-08,19.12
2012-08-09,19.09
2012-08-10,19.03
2012-08-11,18.93
2012-08-12,18.83
2012-08-13,18.67
2012-08-14,18.62
2012-08-15,18.57
2012-08-16,18.44
2012-08-17,18.31
2012-08-18,18.2
2012-08-19,18.12
2012-08-20,18.05
2012-08-21,18.0
2012-08-22,18.16
2012-08-23,18.26
2012-08-24,18.45
2012-08-25,18.51
2012-08-26,18.7
2012-08-27,18.89
2012-08-28,19.04
2012-08-29,19.08
2012-08-30,19.08
2012-08-31,19.01
2012-09-01,18.89
2012-09-02,18.79
2012-09-03,18.81
2012-09-04,18.82
2012-09-05,18.74
2012-09-06,18.83
2012-09-07,18.87
2012-09-08,18.87
2012-09-09,18.72
2012-09-10,18.46
2012-09-11,18.2
2012-09-12,18.04
2012-09-13,17.92
2012-09-14,18.13
2012-09-15,18.19
2012-09-16,18.82
2012-09-17,19.13
2012-09-18,19.22
2012-09-19,19.24
2012-09-20,19.16
2012-09-21,19.28
2012-09-22,19.48
2012-09-23,19.66
2012-09-24,19.81
2012-09-25,20.08
2012-09-26,20.27
2012-09-27,20.45
2012-09-28,20.46
2012-09-29,20.37
2012-09-30,20.08
2012-10-01,
2012-10-02,
2012-10-03,
2012-10-04,
2012-10-05,
2012-10-06,
2012-10-07,
2012-10-08,
2012-10-09,
2012-10-10,
2012-10-11,
2012-10-12,
2012-10-13,
2012-10-14,
2012-10-15,
2012-10-16,
2012-10-17,
2012-10-18,
2012-10-19,
2012-10-20,
2012-10-21,
2012-10-22,
2012-10-23,
2012-10-24,
2012-10-25,
2012-10-26,
2012-10-27,
2012-10-28,
2012-10-29,
2012-10-30,
2012-10-31,
2012-11-01,15.79
2012-11-02,15.71
2012-11-03,15.63
2012-11-04,15.53
2012-11-05,15.47
2012-11-06,15.39
2012-11-07,15.31
2012-11-08,15.26
2012-11-09,15.18
2012-11-10,15.09
2012-11-11,15.03
2012-11-12,15.03
2012-11-13,14.97
2012-11-14,14.92
2012-11-15,14.89
2012-11-16,14.85
2012-11-17,14.8
2012-11-18,14.76
2012-11-19,14.71
2012-11-20,14.66
2012-11-21,14.61
2012-11-22,14.56
2012-11-23,14.5
2012-11-24,14.45
2012-11-25,14.41
2012-11-26,14.38
2012-11-27,14.35
2012-11-28,14.34
2012-11-29,14.29
2012-11-30,14.24
2012-12-01,14.2
2012-12-02,14.17
2012-12-03,14.15
2012-12-04,14.13
2012-12-05,14.1
2012-12-06,14.07
2012-12-07,14.03
2012-12-08,13.99
2012-12-09,13.97
2012-12-10,13.94
2012-12-11,13.9
2012-12-12,13.87
2012-12-13,13.85
2012-12-14,13.83
2012-12-15,13.79
2012-12-16,13.76
2012-12-17,13.74
2012-12-18,13.72
2012-12-19,13.7
2012-12-20,13.67
2012-12-21,13.67
2012-12-22,13.66
2012-12-23,13.66
2012-12-24,13.63
2012-12-25,13.6
2012-12-26,13.56
2012-12-27,13.54
2012-12-28,13.51
2012-12-29,13.49
2012-12-30,13.45
2012-12-31,13.42
2013-01-01,13.4
2013-01-02,13.37
2013-01-03,13.33
2013-01-04,13.29
2013-01-05,13.25
2013-01-06,13.22
2013-01-07,13.2
2013-01-08,13.18
2013-01-09,13.16
2013-01-10,13.14
2013-01-11,13.13
2013-01-12,13.12
2013-01-13,13.1
2013-01-14,13.08
2013-01-15,13.07
2013-01-16,13.06
2013-01-17,13.04
2013-01-18,13.03
2013-01-19,13.01
2013-01-20,12.98
2013-01-21,12.95
2013-01-22,12.93
2013-01-23,12.91
2013-01-24,12.89
2013-01-25,12.87
2013-01-26,12.85
2013-01-27,12.83
2013-01-28,12.81
2013-01-29,12.8
2013-01-30,12.8
2013-01-31,12.79
2013-02-01,12.78
2013-02-02,12.76
2013-02-03,12.74
2013-02-04,12.73
2013-02-05,12.72
2013-02-06,12.7
2013-02-07,12.67
2013-02-08,12.65
2013-02-09,12.63
2013-02-10,12.61
2013-02-11,12.6
2013-02-12,12.58
2013-02-13,12.57
2013-02-14,12.56
2013-02-15,12.55
2013-02-16,12.53
2013-02-17,12.52
2013-02-18,12.52
2013-02-19,12.51
2013-02-20,12.53
2013-02-21,12.54
2013-02-22,12.53
2013-02-23,12.53
2013-02-24,12.52
2013-02-25,12.52
2013-02-26,12.53
2013-02-27,12.55
2013-02-28,12.59
2013-03-01,12.588
2013-03-02,12.57
2013-03-03,12.54
2013-03-04,12.52
2013-03-05,12.49
2013-03-06,12.46
2013-03-07,12.44
2013-03-08,12.42
2013-03-09,12.42
2013-03-10,12.41
2013-03-11,12.41
2013-03-12,12.42
2013-03-13,12.41
2013-03-14,12.4
2013-03-15,12.39
2013-03-16,12.38
2013-03-17,12.36
2013-03-18,12.35
2013-03-19,12.34
2013-03-20,12.33
2013-03-21,12.32
2013-03-22,12.33
2013-03-23,12.37
2013-03-24,12.41
2013-03-25,12.5
2013-03-26,12.54
2013-03-27,12.59
2013-03-28,12.65
2013-03-29,12.69
2013-03-30,12.71
2013-03-31,12.71
2013-04-01,12.69
2013-04-02,12.69
2013-04-03,12.73
2013-04-04,12.77
2013-04-05,12.77
2013-04-06,12.851
2013-04-07,12.896
2013-04-08,13.05
2013-04-09,13.19
2013-04-10,13.23
2013-04-11,13.23
2013-04-12,13.22
2013-04-13,13.33
2013-04-14,13.47
2013-04-15,13.5
2013-04-16,13.51
2013-04-17,13.48
2013-04-18,13.52
2013-04-19,13.81
2013-04-20,14.35
2013-04-21,14.55
2013-04-22,14.66
2013-04-23,14.58
2013-04-24,14.58
2013-04-25,14.45
2013-04-26,14.35
2013-04-27,14.26
2013-04-28,14.24
2013-04-29,14.2
2013-04-30,14.17
2013-05-01,
2013-05-02,
2013-05-03,
2013-05-04,
2013-05-05,
2013-05-06,
2013-05-07,
2013-05-08,
2013-05-09,
2013-05-10,
2013-05-11,
2013-05-12,
2013-05-13,
2013-05-14,
2013-05-15,
2013-05-16,
2013-05-17,
2013-05-18,
2013-05-19,
2013-05-20,
2013-05-21,
2013-05-22,
2013-05-23,
2013-05-24,
2013-05-25,
2013-05-26,
2013-05-27,
2013-05-28,
2013-05-29,
2013-05-30,
2013-05-31,
2013-06-01,
2013-06-02,
2013-06-03,
2013-06-04,
2013-06-05,
2013-06-06,
2013-06-07,
2013-06-08,
2013-06-09,
2013-06-10,
2013-06-11,
2013-06-12,
2013-06-13,
2013-06-14,
2013-06-15,
2013-06-16,
2013-06-17,
2013-06-18,
2013-06-19,
2013-06-20,
2013-06-21,
2013-06-22,
2013-06-23,
2013-06-24,
2013-06-25,
2013-06-26,
2013-06-27,
2013-06-28,
2013-06-29,
2013-06-30,
2013-07-01,18.39
2013-07-02,18.84
2013-07-03,18.99
2013-07-04,18.97
2013-07-05,18.85
2013-07-06,18.82
2013-07-07,18.99
2013-07-08,19.2
2013-07-09,19.34
2013-07-10,19.47
2013-07-11,19.67
2013-07-12,19.68
2013-07-13,19.6
2013-07-14,19.46
2013-07-15,19.37
2013-07-16,19.3
2013-07-17,19.13
2013-07-18,19.087
2013-07-19,18.99
2013-07-20,19.09
2013-07-21,19.12
2013-07-22,19.11
2013-07-23,19.02
2013-07-24,19.04
2013-07-25,19.05
2013-07-26,19.11
2013-07-27,19.15
2013-07-28,19.14
2013-07-29,19.07
2013-07-30,19.0
2013-07-31,18.94
2013-08-01,18.86
2013-08-02,18.78
2013-08-03,18.76
2013-08-04,18.69
2013-08-05,18.52
2013-08-06,18.4
2013-08-07,18.45
2013-08-08,18.51
2013-08-09,18.49
2013-08-10,18.43
2013-08-11,18.51
2013-08-12,18.6
2013-08-13,18.64
2013-08-14,18.63
2013-08-15,18.56
2013-08-16,18.45
2013-08-17,18.36
2013-08-18,18.29
2013-08-19,18.22
2013-08-20,18.12
2013-08-21,18.0
2013-08-22,17.97
2013-08-23,17.92
2013-08-24,17.83
2013-08-25,17.67
2013-08-26,17.54
2013-08-27,17.47
2013-08-28,17.53
2013-08-29,17.6
2013-08-30,17.6
2013-08-31,17.62
2013-09-01,17.62
2013-09-02,17.64
2013-09-03,17.79
2013-09-04,17.9
2013-09-05,18.17
2013-09-06,18.49
2013-09-07,18.8
2013-09-08,19.3
2013-09-09,19.66
2013-09-10,19.9
2013-09-11,19.91
2013-09-12,19.79
2013-09-13,19.5
2013-09-14,19.19
2013-09-15,18.9
2013-09-16,18.62
2013-09-17,18.41
2013-09-18,18.12
2013-09-19,17.94
2013-09-20,17.76
2013-09-21,17.4
2013-09-22,17.3
2013-09-23,17.13
2013-09-24,17.01
2013-09-25,16.91
2013-09-26,16.82
2013-09-27,16.8
2013-09-28,16.81
2013-09-29,16.85
2013-09-30,16.87
2013-10-01,16.87
2013-10-02,16.84
2013-10-03,16.77
2013-10-04,16.68
2013-10-05,16.57
2013-10-06,16.51
2013-10-07,16.58
2013-10-08,16.63
2013-10-09,16.6
2013-10-10,16.55
2013-10-11,16.54
2013-10-12,16.59
2013-10-13,16.55
2013-10-14,16.48
2013-10-15,16.37
2013-10-16,16.37
2013-10-17,16.48
2013-10-18,16.37
2013-10-19,16.23
2013-10-20,16.0
2013-10-21,15.84
2013-10-22,15.74
2013-10-23,15.71
2013-10-24,15.68
2013-10-25,15.66
2013-10-26,15.71
2013-10-27,15.74
2013-10-28,15.82
2013-10-29,15.82
2013-10-30,15.74
2013-10-31,15.63
2013-11-01,15.52
2013-11-02,15.42
2013-11-03,15.4
2013-11-04,15.49
2013-11-05,15.57
2013-11-06,15.59
2013-11-07,15.54
2013-11-08,15.43
2013-11-09,15.34
2013-11-10,15.21
2013-11-11,15.09
2013-11-12,15.0
2013-11-13,14.91
2013-11-14,14.84
2013-11-15,14.72
2013-11-16,14.66
2013-11-17,14.58
2013-11-18,14.53
2013-11-19,14.44
2013-11-20,14.44
2013-11-21,14.38
2013-11-22,14.33
2013-11-23,14.27
2013-11-24,14.22
2013-11-25,14.17
2013-11-26,14.12
2013-11-27,14.08
2013-11-28,14.03
2013-11-29,13.99
2013-11-30,13.96
2013-12-01,13.92
2013-12-02,13.87
2013-12-03,13.82
2013-12-04,13.78
2013-12-05,13.76
2013-12-06,13.74
2013-12-07,13.7
2013-12-08,13.67
2013-12-09,13.64
2013-12-10,13.6
2013-12-11,13.56
2013-12-12,13.54
2013-12-13,13.51
2013-12-14,13.48
2013-12-15,13.45
2013-12-16,13.42
2013-12-17,13.4
2013-12-18,13.38
2013-12-19,13.36
2013-12-20,13.34
2013-12-21,13.32
2013-12-22,13.29
2013-12-23,13.26
2013-12-24,13.24
2013-12-25,13.21
2013-12-26,13.19
2013-12-27,13.17
2013-12-28,13.14
2013-12-29,13.12
2013-12-30,13.09
2013-12-31,13.06
2014-01-01,13.04
2014-01-02,13.02
2014-01-03,12.99
2014-01-04,12.97
2014-01-05,12.95
2014-01-06,12.93
2014-01-07,12.93
2014-01-08,12.92
2014-01-09,12.9
2014-01-10,12.88
2014-01-11,12.86
2014-01-12,12.83
2014-01-13,12.82
2014-01-14,12.8
2014-01-15,12.79
2014-01-16,12.77
2014-01-17,12.75
2014-01-18,12.73
2014-01-19,12.72
2014-01-20,12.7
2014-01-21,12.68
2014-01-22,12.66
2014-01-23,12.65
2014-01-24,12.64
2014-01-25,12.63
2014-01-26,12.62
2014-01-27,12.61
2014-01-28,12.59
2014-01-29,12.57
2014-01-30,12.55
2014-01-31,12.53
2014-02-01,
2014-02-02,
2014-02-03,
2014-02-04,
2014-02-05,
2014-02-06,
2014-02-07,
2014-02-08,
2014-02-09,
2014-02-10,
2014-02-11,
2014-02-12,
2014-02-13,
2014-02-14,
2014-02-15,
2014-02-16,
2014-02-17,
2014-02-18,
2014-02-19,
2014-02-20,
2014-02-21,
2014-02-22,
2014-02-23,
2014-02-24,
2014-02-25,
2014-02-26,
2014-02-27,
2014-02-28,
2014-03-01,
2014-03-02,
2014-03-03,
2014-03-04,
2014-03-05,
2014-03-06,
2014-03-07,
2014-03-08,
2014-03-09,
2014-03-10,
2014-03-11,
2014-03-12,
2014-03-13,
2014-03-14,
2014-03-15,
2014-03-16,
2014-03-17,
2014-03-18,
2014-03-19,
2014-03-20,
2014-03-21,
2014-03-22,
2014-03-23,
2014-03-24,
2014-03-25,
2014-03-26,
2014-03-27,
2014-03-28,
2014-03-29,
2014-03-30,
2014-03-31,
2014-04-01,
2014-04-02,
2014-04-03,
2014-04-04,
2014-04-05,
2014-04-06,
2014-04-07,
2014-04-08,
2014-04-09,
2014-04-10,
2014-04-11,
2014-04-12,
2014-04-13,
2014-04-14,
2014-04-15,
2014-04-16,
2014-04-17,
2014-04-18,
2014-04-19,
2014-04-20,
2014-04-21,
2014-04-22,
2014-04-23,
2014-04-24,
2014-04-25,
2014-04-26,
2014-04-27,
2014-04-28,
2014-04-29,
2014-04-30,
2014-05-01,
2014-05-02,
2014-05-03,
2014-05-04,
2014-05-05,
2014-05-06,
2014-05-07,
2014-05-08,
2014-05-09,
2014-05-10,
2014-05-11,
2014-05-12,
2014-05-13,
2014-05-14,
2014-05-15,
2014-05-16,
2014-05-17,
2014-05-18,
2014-05-19,
2014-05-20,
2014-05-21,
2014-05-22,
2014-05-23,
2014-05-24,
2014-05-25,
2014-05-26,
2014-05-27,
2014-05-28,
2014-05-29,
2014-05-30,
2014-05-31,
2014-06-01,16.22
2014-06-02,16.01
2014-06-03,15.93
2014-06-04,16.06
2014-06-05,16.16
2014-06-06,16.19
2014-06-07,16.2
2014-06-08,16.32
2014-06-09,16.66
2014-06-10,16.88
2014-06-11,16.92
2014-06-12,16.92
2014-06-13,16.92
2014-06-14,16.97
2014-06-15,17.07
2014-06-16,17.21
2014-06-17,17.25
2014-06-18,17.19
2014-06-19,17.11
2014-06-20,16.99
2014-06-21,16.92
2014-06-22,16.9
2014-06-23,17.2
2014-06-24,17.49
2014-06-25,17.82
2014-06-26,18.14
2014-06-27,18.44
2014-06-28,18.56
2014-06-29,18.57
2014-06-30,18.57
2014-07-01,18.58
2014-07-02,18.5
2014-07-03,18.34
2014-07-04,18.362
2014-07-05,18.47
2014-07-06,18.59
2014-07-07,18.63
2014-07-08,18.66
2014-07-09,18.5
2014-07-10,18.49
2014-07-11,18.53
2014-07-12,18.48
2014-07-13,18.4
2014-07-14,18.46
2014-07-15,18.46
2014-07-16,18.4
2014-07-17,18.34
2014-07-18,18.35
2014-07-19,18.42
2014-07-20,18.53
2014-07-21,18.67
2014-07-22,18.88
2014-07-23,18.98
2014-07-24,18.97
2014-07-25,18.97
2014-07-26,18.91
2014-07-27,18.87
2014-07-28,18.75
2014-07-29,18.65
2014-07-30,18.58
2014-07-31,18.48
2014-08-01,18.41
2014-08-02,18.36
2014-08-03,18.3
2014-08-04,18.24
2014-08-05,18.22
2014-08-06,18.23
2014-08-07,18.23
2014-08-08,18.24
2014-08-09,18.17
2014-08-10,18.17
2014-08-11,18.24
2014-08-12,18.26
2014-08-13,18.28
2014-08-14,18.39
2014-08-15,18.58
2014-08-16,18.86
2014-08-17,19.42
2014-08-18,19.7
2014-08-19,19.82
2014-08-20,19.86
2014-08-21,19.86
2014-08-22,19.86
2014-08-23,19.81
2014-08-24,19.75
2014-08-25,19.79
2014-08-26,19.77
2014-08-27,19.92
2014-08-28,20.15
2014-08-29,20.21
2014-08-30,20.17
2014-08-31,20.02
2014-09-01,19.8
2014-09-02,19.58
2014-09-03,19.38
2014-09-04,19.16
2014-09-05,18.93
2014-09-06,18.74
2014-09-07,18.56
2014-09-08,18.42
2014-09-09,18.27
2014-09-10,18.15
2014-09-11,18.23
2014-09-12,18.24
2014-09-13,18.11
2014-09-14,18.1
2014-09-15,18.18
2014-09-16,18.25
2014-09-17,18.27
2014-09-18,18.22
2014-09-19,18.11
2014-09-20,18.01
2014-09-21,18.01
2014-09-22,18.75
2014-09-23,19.24
2014-09-24,19.3
2014-09-25,19.28
2014-09-26,19.17
2014-09-27,19.12
2014-09-28,19.11
2014-09-29,19.12
2014-09-30,19.07
2014-10-01,18.95
2014-10-02,18.85
2014-10-03,18.72
2014-10-04,18.58
2014-10-05,18.26
2014-10-06,18.0
2014-10-07,17.73
2014-10-08,17.54
2014-10-09,17.21
2014-10-10,17.04
2014-10-11,16.9
2014-10-12,16.79
2014-10-13,16.5
2014-10-14,16.39
2014-10-15,16.31
2014-10-16,16.19
2014-10-17,16.09
2014-10-18,16.01
2014-10-19,15.92
2014-10-20,15.81
2014-10-21,15.75
2014-10-22,15.72
2014-10-23,15.71
2014-10-24,15.62
2014-10-25,15.51
2014-10-26,15.44
2014-10-27,15.32
2014-10-28,15.21
2014-10-29,15.14
2014-10-30,15.08
2014-10-31,14.99
2014-11-01,14.92
2014-11-02,14.86
2014-11-03,14.82
2014-11-04,14.77
2014-11-05,14.7
2014-11-06,14.65
2014-11-07,14.55
2014-11-08,14.49
2014-11-09,14.43
2014-11-10,14.41
2014-11-11,14.35
2014-11-12,14.32
2014-11-13,14.28
2014-11-14,14.18
2014-11-15,14.09
2014-11-16,14.01
2014-11-17,14.0
2014-11-18,13.97
2014-11-19,13.94
2014-11-20,13.94
2014-11-21,13.93
2014-11-22,13.93
2014-11-23,13.91
2014-11-24,13.86
2014-11-25,13.83
2014-11-26,13.79
2014-11-27,13.75
2014-11-28,13.73
2014-11-29,13.7
2014-11-30,13.67
2014-12-01,
2014-12-02,
2014-12-03,
2014-12-04,
2014-12-05,
2014-12-06,
2014-12-07,
2014-12-08,
2014-12-09,
2014-12-10,
2014-12-11,
2014-12-12,
2014-12-13,
2014-12-14,
2014-12-15,
2014-12-16,
2014-12-17,
2014-12-18,
2014-12-19,
2014-12-20,
2014-12-21,
2014-12-22,
2014-12-23,
2014-12-24,
2014-12-25,
2014-12-26,
2014-12-27,
2014-12-28,
2014-12-29,
2014-12-30,
2014-12-31,
2015-01-01,12.754
2015-01-02,12.736
2015-01-03,12.72
2015-01-04,12.72
2015-01-05,12.7
2015-01-06,12.68
2015-01-07,12.664
2015-01-08,12.65
2015-01-09,12.64
2015-01-10,12.618
2015-01-11,12.594
2015-01-12,12.58
2015-01-13,12.57
2015-01-14,12.56
2015-01-15,12.56
2015-01-16,12.544
2015-01-17,12.526
2015-01-18,12.51
2015-01-19,12.49
2015-01-20,12.448
2015-01-21,12.414
2015-01-22,12.386
2015-01-23,12.364
2015-01-24,12.346
2015-01-25,12.324
2015-01-26,12.314
2015-01-27,12.29
2015-01-28,12.274
2015-01-29,12.25
2015-01-30,12.24
2015-01-31,12.23
2015-02-01,12.21
2015-02-02,12.196
2015-02-03,12.18
2015-02-04,12.162
2015-02-05,12.15
2015-02-06,12.134
2015-02-07,12.12
2015-02-08,12.11
2015-02-09,12.1
2015-02-10,12.1
2015-02-11,12.1
2015-02-12,12.084
2015-02-13,12.066
2015-02-14,12.044
2015-02-15,12.026
2015-02-16,12.01
2015-02-17,12.01
2015-02-18,12.0
2015-02-19,11.994
2015-02-20,11.99
2015-02-21,11.986
2015-02-22,11.98
2015-02-23,11.97
2015-02-24,11.96
2015-02-25,11.95
2015-02-26,11.94
2015-02-27,11.94
2015-02-28,11.93
2015-03-01,11.93
2015-03-02,11.93
2015-03-03,11.92
2015-03-04,11.91
2015-03-05,11.91
2015-03-06,11.916
2015-03-07,11.936
2015-03-08,12.016
2015-03-09,12.182
2015-03-10,12.318
2015-03-11,12.384
2015-03-12,12.464
2015-03-13,12.606
2015-03-14,12.678
2015-03-15,12.646
2015-03-16,12.556
2015-03-17,12.448
2015-03-18,12.358
2015-03-19,12.29
2015-03-20,12.24
2015-03-21,12.204
2015-03-22,12.19
2015-03-23,12.18
2015-03-24,12.17
2015-03-25,12.198
2015-03-26,12.234
2015-03-27,12.318
2015-03-28,12.448
2015-03-29,12.49
2015-03-30,12.448
2015-03-31,12.41
2015-04-01,12.376
2015-04-02,12.35
2015-04-03,12.356
2015-04-04,12.376
2015-04-05,12.438
2015-04-06,12.57
2015-04-07,12.704
2015-04-08,12.868
2015-04-09,13.048
2015-04-10,13.236
2015-04-11,13.446
2015-04-12,13.716
2015-04-13,14.06
2015-04-14,14.13
2015-04-15,14.116
2015-04-16,14.1
2015-04-17,14.09
2015-04-18,14.022
2015-04-19,13.932
2015-04-20,13.816
2015-04-21,13.772
2015-04-22,13.742
2015-04-23,13.686
2015-04-24,13.836
2015-04-25,14.178
2015-04-26,14.512
2015-04-27,14.608
2015-04-28,14.526
2015-04-29,14.482
2015-04-30,14.484
2015-05-01,14.568
2015-05-02,14.67
2015-05-03,14.658
2015-05-04,14.582
2015-05-05,14.576
2015-05-06,14.464
2015-05-07,14.41
2015-05-08,14.402
2015-05-09,14.466
2015-05-10,14.534
2015-05-11,14.614
2015-05-12,14.626
2015-05-13,14.552
2015-05-14,14.448
2015-05-15,14.44
2015-05-16,14.44
2015-05-17,14.432
2015-05-18,14.528
2015-05-19,14.722
2015-05-20,14.9
2015-05-21,15.014
2015-05-22,15.238
2015-05-23,15.654
2015-05-24,16.064
2015-05-25,16.098
2015-05-26,16.02
2015-05-27,16.076
2015-05-28,16.258
2015-05-29,16.636
2015-05-30,16.838
2015-05-31,16.972
2015-06-01,17.046
2015-06-02,17.35
2015-06-03,17.53
2015-06-04,17.374
2015-06-05,17.218
2015-06-06,17.174
2015-06-07,17.52
2015-06-08,18.006
2015-06-09,18.222
2015-06-10,18.364
2015-06-11,18.794
2015-06-12,19.3
2015-06-13,19.474
2015-06-14,19.52
2015-06-15,19.384
2015-06-16,19.102
2015-06-17,18.802
2015-06-18,18.738
2015-06-19,18.816
2015-06-20,18.892
2015-06-21,18.748
2015-06-22,18.72
2015-06-23,18.692
2015-06-24,18.732
2015-06-25,18.762
2015-06-26,18.814
2015-06-27,18.72
2015-06-28,18.688
2015-06-29,18.646
2015-06-30,18.63
2015-07-01,18.628
2015-07-02,18.56
2015-07-03,18.664
2015-07-04,18.538
2015-07-05,18.512
2015-07-06,18.726
2015-07-07,18.792
2015-07-08,18.77
2015-07-09,18.698
2015-07-10,18.646
2015-07-11,18.528
2015-07-12,18.4
2015-07-13,18.25
2015-07-14,18.034
2015-07-15,17.82
2015-07-16,17.79
2015-07-17,17.872
2015-07-18,17.938
2015-07-19,17.964
2015-07-20,17.98
2015-07-21,17.994
2015-07-22,17.988
2015-07-23,17.912
2015-07-24,17.644
2015-07-25,17.514
2015-07-26,17.504
2015-07-27,17.614
2015-07-28,17.694
2015-07-29,17.69
2015-07-30,17.602
2015-07-31,17.518
2015-08-01,17.35
2015-08-02,16.992
2015-08-03,16.79
2015-08-04,16.66
2015-08-05,16.576
2015-08-06,16.552
2015-08-07,16.618
2015-08-08,16.874
2015-08-09,16.952
2015-08-10,16.99
2015-08-11,17.102
2015-08-12,17.162
2015-08-13,17.264
2015-08-14,17.342
2015-08-15,17.346
2015-08-16,17.43
2015-08-17,17.474
2015-08-18,17.598
2015-08-19,17.862
2015-08-20,18.216
2015-08-21,18.948
2015-08-22,19.578
2015-08-23,19.818
2015-08-24,19.94
2015-08-25,19.932
2015-08-26,19.82
2015-08-27,19.642
2015-08-28,19.514
2015-08-29,19.42
2015-08-30,19.382
2015-08-31,19.418
2015-09-01,
2015-09-02,
2015-09-03,
2015-09-04,
2015-09-05,
2015-09-06,
2015-09-07,
2015-09-08,
2015-09-09,
2015-09-10,
2015-09-11,
2015-09-12,
2015-09-13,
2015-09-14,
2015-09-15,
2015-09-16,
2015-09-17,
2015-09-18,
2015-09-19,
2015-09-20,
2015-09-21,
2015-09-22,
2015-09-23,
2015-09-24,
2015-09-25,
2015-09-26,
2015-09-27,
2015-09-28,
2015-09-29,
2015-09-30,
2015-10-01,18.558
2015-10-02,18.404
2015-10-03,18.024
2015-10-04,17.802
2015-10-05,17.484
2015-10-06,17.218
2015-10-07,17.024
2015-10-08,16.838
2015-10-09,16.688
2015-10-10,16.572
2015-10-11,16.378
2015-10-12,16.288
2015-10-13,16.198
2015-10-14,16.134
2015-10-15,16.058
2015-10-16,15.994
2015-10-17,15.926
2015-10-18,15.858
2015-10-19,15.726
2015-10-20,15.618
2015-10-21,15.526
2015-10-22,15.416
2015-10-23,15.342
2015-10-24,15.266
2015-10-25,15.218
2015-10-26,15.14
2015-10-27,15.076
2015-10-28,14.988
2015-10-29,14.912
2015-10-30,14.9
2015-10-31,14.884
2015-11-01,14.832
2015-11-02,14.73
2015-11-03,14.658
2015-11-04,14.614
2015-11-05,14.536
2015-11-06,14.49
2015-11-07,14.454
2015-11-08,14.448
2015-11-09,14.43
2015-11-10,14.42
2015-11-11,14.41
2015-11-12,14.4
2015-11-13,14.39
2015-11-14,14.374
2015-11-15,14.352
2015-11-16,14.304
2015-11-17,14.212
2015-11-18,14.134
2015-11-19,14.066
2015-11-20,13.986
2015-11-21,13.958
2015-11-22,13.902
2015-11-23,13.858
2015-11-24,13.824
2015-11-25,13.79
2015-11-26,13.748
2015-11-27,13.71
2015-11-28,13.674
2015-11-29,13.644
2015-11-30,13.59
2015-12-01,13.538
2015-12-02,13.518
2015-12-03,13.494
2015-12-04,13.464
2015-12-05,13.44
2015-12-06,13.406
2015-12-07,13.384
2015-12-08,13.358
2015-12-09,13.33
2015-12-10,13.3
2015-12-11,13.276
2015-12-12,13.242
2015-12-13,13.21
2015-12-14,13.184
2015-12-15,13.158
2015-12-16,13.132
2015-12-17,13.11
2015-12-18,13.084
2015-12-19,13.066
2015-12-20,13.042
2015-12-21,13.03
2015-12-22,13.028
2015-12-23,12.998
2015-12-24,12.968
2015-12-25,12.944
2015-12-26,12.918
2015-12-27,12.88
2015-12-28,12.842
2015-12-29,12.826
2015-12-30,12.782
2015-12-31,12.75
2016-01-01,12.72
2016-01-02,12.69
2016-01-03,12.68
2016-01-04,12.662
2016-01-05,12.63
2016-01-06,12.606
2016-01-07,12.584
2016-01-08,12.566
2016-01-09,12.548
2016-01-10,12.526
2016-01-11,12.504
2016-01-12,12.482
2016-01-13,12.47
2016-01-14,12.46
2016-01-15,12.448
2016-01-16,12.428
2016-01-17,12.42
2016-01-18,12.42
2016-01-19,12.41
2016-01-20,12.392
2016-01-21,12.386
2016-01-22,12.37
2016-01-23,12.36
2016-01-24,12.346
2016-01-25,12.32
2016-01-26,12.296
2016-01-27,12.274
2016-01-28,12.25
2016-01-29,12.23
2016-01-30,12.22
2016-01-31,12.204
2016-02-01,12.19
2016-02-02,12.178
2016-02-03,12.158
2016-02-04,12.142
2016-02-05,12.124
2016-02-06,12.106
2016-02-07,12.09
2016-02-08,12.076
2016-02-09,12.06
2016-02-10,12.05
2016-02-11,12.04
2016-02-12,12.03
2016-02-13,12.02
2016-02-14,12.01
2016-02-15,12.01
2016-02-16,12.014
2016-02-17,12.026
2016-02-18,12.04
2016-02-19,12.054
2016-02-20,12.074
2016-02-21,12.08
2016-02-22,12.054
2016-02-23,12.032
2016-02-24,12.016
2016-02-25,12.0
2016-02-26,11.99
2016-02-27,11.99
2016-02-28,11.994
2016-02-29,12.034
2016-03-01,12.148
2016-03-02,12.56
2016-03-03,12.63
2016-03-04,12.586
2016-03-05,12.51
2016-03-06,12.412
2016-03-07,12.344
2016-03-08,12.282
2016-03-09,12.23
2016-03-10,12.204
2016-03-11,12.182
2016-03-12,12.16
2016-03-13,12.15
2016-03-14,12.15
2016-03-15,12.15
2016-03-16,12.2
2016-03-17,12.298
2016-03-18,12.452
2016-03-19,12.574
2016-03-20,12.606
2016-03-21,12.594
2016-03-22,12.592
2016-03-23,12.646
2016-03-24,12.782
2016-03-25,12.862
2016-03-26,12.864
2016-03-27,12.804
2016-03-28,12.764
2016-03-29,12.766
2016-03-30,12.808
2016-03-31,12.866
2016-04-01,12.944
2016-04-02,12.926
2016-04-03,12.852
2016-04-04,12.82
2016-04-05,12.822
2016-04-06,12.906
2016-04-07,13.04
2016-04-08,13.15
2016-04-09,13.178
2016-04-10,13.142
2016-04-11,13.142
2016-04-12,13.208
2016-04-13,13.42
2016-04-14,14.184
2016-04-15,14.704
2016-04-16,14.816
2016-04-17,14.734
2016-04-18,14.774
2016-04-19,15.016
2016-04-20,15.192
2016-04-21,15.23
2016-04-22,15.186
2016-04-23,15.128
2016-04-24,15.114
2016-04-25,15.264
2016-04-26,15.55
2016-04-27,15.79
2016-04-28,15.996
2016-04-29,16.216
2016-04-30,16.444
2016-05-01,16.428
2016-05-02,16.192
2016-05-03,16.034
2016-05-04,15.926
2016-05-05,16.1
2016-05-06,16.168
2016-05-07,16.124
2016-05-08,15.972
2016-05-09,15.786
2016-05-10,15.612
2016-05-11,15.442
2016-05-12,15.29
2016-05-13,15.238
2016-05-14,15.2
2016-05-15,15.176
2016-05-16,15.122
2016-05-17,15.138
2016-05-18,15.448
2016-05-19,15.846
2016-05-20,16.218
2016-05-21,16.294
2016-05-22,16.772
2016-05-23,17.27
2016-05-24,17.364
2016-05-25,17.14
2016-05-26,16.908
2016-05-27,16.748
2016-05-28,16.722
2016-05-29,16.72
2016-05-30,16.67
2016-05-31,16.542
2016-06-01,16.564
2016-06-02,16.7
2016-06-03,16.686
2016-06-04,16.504
2016-06-05,16.324
2016-06-06,16.216
2016-06-07,16.2
2016-06-08,16.188
2016-06-09,16.116
2016-06-10,16.072
2016-06-11,16.088
2016-06-12,16.04
2016-06-13,16.076
2016-06-14,16.138
2016-06-15,16.532
2016-06-16,17.31
2016-06-17,17.478
2016-06-18,17.466
2016-06-19,17.45
2016-06-20,17.544
2016-06-21,17.77
2016-06-22,18.074
2016-06-23,18.422
2016-06-24,18.676
2016-06-25,18.966
2016-06-26,19.296
2016-06-27,19.33
2016-06-28,19.136
2016-06-29,18.906
2016-06-30,18.676
2016-07-01,18.542
2016-07-02,18.478
2016-07-03,18.63
2016-07-04,18.756
2016-07-05,18.866
2016-07-06,19.154
2016-07-07,19.34
2016-07-08,19.522
2016-07-09,19.522
2016-07-10,19.454
2016-07-11,19.35
2016-07-12,19.256
2016-07-13,19.18
2016-07-14,19.12
2016-07-15,19.058
2016-07-16,18.988
2016-07-17,19.0
2016-07-18,19.076
2016-07-19,19.386
2016-07-20,19.448
2016-07-21,19.486
2016-07-22,19.626
2016-07-23,19.728
2016-07-24,19.908
2016-07-25,20.15
2016-07-26,20.334
2016-07-27,20.506
2016-07-28,20.654
2016-07-29,20.71
2016-07-30,20.648
2016-07-31,20.534
2016-08-01,20.322
2016-08-02,20.092
2016-08-03,19.742
2016-08-04,19.51
2016-08-05,19.332
2016-08-06,19.148
2016-08-07,18.956
2016-08-08,18.796
2016-08-09,18.62
2016-08-10,18.492
2016-08-11,18.35
2016-08-12,18.316
2016-08-13,18.22
2016-08-14,18.166
2016-08-15,18.1
2016-08-16,18.0
2016-08-17,17.936
2016-08-18,17.872
2016-08-19,17.87
2016-08-20,17.82
2016-08-21,17.69
2016-08-22,17.576
2016-08-23,17.472
2016-08-24,17.38
2016-08-25,17.298
2016-08-26,17.2
2016-08-27,17.09
2016-08-28,17.03
2016-08-29,16.97
2016-08-30,16.866
2016-08-31,16.828
2016-09-01,16.84
2016-09-02,16.844
2016-09-03,17.098
2016-09-04,17.356
2016-09-05,17.668
2016-09-06,17.73
2016-09-07,17.926
2016-09-08,18.186
2016-09-09,18.31
2016-09-10,18.368
2016-09-11,18.504
2016-09-12,18.554
2016-09-13,18.682
2016-09-14,18.84
2016-09-15,18.836
2016-09-16,18.63
2016-09-17,18.436
2016-09-18,18.226
2016-09-19,18.11
2016-09-20,17.95
2016-09-21,17.754
2016-09-22,17.796
2016-09-23,18.002
2016-09-24,18.078
2016-09-25,18.084
2016-09-26,18.27
2016-09-27,18.442
2016-09-28,18.49
2016-09-29,18.524
2016-09-30,18.696
2016-10-01,18.812
2016-10-02,18.796
2016-10-03,18.672
2016-10-04,18.43
2016-10-05,18.2
2016-10-06,18.006
2016-10-07,17.712
2016-10-08,17.48
2016-10-09,17.312
2016-10-10,17.246
2016-10-11,17.18
2016-10-12,17.136
2016-10-13,17.366
2016-10-14,17.964
2016-10-15,18.236
2016-10-16,18.48
2016-10-17,18.54
2016-10-18,18.54
2016-10-19,18.444
2016-10-20,18.192
2016-10-21,17.956
2016-10-22,17.57
2016-10-23,17.264
2016-10-24,16.99
2016-10-25,16.728
2016-10-26,16.54
2016-10-27,16.372
2016-10-28,16.204
2016-10-29,16.05
2016-10-30,15.93
2016-10-31,15.834
2016-11-01,15.736
2016-11-02,15.632
2016-11-03,15.542
2016-11-04,15.442
2016-11-05,15.358
2016-11-06,15.266
2016-11-07,15.182
2016-11-08,15.108
2016-11-09,15.048
2016-11-10,14.968
2016-11-11,14.926
2016-11-12,14.92
2016-11-13,14.904
2016-11-14,14.876
2016-11-15,14.85
2016-11-16,14.778
2016-11-17,14.7
2016-11-18,14.614
2016-11-19,14.548
2016-11-20,14.48
2016-11-21,14.434
2016-11-22,14.384
2016-11-23,14.296
2016-11-24,14.244
2016-11-25,14.2
2016-11-26,14.146
2016-11-27,14.09
2016-11-28,14.046
2016-11-29,14.02
2016-11-30,13.99
2016-12-01,13.958
2016-12-02,13.906
2016-12-03,13.87
2016-12-04,13.818
2016-12-05,13.786
2016-12-06,13.75
2016-12-07,13.698
2016-12-08,13.66
2016-12-09,13.63
2016-12-10,13.588
2016-12-11,13.56
2016-12-12,13.53
2016-12-13,13.498
2016-12-14,13.46
2016-12-15,13.43
2016-12-16,13.408
2016-12-17,13.38
2016-12-18,13.348
2016-12-19,13.32
2016-12-20,13.29
2016-12-21,13.268
2016-12-22,13.25
2016-12-23,13.218
2016-12-24,13.2
2016-12-25,13.16
2016-12-26,13.16
2016-12-27,13.15
2016-12-28,13.12
2016-12-29,13.11
2016-12-30,13.09
2016-12-31,13.08
2017-01-01,13.044
2017-01-02,13.02
2017-01-03,13.01
2017-01-04,13.0
2017-01-05,12.99
2017-01-06,12.98
2017-01-07,12.97
2017-01-08,12.93
2017-01-09,12.88
2017-01-10,12.84
2017-01-11,12.82
2017-01-12,12.79
2017-01-13,12.77
2017-01-14,12.75
2017-01-15,12.74
2017-01-16,12.72
2017-01-17,12.7
2017-01-18,12.67
2017-01-19,12.64
2017-01-20,12.63
2017-01-21,12.62
2017-01-22,12.61
2017-01-23,12.58
2017-01-24,12.58
2017-01-25,12.57
2017-01-26,12.54
2017-01-27,12.52
2017-01-28,12.5
2017-01-29,12.47
2017-01-30,12.45
2017-01-31,12.44
2017-02-01,12.43
2017-02-02,12.42
2017-02-03,12.41
2017-02-04,12.39
2017-02-05,12.38
2017-02-06,12.36
2017-02-07,12.34
2017-02-08,12.32
2017-02-09,12.3
2017-02-10,12.29
2017-02-11,12.27
2017-02-12,12.25
2017-02-13,12.24
2017-02-14,12.22
2017-02-15,12.21
2017-02-16,12.21
2017-02-17,12.19
2017-02-18,12.18
2017-02-19,12.178
2017-02-20,12.16
2017-02-21,12.16
2017-02-22,12.16
2017-02-23,12.15
2017-02-24,12.156
2017-02-25,12.178
2017-02-26,12.2
2017-02-27,12.21
2017-02-28,12.22
2017-03-01,12.23
2017-03-02,12.25
2017-03-03,12.268
2017-03-04,12.438
2017-03-05,12.496
2017-03-06,12.512
2017-03-07,12.434
2017-03-08,12.402
2017-03-09,12.344
2017-03-10,12.31
2017-03-11,12.292
2017-03-12,12.38
2017-03-13,12.602
2017-03-14,12.874
2017-03-15,12.986
2017-03-16,12.956
2017-03-17,12.878
2017-03-18,12.816
2017-03-19,12.83
2017-03-20,12.872
2017-03-21,12.986
2017-03-22,13.044
2017-03-23,12.99
2017-03-24,12.94
2017-03-25,12.87
2017-03-26,12.906
2017-03-27,12.826
2017-03-28,12.832
2017-03-29,12.96
2017-03-30,12.9
2017-03-31,12.88
2017-04-01,12.85
2017-04-02,12.9
2017-04-03,13.008
2017-04-04,13.236
2017-04-05,13.564
2017-04-06,13.764
2017-04-07,13.94
2017-04-08,14.118
2017-04-09,14.378
2017-04-10,14.62
2017-04-11,14.638
2017-04-12,14.502
2017-04-13,14.34
2017-04-14,14.16
2017-04-15,14.032
2017-04-16,14.254
2017-04-17,14.4
2017-04-18,14.454
2017-04-19,14.35
2017-04-20,14.192
2017-04-21,14.058
2017-04-22,14.138
2017-04-23,14.088
2017-04-24,14.1
2017-04-25,14.12
2017-04-26,14.066
2017-04-27,14.082
2017-04-28,14.19
2017-04-29,14.346
2017-04-30,14.57
2017-05-01,14.926
2017-05-02,15.76
2017-05-03,16.168
2017-05-04,16.404
2017-05-05,16.146
2017-05-06,15.996
2017-05-07,15.892
2017-05-08,15.9
2017-05-09,15.916
2017-05-10,15.872
2017-05-11,15.82
2017-05-12,15.89
2017-05-13,15.91
2017-05-14,15.88
2017-05-15,15.79
2017-05-16,15.484
2017-05-17,15.432
2017-05-18,15.376
2017-05-19,15.312
2017-05-20,15.28
2017-05-21,15.27
2017-05-22,15.25
2017-05-23,15.29
2017-05-24,15.25
2017-05-25,15.366
2017-05-26,15.596
2017-05-27,15.896
2017-05-28,16.098
2017-05-29,16.202
2017-05-30,16.21
2017-05-31,16.22
2017-06-01,16.28
2017-06-02,16.26
2017-06-03,16.28
2017-06-04,16.356
2017-06-05,16.904
2017-06-06,17.592
2017-06-07,17.82
2017-06-08,18.04
2017-06-09,18.014
2017-06-10,17.768
2017-06-11,17.418
2017-06-12,17.156
2017-06-13,16.942
2017-06-14,16.85
2017-06-15,16.9
2017-06-16,17.096
2017-06-17,17.286
2017-06-18,17.498
2017-06-19,17.826
2017-06-20,18.124
2017-06-21,18.396
2017-06-22,18.512
2017-06-23,18.53
2017-06-24,18.54
2017-06-25,18.53
2017-06-26,18.47
2017-06-27,18.264
2017-06-28,18.23
2017-06-29,18.082
2017-06-30,18.276
2017-07-01,18.43
2017-07-02,18.68
2017-07-03,18.856
2017-07-04,18.974
2017-07-05,19.154
2017-07-06,19.432
2017-07-07,19.73
2017-07-08,19.85
2017-07-09,19.86
2017-07-10,19.87
2017-07-11,20.166
2017-07-12,20.294
2017-07-13,20.34
2017-07-14,20.368
2017-07-15,20.264
2017-07-16,20.05
2017-07-17,19.724
2017-07-18,19.482
2017-07-19,19.216
2017-07-20,19.062
2017-07-21,18.93
2017-07-22,18.762
2017-07-23,18.694
2017-07-24,18.67
2017-07-25,18.674
2017-07-26,18.618
2017-07-27,18.554
2017-07-28,18.46
2017-07-29,18.392
2017-07-30,18.414
2017-07-31,18.434
2017-08-01,18.508
2017-08-02,18.472
2017-08-03,18.46
2017-08-04,18.472
2017-08-05,18.59
2017-08-06,18.624
2017-08-07,18.56
2017-08-08,18.526
2017-08-09,18.542
2017-08-10,18.696
2017-08-11,18.986
2017-08-12,19.608
2017-08-13,20.202
2017-08-14,20.728
2017-08-15,20.826
2017-08-16,20.83
2017-08-17,20.698
2017-08-18,20.476
2017-08-19,20.24
2017-08-20,20.048
2017-08-21,19.88
2017-08-22,19.73
2017-08-23,19.53
2017-08-24,19.436
2017-08-25,19.304
2017-08-26,19.136
2017-08-27,18.998
2017-08-28,18.972
2017-08-29,18.826
2017-08-30,18.72
2017-08-31,18.568
2017-09-01,18.472
2017-09-02,18.544
2017-09-03,18.576
2017-09-04,18.566
2017-09-05,18.58
2017-09-06,18.6
2017-09-07,18.65
2017-09-08,18.76
2017-09-09,18.892
2017-09-10,19.076
2017-09-11,19.334
2017-09-12,19.378
2017-09-13,19.256
2017-09-14,19.132
2017-09-15,19.008
2017-09-16,18.912
2017-09-17,18.732
2017-09-18,18.53
2017-09-19,18.356
2017-09-20,18.25
2017-09-21,18.158
2017-09-22,18.064
2017-09-23,18.072
2017-09-24,17.942
2017-09-25,17.866
2017-09-26,17.85
2017-09-27,17.95
2017-09-28,18.042
2017-09-29,18.05
2017-09-30,18.116
2017-10-01,18.238
2017-10-02,18.502
2017-10-03,18.55
2017-10-04,18.396
2017-10-05,18.226
2017-10-06,18.126
2017-10-07,18.162
2017-10-08,18.246
2017-10-09,18.308
2017-10-10,18.284
2017-10-11,18.066
2017-10-12,17.778
2017-10-13,17.504
2017-10-14,17.326
2017-10-15,17.092
2017-10-16,17.036
2017-10-17,16.998
2017-10-18,16.932
2017-10-19,16.896
2017-10-20,16.892
2017-10-21,17.158
2017-10-22,17.352
2017-10-23,17.182
2017-10-24,16.96
2017-10-25,16.774
2017-10-26,16.676
2017-10-27,16.664
2017-10-28,16.688
2017-10-29,16.834
2017-10-30,16.932
2017-10-31,16.996
2017-11-01,16.838
2017-11-02,16.544
2017-11-03,16.29
2017-11-04,16.114
2017-11-05,15.952
2017-11-06,15.828
2017-11-07,15.698
2017-11-08,15.656
2017-11-09,15.432
2017-11-10,15.32
2017-11-11,15.274
2017-11-12,15.268
2017-11-13,15.216
2017-11-14,15.152
2017-11-15,15.058
2017-11-16,15.004
2017-11-17,14.92
2017-11-18,14.872
2017-11-19,14.79
2017-11-20,14.736
2017-11-21,14.694
2017-11-22,14.616
2017-11-23,14.51
2017-11-24,14.412
2017-11-25,14.398
2017-11-26,14.324
2017-11-27,14.27
2017-11-28,14.27
2017-11-29,14.26
2017-11-30,14.226
2017-12-01,14.186
2017-12-02,14.164
2017-12-03,14.126
2017-12-04,14.104
2017-12-05,14.09
2017-12-06,14.08
2017-12-07,14.07
2017-12-08,14.05
2017-12-09,14.014
2017-12-10,13.96
2017-12-11,13.95
2017-12-12,13.922
2017-12-13,13.876
2017-12-14,13.844
2017-12-15,13.81
2017-12-16,13.79
2017-12-17,13.764
2017-12-18,13.732
2017-12-19,13.72
2017-12-20,13.71
2017-12-21,13.684
2017-12-22,13.65
2017-12-23,13.62
2017-12-24,13.61
2017-12-25,13.59
2017-12-26,13.554
2017-12-27,13.52
2017-12-28,13.504
2017-12-29,13.464
2017-12-30,13.45
2017-12-31,13.42
2018-01-01,13.394
2018-01-02,13.36
2018-01-03,13.34
2018-01-04,13.316
2018-01-05,13.286
2018-01-06,13.26
2018-01-07,13.234
2018-01-08,13.21
2018-01-09,13.186
2018-01-10,13.154
2018-01-11,13.13
2018-01-12,13.13
2018-01-13,13.12
2018-01-14,13.094
2018-01-15,13.066
2018-01-16,13.06
2018-01-17,13.05
2018-01-18,13.03
2018-01-19,13.03
2018-01-20,13.02
2018-01-21,12.986
2018-01-22,12.938
2018-01-23,12.92
2018-01-24,12.92
2018-01-25,12.91
2018-01-26,12.9
2018-01-27,12.88
2018-01-28,12.866
2018-01-29,12.84
2018-01-30,12.82
2018-01-31,12.81
2018-02-01,12.8
2018-02-02,12.79
2018-02-03,12.79
2018-02-04,12.78
2018-02-05,12.78
2018-02-06,12.77
2018-02-07,12.75
2018-02-08,12.73
2018-02-09,12.71
2018-02-10,12.7
2018-02-11,12.69
2018-02-12,12.69
2018-02-13,12.68
2018-02-14,12.68
2018-02-15,12.668
2018-02-16,12.57
2018-02-17,12.48
2018-02-18,12.4
2018-02-19,12.434
2018-02-20,12.44
2018-02-21,12.42
2018-02-22,12.398
2018-02-23,12.354
2018-02-24,12.34
2018-02-25,12.34
2018-02-26,12.34
2018-02-27,12.36
2018-02-28,12.38
2018-03-01,12.38
2018-03-02,12.38
2018-03-03,12.37
2018-03-04,12.35
2018-03-05,12.35
2018-03-06,12.35
2018-03-07,12.36
2018-03-08,12.372
2018-03-09,12.406
2018-03-10,12.41
2018-03-11,12.446
2018-03-12,12.474
2018-03-13,12.626
2018-03-14,12.664
2018-03-15,12.708
2018-03-16,12.734
2018-03-17,12.738
2018-03-18,12.686
2018-03-19,12.608
2018-03-20,12.518
2018-03-21,12.484
2018-03-22,12.444
2018-03-23,12.442
2018-03-24,12.478
2018-03-25,12.534
2018-03-26,12.63
2018-03-27,12.738
2018-03-28,12.76
2018-03-29,12.73
2018-03-30,12.734
2018-03-31,12.826
2018-04-01,12.95
2018-04-02,13.082
2018-04-03,13.124
2018-04-04,13.13
2018-04-05,13.13
2018-04-06,13.11
2018-04-07,13.084
2018-04-08,13.07
2018-04-09,13.07
2018-04-10,13.08
2018-04-11,13.068
2018-04-12,13.06
2018-04-13,13.088
2018-04-14,13.18
2018-04-15,13.328
2018-04-16,13.422
2018-04-17,13.462
2018-04-18,13.508
2018-04-19,13.58
2018-04-20,13.838
2018-04-21,14.13
2018-04-22,14.334
2018-04-23,14.368
2018-04-24,14.254
2018-04-25,14.12
2018-04-26,14.052
2018-04-27,14.024
2018-04-28,14.032
2018-04-29,14.128
2018-04-30,14.306
2018-05-01,14.402
2018-05-02,14.43
2018-05-03,14.434
2018-05-04,14.296
2018-05-05,14.228
2018-05-06,14.152
2018-05-07,14.14
2018-05-08,14.13
2018-05-09,14.166
2018-05-10,14.218
2018-05-11,14.42
2018-05-12,14.546
2018-05-13,14.56
2018-05-14,14.57
2018-05-15,14.588
2018-05-16,14.712
2018-05-17,14.972
2018-05-18,15.076
2018-05-19,14.988
2018-05-20,14.832
2018-05-21,14.72
2018-05-22,14.664
2018-05-23,14.632
2018-05-24,14.572
2018-05-25,14.564
2018-05-26,14.868
2018-05-27,15.12
2018-05-28,15.4
2018-05-29,15.656
2018-05-30,16.088
2018-05-31,16.376
2018-06-01,16.568
2018-06-02,16.72
2018-06-03,16.856
2018-06-04,16.764
2018-06-05,16.484
2018-06-06,16.262
2018-06-07,16.086
2018-06-08,15.96
2018-06-09,15.844
2018-06-10,15.79
2018-06-11,15.77
2018-06-12,15.77
2018-06-13,15.748
2018-06-14,15.71
2018-06-15,15.86
2018-06-16,16.182
2018-06-17,16.462
2018-06-18,16.95
2018-06-19,17.622
2018-06-20,17.992
2018-06-21,18.072
2018-06-22,18.1
2018-06-23,18.082
2018-06-24,18.018
2018-06-25,17.972
2018-06-26,18.062
2018-06-27,18.046
2018-06-28,17.948
2018-06-29,17.852
2018-06-30,17.804
2018-07-01,17.8
2018-07-02,18.078
2018-07-03,18.436
2018-07-04,18.504
2018-07-05,18.77
2018-07-06,19.164
2018-07-07,19.492
2018-07-08,19.494
2018-07-09,19.474
2018-07-10,19.38
2018-07-11,19.126
2018-07-12,18.892
2018-07-13,18.74
2018-07-14,18.71
2018-07-15,18.734
2018-07-16,18.8
2018-07-17,18.848
2018-07-18,18.832
2018-07-19,18.758
2018-07-20,18.672
2018-07-21,18.564
2018-07-22,18.48
2018-07-23,18.432
2018-07-24,18.416
2018-07-25,18.438
2018-07-26,18.41
2018-07-27,18.4
2018-07-28,18.41
2018-07-29,18.408
2018-07-30,18.39
2018-07-31,18.38
2018-08-01,18.442
2018-08-02,18.652
2018-08-03,18.936
2018-08-04,19.036
2018-08-05,19.112
2018-08-06,19.13
2018-08-07,19.186
2018-08-08,19.216
2018-08-09,19.184
2018-08-10,19.06
2018-08-11,18.906
2018-08-12,18.79
2018-08-13,18.76
2018-08-14,18.762
2018-08-15,18.83
2018-08-16,18.85
2018-08-17,18.848
2018-08-18,18.818
2018-08-19,18.738
2018-08-20,18.656
2018-08-21,18.538
2018-08-22,18.41
2018-08-23,18.294
2018-08-24,18.28
2018-08-25,18.26
2018-08-26,18.26
2018-08-27,18.27
2018-08-28,18.27
2018-08-29,18.29
2018-08-30,18.362
2018-08-31,18.474
2018-09-01,18.63
2018-09-02,18.694
2018-09-03,18.714
2018-09-04,18.854
2018-09-05,18.906
2018-09-06,18.866
2018-09-07,18.85
2018-09-08,18.82
2018-09-09,18.73
2018-09-10,18.642
2018-09-11,18.722
2018-09-12,19.06
2018-09-13,19.256
2018-09-14,19.28
2018-09-15,19.4
2018-09-16,19.504
2018-09-17,19.558
2018-09-18,19.558
2018-09-19,19.586
2018-09-20,19.54
2018-09-21,19.302
2018-09-22,19.098
2018-09-23,18.694
2018-09-24,18.364
2018-09-25,18.082
2018-09-26,17.994
2018-09-27,18.144
2018-09-28,18.276
2018-09-29,18.288
2018-09-30,18.182
2018-10-01,18.054
2018-10-02,17.942
2018-10-03,17.862
2018-10-04,17.782
2018-10-05,17.606
2018-10-06,17.488
2018-10-07,17.344
2018-10-08,17.208
2018-10-09,17.078
2018-10-10,16.894
2018-10-11,16.69
2018-10-12,16.56
2018-10-13,16.41
2018-10-14,16.272
2018-10-15,16.18
2018-10-16,16.074
2018-10-17,15.976
2018-10-18,15.882
2018-10-19,15.872
2018-10-20,15.97
2018-10-21,16.004
2018-10-22,15.892
2018-10-23,15.73
2018-10-24,15.526
2018-10-25,15.402
2018-10-26,15.408
2018-10-27,15.406
2018-10-28,15.262
2018-10-29,15.134
2018-10-30,15.036
2018-10-31,14.956
2018-11-01,14.87
2018-11-02,14.81
2018-11-03,14.724
2018-11-04,14.688
2018-11-05,14.596
2018-11-06,14.514
2018-11-07,14.494
2018-11-08,14.54
2018-11-09,14.51
2018-11-10,14.472
2018-11-11,14.44
2018-11-12,14.47
2018-11-13,14.5
2018-11-14,14.498
2018-11-15,14.406
2018-11-16,14.3
2018-11-17,14.238
2018-11-18,14.186
2018-11-19,14.132
2018-11-20,14.078
2018-11-21,14.056
2018-11-22,14.05
2018-11-23,14.072
2018-11-24,14.15
2018-11-25,14.196
2018-11-26,14.154
2018-11-27,14.044
2018-11-28,13.95
2018-11-29,13.88
2018-11-30,13.84
2018-12-01,13.836
2018-12-02,13.798
2018-12-03,13.746
2018-12-04,13.73
2018-12-05,13.676
2018-12-06,13.63
2018-12-07,13.58
2018-12-08,13.57
2018-12-09,13.522
2018-12-10,13.474
2018-12-11,13.456
2018-12-12,13.418
2018-12-13,13.372
2018-12-14,13.34
2018-12-15,13.312
2018-12-16,13.268
2018-12-17,13.246
2018-12-18,13.21
2018-12-19,13.202
2018-12-20,13.16
2018-12-21,13.15
2018-12-22,13.15
2018-12-23,13.14
2018-12-24,13.14
2018-12-25,13.116
2018-12-26,13.11
2018-12-27,13.11
2018-12-28,13.11
2018-12-29,13.1
2018-12-30,13.08
2018-12-31,13.02
2019-01-01,12.982
2019-01-02,12.934
2019-01-03,12.92
2019-01-04,12.902
2019-01-05,12.88
2019-01-06,12.844
2019-01-07,12.814
2019-01-08,12.786
2019-01-09,12.764
2019-01-10,12.736
2019-01-11,12.72
2019-01-12,12.704
2019-01-13,12.676
2019-01-14,12.654
2019-01-15,12.636
2019-01-16,12.604
2019-01-17,12.594
2019-01-18,12.574
2019-01-19,12.57
2019-01-20,12.542
2019-01-21,12.504
2019-01-22,12.486
2019-01-23,12.456
2019-01-24,12.436
2019-01-25,12.408
2019-01-26,12.364
2019-01-27,12.352
2019-01-28,12.35
2019-01-29,12.344
2019-01-30,12.326
2019-01-31,12.32
2019-02-01,12.304
2019-02-02,12.276
2019-02-03,12.264
2019-02-04,12.26
2019-02-05,12.246
2019-02-06,12.234
2019-02-07,12.228
2019-02-08,12.21
2019-02-09,12.208
2019-02-10,12.186
2019-02-11,12.174
2019-02-12,12.166
2019-02-13,12.15
2019-02-14,12.146
2019-02-15,12.142
2019-02-16,12.13
2019-02-17,12.12
2019-02-18,12.12
2019-02-19,12.12
2019-02-20,12.156
2019-02-21,12.17
2019-02-22,12.156
2019-02-23,12.14
2019-02-24,12.144
2019-02-25,12.144
2019-02-26,12.162
2019-02-27,12.212
2019-02-28,12.286
2019-03-01,12.31
2019-03-02,12.28
2019-03-03,12.26
2019-03-04,12.26
2019-03-05,12.27
2019-03-06,12.38
2019-03-07,12.5
2019-03-08,12.6
2019-03-09,12.66
2019-03-10,12.69
2019-03-11,12.65
2019-03-12,12.6
2019-03-13,12.57
2019-03-14,12.56
2019-03-15,12.56
2019-03-16,12.55
2019-03-17,12.53
2019-03-18,12.51
2019-03-19,12.47
2019-03-20,12.44
2019-03-21,12.42
2019-03-22,12.42
2019-03-23,12.414
2019-03-24,12.502
2019-03-25,12.648
2019-03-26,12.748
2019-03-27,12.808
2019-03-28,12.81
2019-03-29,12.814
2019-03-30,12.842
2019-03-31,12.796
2019-04-01,12.79
2019-04-02,12.836
2019-04-03,12.878
2019-04-04,12.946
2019-04-05,12.988
2019-04-06,12.99
2019-04-07,13.034
2019-04-08,13.046
2019-04-09,13.158
2019-04-10,13.33
2019-04-11,13.458
2019-04-12,13.464
2019-04-13,13.394
2019-04-14,13.32
2019-04-15,13.294
2019-04-16,13.292
2019-04-17,13.348
2019-04-18,13.352
2019-04-19,13.362
2019-04-20,13.4
2019-04-21,13.462
2019-04-22,13.514
2019-04-23,13.54
2019-04-24,13.562
2019-04-25,13.628
2019-04-26,13.786
2019-04-27,13.992
2019-04-28,13.92
2019-04-29,13.904
2019-04-30,13.862
2019-05-01,13.824
2019-05-02,13.908
2019-05-03,14.162
2019-05-04,14.46
2019-05-05,14.72
2019-05-06,15.0
2019-05-07,15.5
2019-05-08,15.932
2019-05-09,16.124
2019-05-10,16.268
2019-05-11,16.364
2019-05-12,16.478
2019-05-13,16.496
2019-05-14,16.356
2019-05-15,16.252
2019-05-16,16.37
2019-05-17,16.72
2019-05-18,17.118
2019-05-19,17.306
2019-05-20,17.172
2019-05-21,16.902
2019-05-22,16.704
2019-05-23,16.56
2019-05-24,16.438
2019-05-25,16.476
2019-05-26,16.62
2019-05-27,16.742
2019-05-28,16.706
2019-05-29,16.64
2019-05-30,16.544
2019-05-31,16.56
2019-06-01,16.58
2019-06-02,16.576
2019-06-03,16.548
2019-06-04,16.422
2019-06-05,16.222
2019-06-06,16.152
2019-06-07,16.03
2019-06-08,15.9
2019-06-09,15.832
2019-06-10,15.784
2019-06-11,15.89
2019-06-12,15.942
2019-06-13,15.982
2019-06-14,16.136
2019-06-15,16.408
2019-06-16,16.744
2019-06-17,16.956
2019-06-18,16.99
2019-06-19,17.012
2019-06-20,17.15
2019-06-21,17.032
2019-06-22,17.266
2019-06-23,17.604
2019-06-24,17.718
2019-06-25,17.672
2019-06-26,17.522
2019-06-27,17.914
2019-06-28,18.242
2019-06-29,18.308
2019-06-30,18.404
2019-07-01,18.428
2019-07-02,18.54
2019-07-03,18.66
2019-07-04,18.656
2019-07-05,18.486
2019-07-06,18.284
2019-07-07,18.162
2019-07-08,18.224
2019-07-09,18.354
2019-07-10,18.658
2019-07-11,18.998
2019-07-12,19.434
2019-07-13,19.956
2019-07-14,20.352
2019-07-15,20.718
2019-07-16,20.918
2019-07-17,21.108
2019-07-18,21.156
2019-07-19,21.07
2019-07-20,20.834
2019-07-21,20.548
2019-07-22,20.16
2019-07-23,19.898
2019-07-24,19.872
2019-07-25,19.988
2019-07-26,20.028
2019-07-27,19.842
2019-07-28,19.682
2019-07-29,19.574
2019-07-30,19.458
2019-07-31,19.27
2019-08-01,19.074
2019-08-02,18.96
2019-08-03,18.936
2019-08-04,18.932
2019-08-05,18.924
2019-08-06,18.916
2019-08-07,18.872
2019-08-08,18.832
2019-08-09,18.76
2019-08-10,18.718
2019-08-11,18.65
2019-08-12,18.512
2019-08-13,18.456
2019-08-14,18.366
2019-08-15,18.306
2019-08-16,18.292
2019-08-17,18.188
2019-08-18,18.132
2019-08-19,18.138
2019-08-20,18.108
2019-08-21,18.036
2019-08-22,17.972
2019-08-23,17.832
2019-08-24,17.728
2019-08-25,17.62
2019-08-26,17.682
2019-08-27,17.58
2019-08-28,17.418
2019-08-29,17.314
2019-08-30,17.15
2019-08-31,16.992
2019-09-01,16.926
2019-09-02,16.916
2019-09-03,16.888
2019-09-04,16.816
2019-09-05,16.794
2019-09-06,16.848
2019-09-07,16.85
2019-09-08,16.852
2019-09-09,16.93
2019-09-10,16.982
2019-09-11,17.002
2019-09-12,17.028
2019-09-13,17.14
2019-09-14,17.408
2019-09-15,17.814
2019-09-16,18.138
2019-09-17,18.27
2019-09-18,18.372
2019-09-19,18.598
2019-09-20,18.67
2019-09-21,18.716
2019-09-22,18.778
2019-09-23,18.808
2019-09-24,18.73
2019-09-25,18.614
2019-09-26,18.608
2019-09-27,18.7
2019-09-28,18.646
2019-09-29,18.524
2019-09-30,18.51
2019-10-01,18.632
2019-10-02,18.482
2019-10-03,18.24
2019-10-04,18.024
2019-10-05,17.814
2019-10-06,17.632
2019-10-07,17.446
2019-10-08,17.32
2019-10-09,17.244
2019-10-10,17.192
2019-10-11,17.094
2019-10-12,16.95
2019-10-13,16.83
2019-10-14,16.81
2019-10-15,16.852
2019-10-16,16.874
2019-10-17,16.826
2019-10-18,16.66
2019-10-19,16.422
2019-10-20,16.202
2019-10-21,16.042
2019-10-22,15.882
2019-10-23,15.73
2019-10-24,15.62
2019-10-25,15.532
2019-10-26,15.518
2019-10-27,15.466
2019-10-28,15.538
2019-10-29,15.614
2019-10-30,15.676
2019-10-31,15.646
2019-11-01,15.642
2019-11-02,15.702
2019-11-03,15.664
2019-11-04,15.57
2019-11-05,15.4
2019-11-06,15.264
2019-11-07,15.17
2019-11-08,15.072
2019-11-09,14.98
2019-11-10,14.892
2019-11-11,14.83
2019-11-12,14.728
2019-11-13,14.64
2019-11-14,14.58
2019-11-15,14.522
2019-11-16,14.476
2019-11-17,14.422
2019-11-18,14.382
2019-11-19,14.352
2019-11-20,14.288
2019-11-21,14.256
2019-11-22,14.222
2019-11-23,14.19
2019-11-24,14.18
2019-11-25,14.18
2019-11-26,14.17
2019-11-27,14.16
2019-11-28,14.106
2019-11-29,14.04
2019-11-30,13.992
2019-12-01,13.938
2019-12-02,13.89
2019-12-03,13.862
2019-12-04,13.824
2019-12-05,13.806
2019-12-06,13.768
2019-12-07,13.746
2019-12-08,13.714
2019-12-09,13.688
2019-12-10,13.652
2019-12-11,13.616
2019-12-12,13.568
2019-12-13,13.546
2019-12-14,13.514
2019-12-15,13.49
2019-12-16,13.446
2019-12-17,13.412
2019-12-18,13.386
2019-12-19,13.352
2019-12-20,13.33
2019-12-21,13.296
2019-12-22,13.274
2019-12-23,13.256
2019-12-24,13.24
2019-12-25,13.226
2019-12-26,13.22
2019-12-27,13.208
2019-12-28,13.158
2019-12-29,13.146
2019-12-30,13.126
2019-12-31,13.104
2020-01-01,13.086
2020-01-02,13.054
2020-01-03,13.04
2020-01-04,13.024
2020-01-05,13.002
2020-01-06,12.966
2020-01-07,12.944
2020-01-08,12.94
2020-01-09,12.94
2020-01-10,12.93
2020-01-11,12.93
2020-01-12,12.914
2020-01-13,12.9
2020-01-14,12.9
2020-01-15,12.9
2020-01-16,12.9
2020-01-17,12.894
2020-01-18,12.876
2020-01-19,12.834
2020-01-20,12.818
2020-01-21,12.77
2020-01-22,12.76
2020-01-23,12.75
2020-01-24,12.734
2020-01-25,12.716
2020-01-26,12.694
2020-01-27,12.676
2020-01-28,12.66
2020-01-29,12.66
2020-01-30,12.696
2020-01-31,12.706
2020-02-01,12.73
2020-02-02,12.724
2020-02-03,12.704
2020-02-04,12.644
2020-02-05,12.614
2020-02-06,12.574
2020-02-07,12.564
2020-02-08,12.55
2020-02-09,12.54
2020-02-10,12.54
2020-02-11,12.514
2020-02-12,12.484
2020-02-13,12.47
2020-02-14,12.45
2020-02-15,12.434
2020-02-16,12.42
2020-02-17,12.384
2020-02-18,12.374
2020-02-19,12.37
2020-02-20,12.354
2020-02-21,12.34
2020-02-22,12.34
2020-02-23,12.34
2020-02-24,12.34
2020-02-25,12.34
2020-02-26,12.34
2020-02-27,12.34
2020-02-28,12.356
2020-02-29,12.396
2020-03-01,12.43
2020-03-02,12.43
2020-03-03,12.43
2020-03-04,12.42
2020-03-05,12.4
2020-03-06,12.39
2020-03-07,12.39
2020-03-08,12.39
2020-03-09,12.39
2020-03-10,12.39
2020-03-11,12.4
2020-03-12,12.4
2020-03-13,12.4
2020-03-14,12.4
2020-03-15,12.41
2020-03-16,12.41
2020-03-17,12.41
2020-03-18,12.42
2020-03-19,12.46
2020-03-20,12.48
2020-03-21,12.48
2020-03-22,12.48
2020-03-23,12.46
2020-03-24,12.45
2020-03-25,12.46
2020-03-26,12.53
2020-03-27,12.55
2020-03-28,12.56
2020-03-29,12.56
2020-03-30,12.53
2020-03-31,12.49
2020-04-01,12.48
2020-04-02,12.47
2020-04-03,12.47
2020-04-04,12.48
2020-04-05,12.49
2020-04-06,12.55
2020-04-07,12.75
2020-04-08,12.94
2020-04-09,12.99
2020-04-10,13.0
2020-04-11,13.01
2020-04-12,13.04
2020-04-13,13.09
2020-04-14,13.09
2020-04-15,13.06
2020-04-16,13.01
2020-04-17,12.98
2020-04-18,13.04
2020-04-19,13.13
2020-04-20,13.19
2020-04-21,13.22
2020-04-22,13.25
2020-04-23,13.27
2020-04-24,13.33
2020-04-25,13.44
2020-04-26,13.56
2020-04-27,13.69
2020-04-28,13.93
2020-04-29,14.26
2020-04-30,14.47
2020-05-01,14.452
2020-05-02,14.394
2020-05-03,14.218
2020-05-04,14.094
2020-05-05,14.044
2020-05-06,14.036
2020-05-07,14.004
2020-05-08,14.0
2020-05-09,14.024
2020-05-10,14.04
2020-05-11,14.05
2020-05-12,14.05
2020-05-13,14.086
2020-05-14,14.25
2020-05-15,14.434
2020-05-16,14.544
2020-05-17,14.466
2020-05-18,14.468
2020-05-19,14.496
2020-05-20,14.552
2020-05-21,14.72
2020-05-22,14.842
2020-05-23,15.078
2020-05-24,15.752
2020-05-25,16.266
2020-05-26,16.604
2020-05-27,17.006
2020-05-28,17.49
2020-05-29,18.064
2020-05-30,18.456
2020-05-31,18.412
2020-06-01,17.988
2020-06-02,17.578
2020-06-03,17.3
2020-06-04,17.104
2020-06-05,16.992
2020-06-06,17.056
2020-06-07,17.254
2020-06-08,17.52
2020-06-09,17.722
2020-06-10,17.74
2020-06-11,17.778
2020-06-12,17.928
2020-06-13,18.034
2020-06-14,17.95
2020-06-15,17.908
2020-06-16,17.746
2020-06-17,17.806
2020-06-18,18.104
2020-06-19,18.246
2020-06-20,18.526
2020-06-21,18.708
2020-06-22,18.798
2020-06-23,18.848
2020-06-24,18.906
2020-06-25,19.024
2020-06-26,19.316
2020-06-27,19.722
2020-06-28,20.078
2020-06-29,20.326
2020-06-30,20.356
2020-07-01,20.332
2020-07-02,20.278
2020-07-03,20.234
2020-07-04,20.068
2020-07-05,19.888
2020-07-06,19.63
2020-07-07,19.398
2020-07-08,19.246
2020-07-09,19.23
2020-07-10,19.318
2020-07-11,19.458
2020-07-12,19.748
2020-07-13,20.14
2020-07-14,20.552
2020-07-15,20.76
2020-07-16,20.788
2020-07-17,20.734
2020-07-18,20.576
2020-07-19,20.446
2020-07-20,20.378
2020-07-21,20.272
2020-07-22,20.338
2020-07-23,20.47
2020-07-24,20.578
2020-07-25,20.604
2020-07-26,20.612
2020-07-27,20.562
2020-07-28,20.342
2020-07-29,20.212
2020-07-30,20.06
2020-07-31,19.968
2020-08-01,20.036
2020-08-02,20.076
2020-08-03,20.012
2020-08-04,19.85
2020-08-05,19.646
2020-08-06,19.432
2020-08-07,19.188
2020-08-08,19.052
2020-08-09,18.79
2020-08-10,18.59
2020-08-11,18.618
2020-08-12,18.806
2020-08-13,18.928
2020-08-14,19.0
2020-08-15,19.068
2020-08-16,19.17
2020-08-17,19.224
2020-08-18,19.25
2020-08-19,19.242
2020-08-20,19.188
2020-08-21,19.174
2020-08-22,19.18
2020-08-23,19.178
2020-08-24,19.112
2020-08-25,18.928
2020-08-26,18.746
2020-08-27,18.594
2020-08-28,18.43
2020-08-29,18.248
2020-08-30,18.084
2020-08-31,17.93
2020-09-01,17.988
2020-09-02,18.174
2020-09-03,18.19
2020-09-04,18.086
2020-09-05,17.932
2020-09-06,17.822
2020-09-07,18.016
2020-09-08,18.108
2020-09-09,18.362
2020-09-10,18.536
2020-09-11,18.504
2020-09-12,18.352
2020-09-13,18.29
2020-09-14,18.352
2020-09-15,18.348
2020-09-16,18.646
2020-09-17,18.992
2020-09-18,19.296
2020-09-19,19.296
2020-09-20,19.186
2020-09-21,19.128
2020-09-22,19.1
2020-09-23,19.038
2020-09-24,19.152
2020-09-25,19.3
2020-09-26,19.236
2020-09-27,19.21
2020-09-28,19.274
2020-09-29,19.292
2020-09-30,19.356
2020-10-01,19.504
2020-10-02,19.604
2020-10-03,19.5
2020-10-04,19.218
2020-10-05,18.892
2020-10-06,18.61
2020-10-07,18.504
2020-10-08,18.458
2020-10-09,18.426
2020-10-10,18.526
2020-10-11,18.64
2020-10-12,18.664
2020-10-13,18.52
2020-10-14,18.234
2020-10-15,17.888
2020-10-16,17.604
2020-10-17,17.348
2020-10-18,17.098
2020-10-19,16.85
2020-10-20,16.652
2020-10-21,16.456
2020-10-22,16.264
2020-10-23,16.144
2020-10-24,16.052
2020-10-25,16.042
2020-10-26,16.07
2020-10-27,16.114
2020-10-28,16.18
2020-10-29,16.226
2020-10-30,16.21333333
2020-10-31,16.242
2020-11-01,16.224
2020-11-02,16.058
2020-11-03,15.91
2020-11-04,15.742
2020-11-05,15.608
2020-11-06,15.476
2020-11-07,15.38
2020-11-08,15.278
2020-11-09,15.25
2020-11-10,15.268
2020-11-11,15.36
2020-11-12,15.376
2020-11-13,15.22333333
2020-11-14,15.07
2020-11-15,14.95
2020-11-16,14.858
2020-11-17,14.766
2020-11-18,14.69
2020-11-19,14.594
2020-11-20,14.562
2020-11-21,14.484
2020-11-22,14.44
2020-11-23,14.428
2020-11-24,14.38
2020-11-25,14.318
2020-11-26,14.296
2020-11-27,14.252
2020-11-28,14.194
2020-11-29,14.154
2020-11-30,14.146
2020-12-01,14.116
2020-12-02,14.072
2020-12-03,14.022
2020-12-04,13.978
2020-12-05,13.942
2020-12-06,13.922
2020-12-07,13.872
2020-12-08,13.844
2020-12-09,13.814
2020-12-10,13.774
2020-12-11,13.746
2020-12-12,13.728
2020-12-13,13.692
2020-12-14,13.676
2020-12-15,13.662
2020-12-16,13.61
2020-12-17,13.568
2020-12-18,13.546
2020-12-19,13.522
2020-12-20,13.49
2020-12-21,13.47666667
2020-12-22,13.442
2020-12-23,13.412
2020-12-24,13.372
2020-12-25,13.346
2020-12-26,13.322
2020-12-27,13.288
2020-12-28,13.252
2020-12-29,13.23
2020-12-30,13.23
2020-12-31,13.222
2021-01-01,13.18333333
2021-01-02,13.16
2021-01-03,13.15
2021-01-04,13.122
2021-01-05,13.096
2021-01-06,13.072
2021-01-07,13.032
2021-01-08,12.998
2021-01-09,12.974
2021-01-10,12.966
2021-01-11,12.954
2021-01-12,12.934
2021-01-13,12.92
2021-01-14,12.914
2021-01-15,12.906
2021-01-16,12.89
2021-01-17,12.886
2021-01-18,12.874
2021-01-19,12.854
2021-01-20,12.84
2021-01-21,12.82
2021-01-22,12.806
2021-01-23,12.79
2021-01-24,12.784
2021-01-25,12.776
2021-01-26,12.76
2021-01-27,12.756
2021-01-28,12.75
2021-01-29,12.74
2021-01-30,12.726
2021-01-31,12.72
2021-02-01,12.702
2021-02-02,12.674
2021-02-03,12.656
2021-02-04,12.636
2021-02-05,12.604
2021-02-06,12.586
2021-02-07,12.566
2021-02-08,12.552
2021-02-09,12.52
2021-02-10,12.48
2021-02-11,12.466
2021-02-12,12.446
2021-02-13,12.432
2021-02-14,12.408
2021-02-15,12.39
2021-02-16,12.378
2021-02-17,12.36
2021-02-18,12.346
2021-02-19,12.33
2021-02-20,12.32
2021-02-21,12.31
2021-02-22,12.3
2021-02-23,12.284
2021-02-24,12.266
2021-02-25,12.25
2021-02-26,12.25
2021-02-27,12.25
2021-02-28,12.24
2021-03-01,12.24
2021-03-02,12.226
2021-03-03,12.22
2021-03-04,12.21
2021-03-05,12.212
2021-03-06,12.22
2021-03-07,12.248
2021-03-08,12.27
2021-03-09,12.292
2021-03-10,12.318
2021-03-11,12.366
2021-03-12,12.408
2021-03-13,12.472
2021-03-14,12.49
2021-03-15,12.462
2021-03-16,12.44
2021-03-17,12.432
2021-03-18,12.466
2021-03-19,12.47
2021-03-20,12.442
2021-03-21,12.42
2021-03-22,12.42
2021-03-23,12.424
2021-03-24,12.448
2021-03-25,12.47
2021-03-26,12.444
2021-03-27,12.43
2021-03-28,12.43
2021-03-29,12.44
2021-03-30,12.456
2021-03-31,12.502
2021-04-01,12.544
2021-04-02,12.56
2021-04-03,12.55
2021-04-04,12.54
2021-04-05,12.566
2021-04-06,12.592
2021-04-07,12.61
2021-04-08,12.62
2021-04-09,12.666
2021-04-10,12.766
2021-04-11,12.88
2021-04-12,12.96
2021-04-13,12.96
2021-04-14,12.912
2021-04-15,12.886
2021-04-16,12.838
2021-04-17,12.826
2021-04-18,12.872
2021-04-19,13.042
2021-04-20,13.314
2021-04-21,13.436
2021-04-22,13.472
2021-04-23,13.42
2021-04-24,13.368
2021-04-25,13.33
2021-04-26,13.322
2021-04-27,13.33
2021-04-28,13.348
2021-04-29,13.426
2021-04-30,13.454
2021-05-01,13.488
2021-05-02,13.5
2021-05-03,13.5
2021-05-04,13.482
2021-05-05,13.46
2021-05-06,13.45
2021-05-07,13.45
2021-05-08,13.5
2021-05-09,13.548
2021-05-10,13.562
2021-05-11,13.61
2021-05-12,13.64
2021-05-13,13.694
2021-05-14,13.774
2021-05-15,14.0775
2021-05-16,14.08
2021-05-17,14.154
2021-05-18,14.244
2021-05-19,14.26
2021-05-20,14.3
2021-05-21,14.542
2021-05-22,14.772
2021-05-23,14.848
2021-05-24,14.816
2021-05-25,14.948
2021-05-26,15.692
2021-05-27,16.116
2021-05-28,16.2
2021-05-29,16.19
2021-05-30,16.258
2021-05-31,16.208
2021-06-01,16.116
2021-06-02,16.16
2021-06-03,16.288
2021-06-04,16.252
2021-06-05,16.2
2021-06-06,16.202
2021-06-07,16.32
2021-06-08,16.566
2021-06-09,16.908
2021-06-10,17.224
2021-06-11,17.312
2021-06-12,17.246
2021-06-13,17.236
2021-06-14,17.346
2021-06-15,17.366
2021-06-16,17.198
2021-06-17,17.008
2021-06-18,16.994
2021-06-19,16.992
2021-06-20,17.084
2021-06-21,17.126
2021-06-22,17.188
2021-06-23,17.178
2021-06-24,17.052
2021-06-25,17.032
2021-06-26,17.078
2021-06-27,17.114
2021-06-28,17.2
2021-06-29,17.328
2021-06-30,17.686
2021-07-01,18.116
2021-07-02,18.274
2021-07-03,18.244
2021-07-04,18.448
2021-07-05,18.796
2021-07-06,18.884
2021-07-07,18.89
2021-07-08,18.868
2021-07-09,18.85
2021-07-10,18.844
2021-07-11,18.71
2021-07-12,18.508
2021-07-13,18.446
2021-07-14,18.354
2021-07-15,18.28
2021-07-16,18.376
2021-07-17,18.496
2021-07-18,18.61
2021-07-19,18.544
2021-07-20,18.502
2021-07-21,18.332
2021-07-22,18.268
2021-07-23,18.174
2021-07-24,18.068
2021-07-25,17.924
2021-07-26,17.746
2021-07-27,17.594
2021-07-28,17.458
2021-07-29,17.428
2021-07-30,17.41
2021-07-31,17.434
2021-08-01,17.472
2021-08-02,17.602
2021-08-03,17.576
2021-08-04,17.626
2021-08-05,17.738
2021-08-06,17.77
2021-08-07,17.73
2021-08-08,17.7
2021-08-09,17.422
2021-08-10,17.304
2021-08-11,17.272
2021-08-12,17.108
2021-08-13,17.158
2021-08-14,17.38
2021-08-15,17.602
2021-08-16,17.99
2021-08-17,18.21
2021-08-18,18.4
2021-08-19,18.65
2021-08-20,18.82
2021-08-21,19.0
2021-08-22,19.036
2021-08-23,19.032
2021-08-24,18.996
2021-08-25,19.104
2021-08-26,19.284
2021-08-27,19.384
2021-08-28,19.544
2021-08-29,19.62
2021-08-30,19.654
2021-08-31,19.814
2021-09-01,19.948
2021-09-02,20.104
2021-09-03,20.13
2021-09-04,20.064
2021-09-05,19.794
2021-09-06,19.44
2021-09-07,19.122
2021-09-08,18.922
2021-09-09,18.81
2021-09-10,18.618
2021-09-11,18.49
2021-09-12,18.398
2021-09-13,18.304
2021-09-14,18.188
2021-09-15,18.04
2021-09-16,17.866
2021-09-17,17.706
2021-09-18,17.574
2021-09-19,17.436
2021-09-20,17.406
2021-09-21,17.354
2021-09-22,17.266
2021-09-23,17.162
2021-09-24,17.136
2021-09-25,17.082
2021-09-26,16.87
2021-09-27,16.716
2021-09-28,16.542
2021-09-29,16.434
2021-09-30,16.36
2021-10-01,16.328
2021-10-02,16.264
2021-10-03,16.2
2021-10-04,16.27
2021-10-05,16.602
2021-10-06,16.632
2021-10-07,16.514
2021-10-08,16.386
2021-10-09,16.35
2021-10-10,16.336
2021-10-11,16.328
2021-10-12,16.23
2021-10-13,16.08
2021-10-14,15.928
2021-10-15,15.764
2021-10-16,15.63
2021-10-17,15.508
2021-10-18,15.392
2021-10-19,15.29
2021-10-20,15.322
2021-10-21,16.422
2021-10-22,16.64
2021-10-23,16.196
2021-10-24,15.904
2021-10-25,15.812
2021-10-26,15.912
2021-10-27,16.23
2021-10-28,16.426
2021-10-29,16.308
2021-10-30,16.016
2021-10-31,15.76
2021-11-01,15.552
2021-11-02,15.402
2021-11-03,15.24
2021-11-04,15.116
2021-11-05,15.0
2021-11-06,14.894
2021-11-07,14.786
2021-11-08,14.722
2021-11-09,14.638
2021-11-10,14.558
2021-11-11,14.48
2021-11-12,14.418
2021-11-13,14.372
2021-11-14,14.302
2021-11-15,14.244
2021-11-16,14.176
2021-11-17,14.154
2021-11-18,14.11
2021-11-19,14.066
2021-11-20,14.018
2021-11-21,13.984
2021-11-22,13.942
2021-11-23,13.89
2021-11-24,13.87
2021-11-25,13.842
2021-11-26,13.788
2021-11-27,13.762
2021-11-28,13.738
2021-11-29,13.716
2021-11-30,13.696
2021-12-01,13.666
2021-12-02,13.63
2021-12-03,13.602
2021-12-04,13.57
2021-12-05,13.54
2021-12-06,13.476
2021-12-07,13.438
2021-12-08,13.402
2021-12-09,13.376
2021-12-10,13.344
2021-12-11,13.322
2021-12-12,13.296
2021-12-13,13.274
2021-12-14,13.256
2021-12-15,13.236
2021-12-16,13.228
2021-12-17,13.22
2021-12-18,13.21
2021-12-19,13.182
2021-12-20,13.156
2021-12-21,13.136
2021-12-22,13.116
2021-12-23,13.0725
2021-12-24,13.02666667
2021-12-25,13.014
2021-12-26,12.996
2021-12-27,12.964
2021-12-28,12.932
2021-12-29,12.91
2021-12-30,12.896
2021-12-31,12.862
2022-01-01,12.846
2022-01-02,12.834
2022-01-03,12.824
2022-01-04,12.812
2022-01-05,12.79
2022-01-06,12.776
2022-01-07,12.764
2022-01-08,12.736
2022-01-09,12.714
2022-01-10,12.706
2022-01-11,12.686
2022-01-12,12.674
2022-01-13,12.67
2022-01-14,12.66
2022-01-15,12.646
2022-01-16,12.624
2022-01-17,12.612
2022-01-18,12.575
2022-01-19,12.57
2022-01-20,12.566
2022-01-21,12.56
2022-01-22,12.55
2022-01-23,12.55
2022-01-24,12.55
2022-01-25,12.54
2022-01-26,12.522
2022-01-27,12.486
2022-01-28,12.448
2022-01-29,12.436
2022-01-30,12.412
2022-01-31,12.386
2022-02-01,11.85
2022-02-02,11.85
2022-02-03,11.84
2022-02-04,11.848
2022-02-05,11.92
2022-02-06,11.898
2022-02-07,11.9
2022-02-08,11.94
2022-02-09,11.95
2022-02-10,11.934
2022-02-11,11.92
2022-02-12,11.91
2022-02-13,11.91
2022-02-14,11.91
2022-02-15,11.9
2022-02-16,11.89
2022-02-17,11.864
2022-02-18,11.846
2022-02-19,11.812
2022-02-20,11.79
2022-02-21,11.776
2022-02-22,11.77
2022-02-23,11.766
2022-02-24,11.76
2022-02-25,11.734
2022-02-26,11.724
2022-02-27,11.72
2022-02-28,11.716
2022-03-01,11.71
2022-03-02,11.71
2022-03-03,11.71
2022-03-04,11.71
2022-03-05,11.7
2022-03-06,11.69666667
2022-03-07,11.682
2022-03-08,11.68
2022-03-09,11.68
2022-03-10,11.694
2022-03-11,11.716
2022-03-12,11.73
2022-03-13,11.746
2022-03-14,11.75
2022-03-15,11.75
2022-03-16,11.76
2022-03-17,11.77
2022-03-18,11.786
2022-03-19,11.818
2022-03-20,11.854
2022-03-21,11.878
2022-03-22,11.932
2022-03-23,12.01
2022-03-24,12.058
2022-03-25,12.112
2022-03-26,12.154
2022-03-27,12.174
2022-03-28,12.254
2022-03-29,12.378
2022-03-30,12.588
2022-03-31,12.718
2022-04-01,12.842
2022-04-02,12.912
2022-04-03,13.06
2022-04-04,13.166
2022-04-05,13.25
2022-04-06,13.376
2022-04-07,13.82
2022-04-08,14.476
2022-04-09,15.14
2022-04-10,15.352
2022-04-11,15.462
2022-04-12,15.376
2022-04-13,15.206
2022-04-14,15.02
2022-04-15,14.872
2022-04-16,14.704
2022-04-17,14.616
2022-04-18,14.576
2022-04-19,14.544
2022-04-20,14.846
2022-04-21,15.486
2022-04-22,15.884
2022-04-23,15.914
2022-04-24,15.638
2022-04-25,15.326
2022-04-26,15.112
2022-04-27,14.936
2022-04-28,14.72
2022-04-29,14.69
2022-04-30,14.85
2022-05-01,15.126
2022-05-02,15.264
2022-05-03,15.174
2022-05-04,14.998
2022-05-05,14.884
2022-05-06,14.7
2022-05-07,14.66
2022-05-08,14.51
2022-05-09,14.45
2022-05-10,14.474
2022-05-11,14.524
2022-05-12,14.476
2022-05-13,14.414
2022-05-14,14.588
2022-05-15,14.738
2022-05-16,14.996
2022-05-17,15.518
2022-05-18,16.142
2022-05-19,17.07
2022-05-20,17.546
2022-05-21,17.75
2022-05-22,17.836
2022-05-23,17.92
2022-05-24,17.882
2022-05-25,17.578
2022-05-26,17.168
2022-05-27,16.846
2022-05-28,16.584
2022-05-29,16.422
2022-05-30,16.278
2022-05-31,16.16
2022-06-01,16.114
2022-06-02,16.142
2022-06-03,16.184
2022-06-04,16.16
2022-06-05,16.188
2022-06-06,16.392
2022-06-07,16.636
2022-06-08,16.642
2022-06-09,16.728
2022-06-10,16.888
2022-06-11,17.078
2022-06-12,17.166
2022-06-13,17.364
2022-06-14,17.684
2022-06-15,17.944
2022-06-16,18.38
2022-06-17,18.938
2022-06-18,19.198
2022-06-19,19.316
2022-06-20,19.528
2022-06-21,19.61
2022-06-22,19.62
2022-06-23,19.474
2022-06-24,19.144
2022-06-25,18.786
2022-06-26,18.44
2022-06-27,18.166
2022-06-28,18.052
2022-06-29,18.14
2022-06-30,18.436
2022-07-01,18.55
2022-07-02,18.574
2022-07-03,18.69
2022-07-04,18.676
2022-07-05,18.528
2022-07-06,18.27
2022-07-07,18.036
2022-07-08,17.816
2022-07-09,17.618
2022-07-10,17.478
2022-07-11,17.35
2022-07-12,17.226
2022-07-13,17.096
2022-07-14,17.01
2022-07-15,16.91
2022-07-16,16.79
2022-07-17,16.758
2022-07-18,16.662
2022-07-19,16.538
2022-07-20,16.442
2022-07-21,16.374
2022-07-22,16.386
2022-07-23,16.46
2022-07-24,16.786
2022-07-25,17.056
2022-07-26,17.192
2022-07-27,17.314
2022-07-28,17.398
2022-07-29,17.398
2022-07-30,17.284
2022-07-31,17.338
2022-08-01,17.434
2022-08-02,17.65
2022-08-03,18.064
2022-08-04,18.092
2022-08-05,17.984
2022-08-06,17.848
2022-08-07,17.698
2022-08-08,17.6
2022-08-09,17.418
2022-08-10,17.264
2022-08-11,17.106
2022-08-12,17.006
2022-08-13,16.878
2022-08-14,16.77
2022-08-15,16.668
2022-08-16,16.712
2022-08-17,16.658
2022-08-18,16.516
2022-08-19,16.42
2022-08-20,16.332
2022-08-21,16.322
2022-08-22,16.35
2022-08-23,16.248
2022-08-24,16.208
2022-08-25,16.138
2022-08-26,16.12
2022-08-27,16.098
2022-08-28,16.01
2022-08-29,15.962
2022-08-30,16.106
2022-08-31,16.37
2022-09-01,16.516
2022-09-02,16.648
2022-09-03,17.076
2022-09-04,17.13
2022-09-05,17.138
2022-09-06,17.266
2022-09-07,17.334
2022-09-08,17.636
2022-09-09,18.004
2022-09-10,18.208
2022-09-11,18.258
2022-09-12,18.212
2022-09-13,18.114
2022-09-14,17.99
2022-09-15,17.772
2022-09-16,17.506
2022-09-17,17.264
2022-09-18,17.058
2022-09-19,17.016
2022-09-20,16.88
2022-09-21,16.764
2022-09-22,16.694
2022-09-23,16.658
2022-09-24,16.602
2022-09-25,16.626
2022-09-26,16.792
2022-09-27,16.932
2022-09-28,17.128
2022-09-29,17.354
2022-09-30,17.52
2022-10-01,17.576
2022-10-02,17.494
2022-10-03,17.418
2022-10-04,17.254
2022-10-05,17.074
2022-10-06,16.866
2022-10-07,16.76
2022-10-08,16.67
2022-10-09,16.592
2022-10-10,16.614
2022-10-11,16.874
2022-10-12,17.336
2022-10-13,17.73
2022-10-14,18.05
2022-10-15,18.17
2022-10-16,18.232
2022-10-17,18.26
2022-10-18,18.19
2022-10-19,17.908
2022-10-20,17.684
2022-10-21,17.35
2022-10-22,17.0
2022-10-23,16.692
2022-10-24,16.408
2022-10-25,16.18
2022-10-26,15.986
2022-10-27,15.944
2022-10-28,15.966
2022-10-29,15.972
2022-10-30,16.044
2022-10-31,16.252
2022-11-01,16.328
2022-11-02,16.194
2022-11-03,15.97
2022-11-04,15.696
2022-11-05,15.896
2022-11-06,15.324
2022-11-07,15.184
2022-11-08,15.056
2022-11-09,14.94
2022-11-10,14.822
2022-11-11,14.72
2022-11-12,14.648
2022-11-13,14.556
2022-11-14,14.498
2022-11-15,14.41
2022-11-16,14.342
2022-11-17,14.278
2022-11-18,14.204
2022-11-19,14.172
2022-11-20,14.106
2022-11-21,14.05
2022-11-22,13.946
2022-11-23,13.916
2022-11-24,13.882
2022-11-25,13.806
2022-11-26,13.778
2022-11-27,13.714
2022-11-28,13.684
2022-11-29,13.626
2022-11-30,13.592
2022-12-01,13.528
2022-12-02,13.482
2022-12-03,13.462
2022-12-04,13.418
2022-12-05,13.388
2022-12-06,13.3475
2022-12-07,13.30333333
2022-12-08,13.252
2022-12-09,13.212
2022-12-10,13.196
2022-12-11,13.166
2022-12-12,13.142
2022-12-13,13.09
2022-12-14,13.05666667
2022-12-15,13.04
2022-12-16,13.026
2022-12-17,13.002
2022-12-18,12.974
2022-12-19,12.942
2022-12-20,12.912
2022-12-21,12.88
2022-12-22,12.856
2022-12-23,12.824
2022-12-24,12.796
2022-12-25,12.78
2022-12-26,12.74
2022-12-27,12.7
2022-12-28,12.652
2022-12-29,12.616
2022-12-30,12.582
2022-12-31,12.546
2026-09-30,12.546
2026-10-01,12.546
2026-10-06,12.546
