Date,TH
02/07/2016,-17.168997
02/17/2016,-18.672253
03/02/2016,-16.066309
03/12/2016,-16.647236
04/05/2016,-15.129828
04/19/2016,-15.185736
04/29/2016,-15.041311
05/13/2016,-14.560279
05/23/2016,-17.697989
06/30/2016,-14.134881
07/24/2016,-14.097707
08/17/2016,-12.525839
08/27/2016,-16.868074
09/10/2016,-15.443393
10/04/2016,-16.02164
10/14/2016,-17.574007
10/28/2016,-15.729182
11/21/2016,-16.411636
12/15/2016,-15.85654
12/25/2016,-18.370895
01/08/2017,-16.373198
01/18/2017,-17.764334
02/01/2017,-15.834558
02/11/2017,-18.371675
02/23/2017,-15.938606
02/25/2017,-16.278994
03/07/2017,-17.698524
03/09/2017,-15.960698
03/19/2017,-15.429134
03/21/2017,-15.787726
04/02/2017,-14.5949955
04/14/2017,-15.401738
04/24/2017,-13.489611
04/26/2017,-14.602298
05/06/2017,-14.13426
05/08/2017,-14.900261
05/18/2017,-13.9796
05/20/2017,-14.225024
05/30/2017,-14.108447
06/01/2017,-14.165941
06/11/2017,-14.254704
06/23/2017,-16.743185
07/05/2017,-13.685439
07/17/2017,-13.469845
07/29/2017,-16.461792
07/31/2017,-14.365931
08/10/2017,-13.182467
08/12/2017,-14.967299
08/22/2017,-17.110754
08/24/2017,-14.79915
09/03/2017,-14.067008
09/05/2017,-13.960082
09/15/2017,-17.300022
09/17/2017,-13.807754
09/27/2017,-14.07186
09/29/2017,-14.740778
10/09/2017,-13.505731
10/11/2017,-16.336817
10/21/2017,-12.055227
10/23/2017,-14.589689
11/02/2017,-17.657387
11/04/2017,-15.413326
11/14/2017,-17.366835
11/16/2017,-15.860285
11/26/2017,-17.919998
11/28/2017,-16.554094
12/08/2017,-18.061516
12/10/2017,-14.570378
12/20/2017,-16.655882
12/22/2017,-17.066082
01/01/2018,-16.74203
01/03/2018,-14.892695
01/13/2018,-18.008215
01/15/2018,-16.30352
01/25/2018,-17.474304
01/27/2018,-16.60113
02/06/2018,-18.059135
02/08/2018,-16.932291
02/18/2018,-17.697021
02/20/2018,-17.376469
03/02/2018,-18.243757
03/04/2018,-15.60839
03/14/2018,-19.11582
03/16/2018,-15.399878
03/26/2018,-15.432974
03/28/2018,-15.922261
04/07/2018,-16.149813
04/09/2018,-17.950958
04/19/2018,-13.998603
04/21/2018,-15.170985
05/01/2018,-13.100889
05/03/2018,-14.891009
05/13/2018,-13.293128
05/15/2018,-14.486751
05/25/2018,-13.398257
05/27/2018,-14.610561
06/06/2018,-14.214955
06/08/2018,-15.802249
06/18/2018,-13.822439
06/30/2018,-14.285691
07/12/2018,-13.742651
07/14/2018,-14.3587265
07/24/2018,-14.004676
07/26/2018,-14.237205
08/05/2018,-14.803179
08/07/2018,-13.886834
08/17/2018,-18.125778
08/19/2018,-15.008513
08/29/2018,-13.687501
09/10/2018,-15.332734
09/12/2018,-14.801417
09/22/2018,-17.752886
09/24/2018,-14.854563
10/04/2018,-17.028484
10/06/2018,-17.233965
10/16/2018,-18.363081
10/18/2018,-14.775488
10/28/2018,-13.643931
10/30/2018,-16.746983
11/09/2018,-18.994774
11/11/2018,-15.891026
11/21/2018,-18.927166
11/23/2018,-17.183083
12/03/2018,-17.012842
12/15/2018,-18.533112
12/17/2018,-15.251314
12/27/2018,-14.719147
12/29/2018,-14.729094
01/08/2019,-19.05963
01/10/2019,-15.509729
01/20/2019,-18.308865
01/22/2019,-17.714386
02/01/2019,-19.349876
02/03/2019,-17.936007
02/13/2019,-19.31532
02/15/2019,-15.267078
02/25/2019,-15.19596
02/27/2019,-15.800095
03/09/2019,-16.356173
03/11/2019,-16.737808
03/21/2019,-18.965637
03/23/2019,-17.94281
04/02/2019,-13.286837
04/04/2019,-15.398243
04/16/2019,-16.394089
04/26/2019,-19.352125
04/28/2019,-15.029259
05/08/2019,-14.924617
05/10/2019,-14.827383
05/20/2019,-13.801458
06/01/2019,-13.006435
06/03/2019,-15.842392
06/13/2019,-17.526382
06/15/2019,-13.577423
06/25/2019,-14.916121
06/27/2019,-14.461723
07/09/2019,-14.355063
07/21/2019,-14.101249
07/25/2019,-15.226597
07/31/2019,-13.568964
08/02/2019,-13.715288
08/12/2019,-13.819722
08/24/2019,-12.749801
08/26/2019,-14.490115
09/05/2019,-13.681433
09/07/2019,-13.923717
09/19/2019,-16.903112
09/29/2019,-14.618217
10/01/2019,-15.475869
10/11/2019,-17.30755
10/13/2019,-15.199428
10/23/2019,-18.500612
10/25/2019,-15.622938
11/04/2019,-18.414244
11/06/2019,-16.067036
11/16/2019,-18.121714
11/18/2019,-16.621273
11/28/2019,-18.890133
11/30/2019,-17.192242
12/10/2019,-17.107935
12/12/2019,-16.903582
12/22/2019,-17.717125
12/24/2019,-16.92515
01/03/2020,-16.193253
01/05/2020,-16.363018
01/15/2020,-18.452198
01/17/2020,-16.978313
01/27/2020,-16.265894
01/29/2020,-17.265266
02/08/2020,-16.956625
02/10/2020,-16.918673
02/20/2020,-19.252947
02/22/2020,-16.550098
03/03/2020,-17.915924
03/05/2020,-16.61276
03/15/2020,-18.185389
03/17/2020,-16.431162
03/27/2020,-19.115728
03/29/2020,-16.634796
04/08/2020,-14.741502
04/10/2020,-18.31584
04/20/2020,-14.392532
04/22/2020,-15.1298275
05/04/2020,-15.575575
05/14/2020,-17.409695
05/16/2020,-13.586981
05/22/2020,-16.191877
05/26/2020,-12.889779
05/28/2020,-14.475726
06/07/2020,-16.265884
06/09/2020,-15.072151
06/19/2020,-13.170383
06/21/2020,-13.725662
07/01/2020,-14.291265
07/03/2020,-15.312177
07/13/2020,-14.152639
07/15/2020,-14.885435
07/19/2020,-14.19771
07/21/2020,-15.39465
07/25/2020,-16.95355
07/27/2020,-16.546902
08/06/2020,-13.255417
08/08/2020,-14.412
08/18/2020,-12.75172
08/20/2020,-12.985104
08/30/2020,-15.380358
09/01/2020,-14.813495
09/11/2020,-12.657463
09/13/2020,-14.98583
09/23/2020,-13.1406355
09/25/2020,-14.139867
10/05/2020,-14.357574
10/07/2020,-16.640455
10/17/2020,-17.907887
10/19/2020,-15.924511
10/29/2020,-17.69989
10/31/2020,-14.977914
11/10/2020,-18.085602
11/12/2020,-15.095828
11/22/2020,-14.856247
11/24/2020,-15.2016115
12/04/2020,-18.886316
12/06/2020,-17.155094
12/16/2020,-18.858772
12/18/2020,-15.783562
12/28/2020,-16.05199
12/30/2020,-15.931544
01/09/2021,-18.905458
01/11/2021,-15.748506
01/21/2021,-17.751507
01/23/2021,-16.393589
02/02/2021,-17.77736
02/04/2021,-16.981434
02/14/2021,-18.811026
02/16/2021,-17.468668
02/26/2021,-18.622452
02/28/2021,-16.207453
03/10/2021,-18.14286
03/12/2021,-17.169235
03/22/2021,-19.19208
03/24/2021,-16.665897
04/03/2021,-17.835636
04/05/2021,-16.935596
04/15/2021,-15.054693
04/17/2021,-15.849032
04/27/2021,-15.883359
04/29/2021,-16.744614
05/09/2021,-13.155261
05/11/2021,-15.884574
05/21/2021,-17.183512
05/23/2021,-16.42993
06/02/2021,-14.656434
06/04/2021,-14.684951
06/14/2021,-13.192289
06/16/2021,-13.445505
06/26/2021,-14.203649
06/28/2021,-12.9416
07/08/2021,-14.167687
07/10/2021,-15.133494
07/20/2021,-13.440159
07/22/2021,-13.968188
08/01/2021,-14.148703
08/03/2021,-15.668564
08/13/2021,-12.883457
08/15/2021,-14.390619
08/25/2021,-13.627411
08/27/2021,-14.301046
09/06/2021,-17.339262
09/08/2021,-16.21758
09/18/2021,-13.517317
09/20/2021,-14.910463
09/30/2021,-16.425516
10/02/2021,-15.091469
10/12/2021,-17.566334
10/14/2021,-15.317936
10/24/2021,-18.53642
10/26/2021,-17.095583
11/05/2021,-17.766075
11/07/2021,-15.441081
11/17/2021,-18.751547
11/19/2021,-17.830452
11/29/2021,-19.032778
12/01/2021,-17.75299
12/11/2021,-18.793701
12/13/2021,-15.17947
12/23/2021,-18.511944
12/25/2021,-17.613516
01/04/2022,-19.078188
01/06/2022,-16.16574
01/16/2022,-15.10322
01/18/2022,-14.838031
01/28/2022,-16.556921
01/30/2022,-17.559141
02/09/2022,-17.048717
02/11/2022,-16.187315
02/21/2022,-18.56864
02/23/2022,-17.343975
03/05/2022,-18.701464
03/07/2022,-16.379515
03/17/2022,-18.875315
03/19/2022,-16.509819
03/29/2022,-13.756834
03/31/2022,-15.170073
04/10/2022,-19.02226
04/12/2022,-16.334972
04/22/2022,-13.813425
05/04/2022,-17.564894
05/06/2022,-16.158472
05/16/2022,-14.554853
05/18/2022,-14.284474
05/28/2022,-16.729586
05/30/2022,-14.978982
06/09/2022,-12.876615
06/11/2022,-14.011554
06/21/2022,-14.232571
06/23/2022,-14.282139
07/03/2022,-15.374866
07/05/2022,-13.564455
07/15/2022,-13.382565
07/17/2022,-14.406763
07/27/2022,-14.336435
07/29/2022,-15.260071
08/08/2022,-12.573928
08/10/2022,-12.917514
08/22/2022,-13.62376
09/01/2022,-15.7056265
09/03/2022,-14.80426
09/13/2022,-13.2462635
09/15/2022,-15.089458
09/25/2022,-17.73736
09/27/2022,-16.438005
10/07/2022,-16.938679
10/09/2022,-15.2993355
10/19/2022,-17.56452
10/21/2022,-14.7028265
10/31/2022,-17.826763
11/02/2022,-15.758364
11/12/2022,-17.184511
11/14/2022,-15.572306
11/24/2022,-18.74531
11/26/2022,-17.50506
12/06/2022,-17.40537
12/08/2022,-15.48283
12/18/2022,-18.506733
12/30/2022,-17.324705
